Success (132):
content 35592 _a-0000ee8d-fa8b-8000-9bbb-011c48011c48_398147 "NTP_consultaMarcaDesmarcaItgy_Desmarca_Integrity"
content 34570 d9bd4730-1c26-4dc6-92ad-7691d872319c "NCI_OPER_exportUnmarkedAccounts"
content 33853 _a-0000ee6c-cc70-8000-9bb5-011c48011c48_356441 "NTP_Obtener_Reporte_Wrapper_Cifras_Control"
content 33854 84d294e3-5f87-4e77-a52e-3a8dbdb43460 "NCI_OPER_ConsultaDiaHabilSiguiente"
content 33855 a5c10979-157b-4091-ac9f-38d163330d7a "NCI_MONIT_POST_GenerarReporteIndicadoresDispersiones"
content 33857 fd6ee687-4e71-4cac-99c3-15d9332fbcab "NCI_OPER_getTotalUnmarkedAccounts"
content 33858 e3f07529-ce55-453d-a9a4-02687af0f41e "NCI_OPER_OperationalFilesIntegration"
content 33859 ed8ca299-ef6e-461e-b5d4-81301308d41a "NCI_OPER_getDetailSiefores"
content 33860 723a5f38-72de-48e5-84bd-00ddbbcec310 "NCI_OPER_FolioUpdate"
content 33861 cb318f01-05ac-4753-ad28-49fb4039f38f "NCI_OPER_ActualizarAchivo"
content 33862 _a-0000ef47-4270-8000-9bc5-011c48011c48_544300 "NCI_OPER_getPrecifrasSumOrdenadasIssste"
content 33863 2fb52d7c-cee1-486b-b98d-ad429378a315 "ND_postDictaminarCliente"
content 33864 626f39d0-e528-4bf9-a7b8-429f64e12cf9 "NCI_OPER_TotalPreCifras_Sumarizadas_ISSSTE"
content 33865 1aca073e-8baa-4e9f-8278-273f3272a1cc "NCI_OPER_ExportCuentasDesmarcadas"
content 33866 a85c60d3-bf5b-453f-bdfd-b2e0a2bd6e50 "NCI_OPER_PrecifrasSumarizadas_ISSSTE"
content 33867 16ebe18e-b91d-4fb6-a532-9a9c999fb8d8 "NCI_OPER_PrecifrasReporteExcel_ISSSTE"
content 33870 37f8749d-fb4f-4e7e-9188-71c811c6dc9c "NCI_OPER_SubstagesStart"
content 33871 24ebb507-67a1-4c24-953d-43a72cc03fba "NCI_OPER_PrecifrasSumarizadasVivienda_ISSSTE"
content 33873 d9b4a08c-c580-4422-b7e6-88bc29227ddc "NTP_resultadosTotMarcaItgy_Desmarca_Integrity"
content 33874 9c29dcf1-3748-4d6d-baa5-630556e2988d "NCI_MONIT_Generar_reporte_cifras_control_historicas_Traspasos"
content 33875 7756579d-39fd-455c-9068-0f7e07d2a6f9 "NCI_OPER_Generar_Reporte_TraspasosCC"
content 33876 b6a3d35c-311a-435f-9c56-d1ff9dbf9aa5 "NCI_MONIT_Generar_reporte_cifras_control_historicas"
content 33877 8748155c-78e8-4179-abb8-b4572fd936f1 "NCI_OPER_ReporteGenerarMovimientos"
content 33878 8955462e-4b57-4ed5-97bb-6071697e667d "NCI_OPER_PrecifrasReporteExcel"
content 33879 7f7e0e81-0213-4391-ab5e-b8154b07cffc "NCI_OPER_getErrorFile"
content 33880 31f86747-7284-4c70-9c75-308855a6b69c "NCI_OPER_FilesDownload_Base64"
content 33881 5b678b0d-7309-4442-8139-1217223d483c "NCI_OPER_postReporteSaldoAlDia"
content 33882 8d2d9d6c-86d5-47cf-9c3d-798fc0f8364a "NCI_OPER_getCCHTraspasos"
content 33883 b440f176-84c0-43fe-b771-02405146c4e4 "NCI_OPER_integrationCostumersCurrentBalance"
content 33884 d11c2f28-bd81-4303-8c34-280db2a08645 "NCI_INT_getDetailMovementsTotal"
content 33885 _a-0000eeff-85fb-8000-9bc1-011c48011c48_472712 "NCI_INT_getDetailMovementsTotalAcredita"
content 33886 c6084d00-1e54-4803-8017-68208c234b37 "NCI_OPER_NotificacionMatrizConvivencia"
content 33887 db37850c-4c51-4ee3-9a12-95f3860e063c "NCI_OPER_CatalogsIntegration"
content 33888 0302c096-2809-4abc-9a56-1a4246c9ddab "NCI_OPER_ConsultaCoincidencias"
content 33889 _a-0000eeb4-c217-8000-9bbf-011c48011c48_441838 "NCI_getMovimientosPreviosTraspasos"
content 33890 fc02f088-b00f-4899-91ce-a92aa2d523ae "NCI_OPER_CifrasValidacion"
content 33891 94d4d22b-a866-453e-a452-ea150d3a81d5 "ND_getCifrasArchivoRespuesta"
content 33892 b65f79d0-3e9e-436f-9194-d989d10e7e86 "ND_getDetalleCteDictaminar"
content 33893 b6118231-e20d-4b2c-b89c-e50499d9fdef "ND_getClientesADictaminar"
content 33894 55a038bf-abcb-42a9-99f2-8d87410656c5 "NCI_INT_getMovementsTotals"
content 33895 62b97f43-9437-42e7-a0fb-1060c24f8a6d "NCI_INT_getResTotConvivencia_TR"
content 33896 13c5e660-a6c7-40f1-aaf3-292f71945cf3 "NCI_getApigeeToken"
content 33897 _a-0000ed69-baa7-8000-9bad-011c48011c48_274532 "NR_Configuracion_Diferencias_Maximas_Send"
content 33898 25fefa42-981a-460f-97ae-630a9b31b763 "NR_Actualizacion_Estatus_Updatestatus"
content 33899 4a1b1732-373a-4798-a413-7f12f6e98bc0 "NR_Configuracion_diferencias_maximas_catID"
content 33900 521b061f-5570-4979-83f1-41914d5ed16f "NR_ActualizacionEstatus_ConsultaNSS"
content 33901 2d46bb77-81e2-44c3-89e3-f836cd7a3f29 "NR_Configuracion_Diferencias_Maximas_Historial"
content 33902 _a-0000ec60-cceb-8000-9ba6-011c48011c48_69620 "NCI_OPER_Notificacion"
content 33903 _a-0000ee45-8509-8000-9bb1-011c48011c48_331701 "NCI_OPER_Reporte_Cifras_Control_IS"
content 33904 _a-0000ede3-bd80-8000-9baf-011c48011c48_323302 "NCI_OPER_CC_Consulta_Vivienda_Detalle_Totales_Cifras_Control"
content 33905 5a0e3917-c679-4238-b9f8-16d9aa949859 "NCI_OPER_CC_Consulta_Vivienda_Detalle_Cifras_Control"
content 33906 e51266c3-ca10-48ca-9f29-28a803743a9c "NTP_ReporteCognos"
content 33907 302b1217-09ab-4f75-95dc-c3fc65d540a3 "NTP_ConsultaDiaHabil"
content 33909 50c6276e-b006-4fbf-94a5-c0458eea9980 "NTP_TraspasosConsultaCuentasNoConvive"
content 33910 _a-0000eea9-b7c8-8000-9bbd-011c48011c48_403071 "NTP_ConsultaArchivoRechazo"
content 33911 59584ec0-98a9-4f5e-b0d3-dab51676c085 "NTP_ConsultaViviendaResumenTotales"
content 33912 af8ecc75-64e3-4ee3-a998-b84a24500447 "NTP_buscarCoincidencias"
content 33913 c965ae0b-8fa5-4f18-8522-61bd67e3a11a "NTP_ConsultaCifrasArchivoResp"
content 33914 29f55ffc-7b36-4615-ba18-a02f350d9f66 "NTP_SendEventArch"
content 33915 _a-0000eeb4-c217-8000-9bbf-011c48011c48_412505 "NCI_OPER_Consulta_Cifras_DPSJL"
content 33916 45fe7efa-0bf7-4ee2-b03a-cbd7c69c2286 "NCI_INT_getDiaHabilTR"
content 33917 f7ddaaab-168c-47f2-891c-40cc9b2399f8 "NCI_OPER_URL_DETAIL_INTEGRATION"
content 33918 86a55ad3-3f0c-4e22-a29c-c6bde815149f "NCI_OPER_IndentificacionClientes"
content 33919 82367313-aac7-4932-8c65-3f3ddf6ae6b5 "NCI_OPER_Insufficient_Balances_Exist"
content 33920 4e6680ab-d80e-4b2a-baea-61eee9cbc19a "NCI_MONIT_generar_reporteDoc"
content 33921 b9bae984-0588-45f4-b269-0c932e83ca5f "NCI_OPER_getEmailDistributionList"
content 33922 31123de0-30fd-4a86-96ee-6dc23df9b7da "NCI_OPER_GetAuditControlRecordsFile"
content 33923 11f1380f-0cc6-4af2-8733-485ac4ce6891 "NCI_MONIT_Marcar_todas_MarcasConvivencia"
content 33924 344e2611-09d1-4d86-b4aa-3351dad1ea69 "NCI_MONIT_ProcessLogs"
content 33925 1a05f799-cf19-4ce1-90d5-aaf772921e48 "NCI_OPER_getCuentasDesmarcadas"
content 33926 73b999b5-379a-4d7f-8d62-1796f120dce3 "NCI_OPER_BuscarCifrasControlHistorica"
content 33927 a1058566-53a4-4e42-bc7d-12b2e918b3ba "NCI_OPER_getCustomerInfoDetail"
content 33928 3a3a5ee7-8413-43cc-89d1-6680ff758f9f "NCI_OPER_CustomersProcessTracking"
content 33929 bf7e38ad-85ff-4372-a790-1d16c3e24ebf "NCI_OPER_getFamilySubaccounts"
content 33930 bbef43f4-e093-4e1c-b47b-ca32a0b205e8 "NCI_OPER_FolioGenerate"
content 33931 93747358-d471-4405-9d93-d1d09aab2223 "NCI_OPER_getMovimientosPrevRel"
content 33932 e81641c0-baf7-43e5-9936-b21405e5c1ba "NCI_OPER_getInsuficienciadeSaldos"
content 33933 cefdd441-7704-4c3d-b4df-0adfac239e9d "NCI_OPER_getMovimientosPrevios"
content 33934 f2e378a3-2278-4892-8c4a-611ff93ce898 "NCI_OPER_GetAportacionesCCbySiefore"
content 33935 13649d1b-36a8-4c34-96d6-a74f9be37d0c "NCI_OPER_cifrasControlVivienda"
content 33936 a354f02b-6f44-47c3-997b-55c4a1b0ca02 "NCI_OPER_getConsultaRegistrosTDF"
content 33937 078adbee-2126-42e7-848b-18bb494853ca "NCI_OPER_CifrasControlSumarizadas"
content 33938 d17557aa-b8d2-42f3-9386-a508cc87796e "NCI_OPER_ConsultaCuentasNoConvive"
content 33939 9d28ca13-a4f5-4fb5-96d6-6421cebb69c0 "NCI_OPER_getPrecifrasSumOrdenadas"
content 33940 54770868-24ee-4fa7-a3b9-e9b34ddfd584 "NCI_OPER_TotalPreCifras_Sumarizadas"
content 33941 a9318d03-0adc-40d8-91f2-b8dbea7e6ceb "NCI_OPER_PrecifrasSumarizadasVivienda"
content 33942 31ca7437-24a4-4704-bb4a-4a632162359c "NCI_OPER_PrecifrasSumarizadas"
content 33943 ff126c30-5e25-4539-a03c-703cbbebab64 "NCI_OPER_ClientesNoIdentificados"
content 33944 a56580ea-1660-411b-8055-73f37f3db0db "NCI_OPER_GetSaldoHistorial"
content 33945 a57e7b82-3a1f-470a-8562-9b3df8c27677 "NCI_OPER_getSaldoExcel"
content 33946 566fd7f2-2bd7-4aeb-8530-f2806604a16d "NCI_OPER_costumerExportarPdf"
content 33947 0f4d2e3a-e379-4dfe-8232-3cc3387d8b01 "NCI_OPER_costumerBalanceExcel"
content 33948 7b93160a-fdf7-4ea3-9212-bd651bdb6bf7 "NCI_OPER_ConsultaMarcasMConvivencia_Cuenta"
content 33949 e3dff3fb-c7eb-4abc-a44e-5e7c106892e9 "NCI_OPER_ConsultaMarcasMConvivencia_Folio"
content 33950 110ebbb4-6e51-4530-8c1c-0abc27b69416 "NCI_OPER_patchMarcaDesmarcaCuentas"
content 33951 e66fec7f-fc07-440f-8313-fc609adf0857 "NCI_OPER_getDispersionesReport"
content 33952 35a35d95-da3f-45be-a1a0-95d5a6491eec "NCI_OPER_postGeneraReporteDispersiones"
content 33953 d014992d-3a8d-42c9-8caf-8bc2c4b913a6 "NCI_OPER_CifrasControlHistoricaOrdinariasAclaraciones"
content 33954 02bdfb63-fe6d-4e7c-bbdf-d3cc129f5d7d "NCI_OPER_CifrasControlHistoricaSieforeOA"
content 33955 bbbeeea1-0185-4ad7-8150-6c3ce35dc00d "NCI_OPER_CifrasControlHistoricaTabTotales"
content 33956 0b1e37fb-d24f-4343-b648-6adf403e53d9 "NCI_OPER_CifrasControlHistoricaVivienda1"
content 33957 d55c7bff-c9b1-431a-af32-1f0e9072fb2c "NCI_OPER_CifrasControlHistoricaVivienda2"
content 33958 ceee69b0-913a-4c78-a870-17b4f88860d1 "NCI_OPER_CifrasValidacionServices"
content 33959 _a-0000eccb-293d-8000-9ba8-011c48011c48_108433 "NCI_OPER_ConsultaDiaHabilActual"
content 33960 d76627a8-e597-4ea3-a3cc-ffb193c19430 "NCI_OPER_ConvivenciaSubprocesMatrizC"
content 33961 d7a23fac-3c92-4f65-980a-d66ae5c67f1d "NCI_OPER_DetalleIndentificacionClientes"
content 33962 6bc980b7-65fa-4a9b-b3f5-b232adbadac2 "NCI_OPER_DetallesIndicadoresClientes"
content 33963 4ec6495a-3f95-46f9-aef8-8096b9ab6eeb "NCI_OPER_GetAuditControlRecords"
content 33964 ddd5b3e7-ec9f-4a1b-91fc-ab70e347ec39 "NCI_OPER_ConsultaFolioRelacionar"
content 33965 8902b85a-ac7b-4eeb-8ad7-a9aac7f04e81 "NCI_OPER_IndicadoresPorCliente"
content 33966 ba524138-f3e6-42e6-8820-c9ff6bd8be35 "NCI_OPER_TestAPIGEE"
content 33967 38d831d9-2f71-4bc8-87cc-a6107d0842b0 "NCI_OPER_Siefores"
content 33968 f2510639-abeb-4518-b4e0-f4ab21b538bb "NCI_OPER_SaveDataMatrizC"
content 33969 6a5065e8-45a0-4dbd-9b18-c409d3ff1fca "NCI_OPER_RegistrosNoIdentificados"
content 33970 a777ad2f-cef3-4845-b9e7-8da5ba00e514 "NCI_OPER_ProcessesTracking"
content 33971 5c11384e-d64e-4087-8b02-ecf918efa644 "NCI_OPER_postValorIndCtaVigente"
content 33972 _a-0000ec60-cceb-8000-9ba6-011c48011c48_69559 "NCI_OPER_NotificacionCifrasControl"
content 33973 8188bb1f-e976-4537-a834-b580b2e9cc77 "NCI_OPER_MatrizConvivenciaSearch"
content 33974 bc0e3fd9-6c31-4474-ac2a-444fc4a51aa4 "NCI_OPER_IS017ConsultaComentarios"
content 33975 db503266-b521-47be-a768-4eb81980fcfc "NCI_OPER_IS016_GuardaComentarios"
content 33976 aec3bc4a-47b7-42dc-859d-5e4353da8a97 "NCI_OPER_IntegrationValorAccion"
content 33977 fbb2da29-7966-47c8-8f4f-65c54e7362f5 "NCI_OPER_HistorialDetallesIClientes"
content 33978 28a00c9e-3f53-4558-a16e-48ceff3c9378 "NCI_OPER_HistorialIndicadoresPorCliente"
content 33979 ad73b6b2-f6e6-45ed-8871-2a3feab949c9 "NCI_OPER_GuardarBitacora"
content 33980 82cb14e4-2ff0-4a65-b1d2-0af5a50fbd7c "NCI_OPER_FolioSave"
content 33981 f534844e-45ec-4ef5-b8eb-b7ecf5b6d78f "NCI_OPER_getValorAccion"
content 33982 fac892ac-e520-4254-894c-f841fa2bd289 "NCI_OPER_getTotalCtasDesmarcadas"
content 33983 3d0eb4c1-9725-4444-a34c-c859607cf6cd "NCI_OPER_FoliosProcessTracking"
content 33984 18138778-194b-47e2-9899-da623fbbf353 "NCI_OPER_getListIndicators"
content 33985 84efaf7b-1c9a-4718-83ff-1798d6b284b5 "NCI_OPER_BitacoraPorProcesoGetHistorial"
content 33986 9149013e-1289-45ba-ad04-8e91bd07e21b "NCI_OPER_getBitacora"
content 34519 _a-0000ee60-29e2-8000-9bb3-011c48011c48_352888 "NTP_FolioUpdateInstancia"

Referenced precedents that were not exported (31):
datatype 4724 {urn:com:appian:types:PIMF}PIMF_FLUJO_SERVICIOS
group 41 be4b9914-4354-4d2b-a4fc-350171068d9d
group 40 020d39fe-2b12-4b99-96eb-1e9567ab19a7
content 9672 _a-0000eccb-293d-8000-9ba8-011c48011c48_169990
content 26173 _a-0000eeb4-c217-8000-9bbf-011c48011c48_430843
content 3291 _a-0000ec60-cceb-8000-9ba6-011c48011c48_53085
content 1660 _a-0000ec44-2ff4-8000-9ba5-011c48011c48_9877
content 26215 _a-0000eeb4-c217-8000-9bbf-011c48011c48_432215
content 26222 _a-0000eeb4-c217-8000-9bbf-011c48011c48_432456
content 33868 _a-0000ef47-4270-8000-9bc5-011c48011c48_579014
content 19868 _a-0000ee60-29e2-8000-9bb3-011c48011c48_340927
content 28263 c6dbf568-d8f6-47a6-848b-98baf6cca6e4
content 9669 _a-0000eccb-293d-8000-9ba8-011c48011c48_169206
content 26209 _a-0000eeb4-c217-8000-9bbf-011c48011c48_431658
content 1655 728caeba-6923-4a66-bf51-c537b5d18591
content 8496 _a-0000ec60-cceb-8000-9ba6-011c48011c48_22085
content 4195 _a-0000ec60-cceb-8000-9ba6-011c48011c48_69567
connectedSystem 3547 _a-0000ec60-cceb-8000-9ba6-011c48011c48_32119
connectedSystem 1795 _a-0000ec6d-e46a-8000-9ba8-011c48011c48_16600
connectedSystem 1661 _a-0000ec6d-e46a-8000-9ba8-011c48011c48_16517
connectedSystem 6022 _a-0000ec60-cceb-8000-9ba6-011c48011c48_74837
connectedSystem 1664 _a-0000ec6d-e46a-8000-9ba8-011c48011c48_16543
connectedSystem 7132 _a-0000eccb-293d-8000-9ba8-011c48011c48_119195
connectedSystem 1677 _a-0000ec6d-e46a-8000-9ba8-011c48011c48_16607
connectedSystem 2064 _a-0000ec60-cceb-8000-9ba6-011c48011c48_22913
connectedSystem 23835 _a-0000eeb4-c217-8000-9bbf-011c48011c48_421564
connectedSystem 20165 _a-0000ed69-baa7-8000-9bad-011c48011c48_273069
connectedSystem 20164 _a-0000ed69-baa7-8000-9bad-011c48011c48_272392
connectedSystem 23628 _a-0000eeb4-c217-8000-9bbf-011c48011c48_410317
connectedSystem 23630 _a-0000eeb4-c217-8000-9bbf-011c48011c48_413695
connectedSystem 3429 _a-0000ec60-cceb-8000-9ba6-011c48011c48_52450

Trace:
2026-06-03 01:29:41.008 DEBUG content 35592 _a-0000ee8d-fa8b-8000-9bbb-011c48011c48_398147 Begin transport.
2026-06-03 01:29:41.008 DEBUG content 35592 _a-0000ee8d-fa8b-8000-9bbb-011c48011c48_398147 Retrieving object data.
2026-06-03 01:29:41.024 DEBUG content 35592 _a-0000ee8d-fa8b-8000-9bbb-011c48011c48_398147 Setting uuids of object references.
2026-06-03 01:29:41.024 DEBUG content 35592 _a-0000ee8d-fa8b-8000-9bbb-011c48011c48_398147 Processing reference: [Content:id=23018,versionId=-1,name=NTP_consultaMarcaDesmarcaItgy_Desmarca_Integrity,type=32,subtype=5,uuid=_a-0000ee8d-fa8b-8000-9bbb-011c48011c48_398147,parent=26173]
2026-06-03 01:29:41.037 DEBUG content 35592 _a-0000ee8d-fa8b-8000-9bbb-011c48011c48_398147 Processing reference: OutboundIntegration.forum
2026-06-03 01:29:41.038 DEBUG content 35592 _a-0000ee8d-fa8b-8000-9bbb-011c48011c48_398147 Processing reference: OutboundIntegration.integrationOutputsAsTypedValue
2026-06-03 01:29:41.038 DEBUG content 35592 _a-0000ee8d-fa8b-8000-9bbb-011c48011c48_398147 Processing reference: TypedVariable[name=folioNumber,it=3,v=]
2026-06-03 01:29:41.038 DEBUG content 35592 _a-0000ee8d-fa8b-8000-9bbb-011c48011c48_398147 Processing reference: TypedVariable[name=processId,it=1,v=<null>]
2026-06-03 01:29:41.038 DEBUG content 35592 _a-0000ee8d-fa8b-8000-9bbb-011c48011c48_398147 Processing reference: TypedVariable[name=subprocessId,it=1,v=<null>]
2026-06-03 01:29:41.038 DEBUG content 35592 _a-0000ee8d-fa8b-8000-9bbb-011c48011c48_398147 Processing reference: TypedVariable[name=markStatus,it=1,v=<null>]
2026-06-03 01:29:41.038 DEBUG content 35592 _a-0000ee8d-fa8b-8000-9bbb-011c48011c48_398147 Processing reference: OutboundIntegration.parent
2026-06-03 01:29:41.041 DEBUG content 35592 _a-0000ee8d-fa8b-8000-9bbb-011c48011c48_398147 Processing reference: com.appiancorp.suiteapi.content.ContentRoleMap@684ae4a3[
  ContentRole[name=readers,inherit=true,allowForAll=false]
  ContentRole[name=authors,inherit=true,allowForAll=false]
  ContentRole[name=administrators,inherit=true,allowForAll=false]
  ContentRole[name=denyReaders,inherit=false,allowForAll=false]
  ContentRole[name=denyAuthors,inherit=false,allowForAll=false]
  ContentRole[name=denyAdministrators,inherit=false,allowForAll=false]
  securityVector=15:SEC_PUBLIC=true,SEC_CREATOR_ADMIN=false,SEC_INH_ADMIN=true,SEC_INH_EDITOR=true,SEC_INH_VIEWER=true,SEC_ALL_ADMIN=false,SEC_ALL_EDITOR=false,SEC_ALL_VIEWER=false
]
2026-06-03 01:29:41.041 DEBUG content 35592 _a-0000ee8d-fa8b-8000-9bbb-011c48011c48_398147 Processing reference: ContentRole[name=readers,inherit=true,allowForAll=false]
2026-06-03 01:29:41.041 DEBUG content 35592 _a-0000ee8d-fa8b-8000-9bbb-011c48011c48_398147 Processing reference: ContentRole[name=authors,inherit=true,allowForAll=false]
2026-06-03 01:29:41.041 DEBUG content 35592 _a-0000ee8d-fa8b-8000-9bbb-011c48011c48_398147 Processing reference: ContentRole[name=administrators,inherit=true,allowForAll=false]
2026-06-03 01:29:41.041 DEBUG content 35592 _a-0000ee8d-fa8b-8000-9bbb-011c48011c48_398147 Processing reference: ContentRole[name=denyReaders,inherit=false,allowForAll=false]
2026-06-03 01:29:41.041 DEBUG content 35592 _a-0000ee8d-fa8b-8000-9bbb-011c48011c48_398147 Processing reference: ContentRole[name=denyAuthors,inherit=false,allowForAll=false]
2026-06-03 01:29:41.041 DEBUG content 35592 _a-0000ee8d-fa8b-8000-9bbb-011c48011c48_398147 Processing reference: ContentRole[name=denyAdministrators,inherit=false,allowForAll=false]
2026-06-03 01:29:41.043 DEBUG content 35592 _a-0000ee8d-fa8b-8000-9bbb-011c48011c48_398147 Exporting binary resources.
2026-06-03 01:29:41.043 DEBUG content 35592 _a-0000ee8d-fa8b-8000-9bbb-011c48011c48_398147 Serializing object to XML.
2026-06-03 01:29:41.049 DEBUG content 35592 _a-0000ee8d-fa8b-8000-9bbb-011c48011c48_398147 Object transported.
2026-06-03 01:29:41.049 DEBUG content 34570 d9bd4730-1c26-4dc6-92ad-7691d872319c Begin transport.
2026-06-03 01:29:41.049 DEBUG content 34570 d9bd4730-1c26-4dc6-92ad-7691d872319c Retrieving object data.
2026-06-03 01:29:41.059 DEBUG content 34570 d9bd4730-1c26-4dc6-92ad-7691d872319c Setting uuids of object references.
2026-06-03 01:29:41.059 DEBUG content 34570 d9bd4730-1c26-4dc6-92ad-7691d872319c Processing reference: [Content:id=32858,versionId=-1,name=NCI_OPER_exportUnmarkedAccounts,type=32,subtype=5,uuid=d9bd4730-1c26-4dc6-92ad-7691d872319c,parent=26173]
2026-06-03 01:29:41.076 DEBUG content 34570 d9bd4730-1c26-4dc6-92ad-7691d872319c Processing reference: OutboundIntegration.forum
2026-06-03 01:29:41.077 DEBUG content 34570 d9bd4730-1c26-4dc6-92ad-7691d872319c Processing reference: OutboundIntegration.integrationOutputsAsTypedValue
2026-06-03 01:29:41.077 DEBUG content 34570 d9bd4730-1c26-4dc6-92ad-7691d872319c Processing reference: TypedVariable[name=folioNumber,it=3,v=]
2026-06-03 01:29:41.077 DEBUG content 34570 d9bd4730-1c26-4dc6-92ad-7691d872319c Processing reference: TypedVariable[name=onSuccess,it=97,v=<null>]
2026-06-03 01:29:41.077 DEBUG content 34570 d9bd4730-1c26-4dc6-92ad-7691d872319c Processing reference: TypedVariable[name=onError,it=97,v=<null>]
2026-06-03 01:29:41.077 DEBUG content 34570 d9bd4730-1c26-4dc6-92ad-7691d872319c Processing reference: OutboundIntegration.parent
2026-06-03 01:29:41.081 DEBUG content 34570 d9bd4730-1c26-4dc6-92ad-7691d872319c Processing reference: com.appiancorp.suiteapi.content.ContentRoleMap@3381caf1[
  ContentRole[name=readers,inherit=true,allowForAll=false]
  ContentRole[name=authors,inherit=true,allowForAll=false]
  ContentRole[name=administrators,inherit=true,allowForAll=false]
  ContentRole[name=denyReaders,inherit=false,allowForAll=false]
  ContentRole[name=denyAuthors,inherit=false,allowForAll=false]
  ContentRole[name=denyAdministrators,inherit=false,allowForAll=false]
  securityVector=15:SEC_PUBLIC=true,SEC_CREATOR_ADMIN=false,SEC_INH_ADMIN=true,SEC_INH_EDITOR=true,SEC_INH_VIEWER=true,SEC_ALL_ADMIN=false,SEC_ALL_EDITOR=false,SEC_ALL_VIEWER=false
]
2026-06-03 01:29:41.081 DEBUG content 34570 d9bd4730-1c26-4dc6-92ad-7691d872319c Processing reference: ContentRole[name=readers,inherit=true,allowForAll=false]
2026-06-03 01:29:41.082 DEBUG content 34570 d9bd4730-1c26-4dc6-92ad-7691d872319c Processing reference: ContentRole[name=authors,inherit=true,allowForAll=false]
2026-06-03 01:29:41.082 DEBUG content 34570 d9bd4730-1c26-4dc6-92ad-7691d872319c Processing reference: ContentRole[name=administrators,inherit=true,allowForAll=false]
2026-06-03 01:29:41.082 DEBUG content 34570 d9bd4730-1c26-4dc6-92ad-7691d872319c Processing reference: ContentRole[name=denyReaders,inherit=false,allowForAll=false]
2026-06-03 01:29:41.082 DEBUG content 34570 d9bd4730-1c26-4dc6-92ad-7691d872319c Processing reference: ContentRole[name=denyAuthors,inherit=false,allowForAll=false]
2026-06-03 01:29:41.082 DEBUG content 34570 d9bd4730-1c26-4dc6-92ad-7691d872319c Processing reference: ContentRole[name=denyAdministrators,inherit=false,allowForAll=false]
2026-06-03 01:29:41.082 DEBUG content 34570 d9bd4730-1c26-4dc6-92ad-7691d872319c Exporting binary resources.
2026-06-03 01:29:41.082 DEBUG content 34570 d9bd4730-1c26-4dc6-92ad-7691d872319c Serializing object to XML.
2026-06-03 01:29:41.088 DEBUG content 34570 d9bd4730-1c26-4dc6-92ad-7691d872319c Object transported.
2026-06-03 01:29:41.088 DEBUG content 33853 _a-0000ee6c-cc70-8000-9bb5-011c48011c48_356441 Begin transport.
2026-06-03 01:29:41.088 DEBUG content 33853 _a-0000ee6c-cc70-8000-9bb5-011c48011c48_356441 Retrieving object data.
2026-06-03 01:29:41.1 DEBUG content 33853 _a-0000ee6c-cc70-8000-9bb5-011c48011c48_356441 Setting uuids of object references.
2026-06-03 01:29:41.1 DEBUG content 33853 _a-0000ee6c-cc70-8000-9bb5-011c48011c48_356441 Processing reference: [Content:id=20640,versionId=-1,name=NTP_Obtener_Reporte_Wrapper_Cifras_Control,type=32,subtype=5,uuid=_a-0000ee6c-cc70-8000-9bb5-011c48011c48_356441,parent=26173]
2026-06-03 01:29:41.131 DEBUG content 33853 _a-0000ee6c-cc70-8000-9bb5-011c48011c48_356441 Processing reference: OutboundIntegration.forum
2026-06-03 01:29:41.132 DEBUG content 33853 _a-0000ee6c-cc70-8000-9bb5-011c48011c48_356441 Processing reference: OutboundIntegration.integrationOutputsAsTypedValue
2026-06-03 01:29:41.132 DEBUG content 33853 _a-0000ee6c-cc70-8000-9bb5-011c48011c48_356441 Processing reference: TypedVariable[name=folioNumber,it=3,v=]
2026-06-03 01:29:41.132 DEBUG content 33853 _a-0000ee6c-cc70-8000-9bb5-011c48011c48_356441 Processing reference: TypedVariable[name=reportTemplateName,it=3,v=]
2026-06-03 01:29:41.132 DEBUG content 33853 _a-0000ee6c-cc70-8000-9bb5-011c48011c48_356441 Processing reference: TypedVariable[name=onSuccess,it=97,v=<null>]
2026-06-03 01:29:41.132 DEBUG content 33853 _a-0000ee6c-cc70-8000-9bb5-011c48011c48_356441 Processing reference: TypedVariable[name=onError,it=97,v=<null>]
2026-06-03 01:29:41.132 DEBUG content 33853 _a-0000ee6c-cc70-8000-9bb5-011c48011c48_356441 Processing reference: OutboundIntegration.parent
2026-06-03 01:29:41.14 DEBUG content 33853 _a-0000ee6c-cc70-8000-9bb5-011c48011c48_356441 Processing reference: com.appiancorp.suiteapi.content.ContentRoleMap@74e4838a[
  ContentRole[name=readers,inherit=true,allowForAll=false]
  ContentRole[name=authors,inherit=true,allowForAll=false]
  ContentRole[name=administrators,inherit=true,allowForAll=false]
  ContentRole[name=denyReaders,inherit=false,allowForAll=false]
  ContentRole[name=denyAuthors,inherit=false,allowForAll=false]
  ContentRole[name=denyAdministrators,inherit=false,allowForAll=false]
  securityVector=15:SEC_PUBLIC=true,SEC_CREATOR_ADMIN=false,SEC_INH_ADMIN=true,SEC_INH_EDITOR=true,SEC_INH_VIEWER=true,SEC_ALL_ADMIN=false,SEC_ALL_EDITOR=false,SEC_ALL_VIEWER=false
]
2026-06-03 01:29:41.14 DEBUG content 33853 _a-0000ee6c-cc70-8000-9bb5-011c48011c48_356441 Processing reference: ContentRole[name=readers,inherit=true,allowForAll=false]
2026-06-03 01:29:41.141 DEBUG content 33853 _a-0000ee6c-cc70-8000-9bb5-011c48011c48_356441 Processing reference: ContentRole[name=authors,inherit=true,allowForAll=false]
2026-06-03 01:29:41.141 DEBUG content 33853 _a-0000ee6c-cc70-8000-9bb5-011c48011c48_356441 Processing reference: ContentRole[name=administrators,inherit=true,allowForAll=false]
2026-06-03 01:29:41.141 DEBUG content 33853 _a-0000ee6c-cc70-8000-9bb5-011c48011c48_356441 Processing reference: ContentRole[name=denyReaders,inherit=false,allowForAll=false]
2026-06-03 01:29:41.141 DEBUG content 33853 _a-0000ee6c-cc70-8000-9bb5-011c48011c48_356441 Processing reference: ContentRole[name=denyAuthors,inherit=false,allowForAll=false]
2026-06-03 01:29:41.141 DEBUG content 33853 _a-0000ee6c-cc70-8000-9bb5-011c48011c48_356441 Processing reference: ContentRole[name=denyAdministrators,inherit=false,allowForAll=false]
2026-06-03 01:29:41.142 DEBUG content 33853 _a-0000ee6c-cc70-8000-9bb5-011c48011c48_356441 Exporting binary resources.
2026-06-03 01:29:41.142 DEBUG content 33853 _a-0000ee6c-cc70-8000-9bb5-011c48011c48_356441 Serializing object to XML.
2026-06-03 01:29:41.147 DEBUG content 33853 _a-0000ee6c-cc70-8000-9bb5-011c48011c48_356441 Object transported.
2026-06-03 01:29:41.147 DEBUG content 33854 84d294e3-5f87-4e77-a52e-3a8dbdb43460 Begin transport.
2026-06-03 01:29:41.147 DEBUG content 33854 84d294e3-5f87-4e77-a52e-3a8dbdb43460 Retrieving object data.
2026-06-03 01:29:41.17 DEBUG content 33854 84d294e3-5f87-4e77-a52e-3a8dbdb43460 Setting uuids of object references.
2026-06-03 01:29:41.17 DEBUG content 33854 84d294e3-5f87-4e77-a52e-3a8dbdb43460 Processing reference: [Content:id=6616,versionId=-1,name=NCI_OPER_ConsultaDiaHabilSiguiente,type=32,subtype=5,uuid=84d294e3-5f87-4e77-a52e-3a8dbdb43460,parent=1660]
2026-06-03 01:29:41.184 DEBUG content 33854 84d294e3-5f87-4e77-a52e-3a8dbdb43460 Processing reference: OutboundIntegration.forum
2026-06-03 01:29:41.185 DEBUG content 33854 84d294e3-5f87-4e77-a52e-3a8dbdb43460 Processing reference: OutboundIntegration.integrationOutputsAsTypedValue
2026-06-03 01:29:41.185 DEBUG content 33854 84d294e3-5f87-4e77-a52e-3a8dbdb43460 Processing reference: TypedVariable[name=liquidationDate,it=3,v=]
2026-06-03 01:29:41.185 DEBUG content 33854 84d294e3-5f87-4e77-a52e-3a8dbdb43460 Processing reference: TypedVariable[name=sieforeId,it=1,v=<null>]
2026-06-03 01:29:41.185 DEBUG content 33854 84d294e3-5f87-4e77-a52e-3a8dbdb43460 Processing reference: TypedVariable[name=regimeId,it=1,v=<null>]
2026-06-03 01:29:41.185 DEBUG content 33854 84d294e3-5f87-4e77-a52e-3a8dbdb43460 Processing reference: OutboundIntegration.parent
2026-06-03 01:29:41.189 DEBUG content 33854 84d294e3-5f87-4e77-a52e-3a8dbdb43460 Processing reference: com.appiancorp.suiteapi.content.ContentRoleMap@3d37732[
  ContentRole[name=readers,inherit=true,allowForAll=false]
  ContentRole[name=authors,inherit=true,allowForAll=false]
  ContentRole[name=administrators,inherit=true,allowForAll=false]
  ContentRole[name=denyReaders,inherit=false,allowForAll=false]
  ContentRole[name=denyAuthors,inherit=false,allowForAll=false]
  ContentRole[name=denyAdministrators,inherit=false,allowForAll=false]
  securityVector=15:SEC_PUBLIC=true,SEC_CREATOR_ADMIN=false,SEC_INH_ADMIN=true,SEC_INH_EDITOR=true,SEC_INH_VIEWER=true,SEC_ALL_ADMIN=false,SEC_ALL_EDITOR=false,SEC_ALL_VIEWER=false
]
2026-06-03 01:29:41.189 DEBUG content 33854 84d294e3-5f87-4e77-a52e-3a8dbdb43460 Processing reference: ContentRole[name=readers,inherit=true,allowForAll=false]
2026-06-03 01:29:41.189 DEBUG content 33854 84d294e3-5f87-4e77-a52e-3a8dbdb43460 Processing reference: ContentRole[name=authors,inherit=true,allowForAll=false]
2026-06-03 01:29:41.189 DEBUG content 33854 84d294e3-5f87-4e77-a52e-3a8dbdb43460 Processing reference: ContentRole[name=administrators,inherit=true,allowForAll=false]
2026-06-03 01:29:41.189 DEBUG content 33854 84d294e3-5f87-4e77-a52e-3a8dbdb43460 Processing reference: ContentRole[name=denyReaders,inherit=false,allowForAll=false]
2026-06-03 01:29:41.189 DEBUG content 33854 84d294e3-5f87-4e77-a52e-3a8dbdb43460 Processing reference: ContentRole[name=denyAuthors,inherit=false,allowForAll=false]
2026-06-03 01:29:41.189 DEBUG content 33854 84d294e3-5f87-4e77-a52e-3a8dbdb43460 Processing reference: ContentRole[name=denyAdministrators,inherit=false,allowForAll=false]
2026-06-03 01:29:41.19 DEBUG content 33854 84d294e3-5f87-4e77-a52e-3a8dbdb43460 Exporting binary resources.
2026-06-03 01:29:41.19 DEBUG content 33854 84d294e3-5f87-4e77-a52e-3a8dbdb43460 Serializing object to XML.
2026-06-03 01:29:41.198 DEBUG content 33854 84d294e3-5f87-4e77-a52e-3a8dbdb43460 Object transported.
2026-06-03 01:29:41.198 DEBUG content 33855 a5c10979-157b-4091-ac9f-38d163330d7a Begin transport.
2026-06-03 01:29:41.198 DEBUG content 33855 a5c10979-157b-4091-ac9f-38d163330d7a Retrieving object data.
2026-06-03 01:29:41.215 DEBUG content 33855 a5c10979-157b-4091-ac9f-38d163330d7a Setting uuids of object references.
2026-06-03 01:29:41.215 DEBUG content 33855 a5c10979-157b-4091-ac9f-38d163330d7a Processing reference: [Content:id=6188,versionId=-1,name=NCI_MONIT_POST_GenerarReporteIndicadoresDispersiones,type=32,subtype=5,uuid=a5c10979-157b-4091-ac9f-38d163330d7a,parent=1660]
2026-06-03 01:29:41.23 DEBUG content 33855 a5c10979-157b-4091-ac9f-38d163330d7a Processing reference: OutboundIntegration.forum
2026-06-03 01:29:41.23 DEBUG content 33855 a5c10979-157b-4091-ac9f-38d163330d7a Processing reference: OutboundIntegration.integrationOutputsAsTypedValue
2026-06-03 01:29:41.231 DEBUG content 33855 a5c10979-157b-4091-ac9f-38d163330d7a Processing reference: TypedVariable[name=startYear,it=1,v=<null>]
2026-06-03 01:29:41.231 DEBUG content 33855 a5c10979-157b-4091-ac9f-38d163330d7a Processing reference: TypedVariable[name=endYear,it=1,v=<null>]
2026-06-03 01:29:41.231 DEBUG content 33855 a5c10979-157b-4091-ac9f-38d163330d7a Processing reference: TypedVariable[name=onSuccess,it=97,v=<null>]
2026-06-03 01:29:41.231 DEBUG content 33855 a5c10979-157b-4091-ac9f-38d163330d7a Processing reference: TypedVariable[name=onError,it=97,v=<null>]
2026-06-03 01:29:41.231 DEBUG content 33855 a5c10979-157b-4091-ac9f-38d163330d7a Processing reference: OutboundIntegration.parent
2026-06-03 01:29:41.233 DEBUG content 33855 a5c10979-157b-4091-ac9f-38d163330d7a Processing reference: com.appiancorp.suiteapi.content.ContentRoleMap@4752f329[
  ContentRole[name=readers,inherit=true,allowForAll=false]
  ContentRole[name=authors,inherit=true,allowForAll=false]
  ContentRole[name=administrators,inherit=true,allowForAll=false]
  ContentRole[name=denyReaders,inherit=false,allowForAll=false]
  ContentRole[name=denyAuthors,inherit=false,allowForAll=false]
  ContentRole[name=denyAdministrators,inherit=false,allowForAll=false]
  securityVector=15:SEC_PUBLIC=true,SEC_CREATOR_ADMIN=false,SEC_INH_ADMIN=true,SEC_INH_EDITOR=true,SEC_INH_VIEWER=true,SEC_ALL_ADMIN=false,SEC_ALL_EDITOR=false,SEC_ALL_VIEWER=false
]
2026-06-03 01:29:41.233 DEBUG content 33855 a5c10979-157b-4091-ac9f-38d163330d7a Processing reference: ContentRole[name=readers,inherit=true,allowForAll=false]
2026-06-03 01:29:41.233 DEBUG content 33855 a5c10979-157b-4091-ac9f-38d163330d7a Processing reference: ContentRole[name=authors,inherit=true,allowForAll=false]
2026-06-03 01:29:41.233 DEBUG content 33855 a5c10979-157b-4091-ac9f-38d163330d7a Processing reference: ContentRole[name=administrators,inherit=true,allowForAll=false]
2026-06-03 01:29:41.233 DEBUG content 33855 a5c10979-157b-4091-ac9f-38d163330d7a Processing reference: ContentRole[name=denyReaders,inherit=false,allowForAll=false]
2026-06-03 01:29:41.233 DEBUG content 33855 a5c10979-157b-4091-ac9f-38d163330d7a Processing reference: ContentRole[name=denyAuthors,inherit=false,allowForAll=false]
2026-06-03 01:29:41.233 DEBUG content 33855 a5c10979-157b-4091-ac9f-38d163330d7a Processing reference: ContentRole[name=denyAdministrators,inherit=false,allowForAll=false]
2026-06-03 01:29:41.234 DEBUG content 33855 a5c10979-157b-4091-ac9f-38d163330d7a Exporting binary resources.
2026-06-03 01:29:41.234 DEBUG content 33855 a5c10979-157b-4091-ac9f-38d163330d7a Serializing object to XML.
2026-06-03 01:29:41.239 DEBUG content 33855 a5c10979-157b-4091-ac9f-38d163330d7a Object transported.
2026-06-03 01:29:41.239 DEBUG content 33857 fd6ee687-4e71-4cac-99c3-15d9332fbcab Begin transport.
2026-06-03 01:29:41.239 DEBUG content 33857 fd6ee687-4e71-4cac-99c3-15d9332fbcab Retrieving object data.
2026-06-03 01:29:41.25 DEBUG content 33857 fd6ee687-4e71-4cac-99c3-15d9332fbcab Setting uuids of object references.
2026-06-03 01:29:41.25 DEBUG content 33857 fd6ee687-4e71-4cac-99c3-15d9332fbcab Processing reference: [Content:id=32857,versionId=-1,name=NCI_OPER_getTotalUnmarkedAccounts,type=32,subtype=5,uuid=fd6ee687-4e71-4cac-99c3-15d9332fbcab,parent=26173]
2026-06-03 01:29:41.27 DEBUG content 33857 fd6ee687-4e71-4cac-99c3-15d9332fbcab Processing reference: OutboundIntegration.forum
2026-06-03 01:29:41.27 DEBUG content 33857 fd6ee687-4e71-4cac-99c3-15d9332fbcab Processing reference: OutboundIntegration.integrationOutputsAsTypedValue
2026-06-03 01:29:41.27 DEBUG content 33857 fd6ee687-4e71-4cac-99c3-15d9332fbcab Processing reference: TypedVariable[name=folioNumber,it=3,v=]
2026-06-03 01:29:41.27 DEBUG content 33857 fd6ee687-4e71-4cac-99c3-15d9332fbcab Processing reference: OutboundIntegration.parent
2026-06-03 01:29:41.279 DEBUG content 33857 fd6ee687-4e71-4cac-99c3-15d9332fbcab Processing reference: com.appiancorp.suiteapi.content.ContentRoleMap@483a9c5c[
  ContentRole[name=readers,inherit=true,allowForAll=false]
  ContentRole[name=authors,inherit=true,allowForAll=false]
  ContentRole[name=administrators,inherit=true,allowForAll=false]
  ContentRole[name=denyReaders,inherit=false,allowForAll=false]
  ContentRole[name=denyAuthors,inherit=false,allowForAll=false]
  ContentRole[name=denyAdministrators,inherit=false,allowForAll=false]
  securityVector=15:SEC_PUBLIC=true,SEC_CREATOR_ADMIN=false,SEC_INH_ADMIN=true,SEC_INH_EDITOR=true,SEC_INH_VIEWER=true,SEC_ALL_ADMIN=false,SEC_ALL_EDITOR=false,SEC_ALL_VIEWER=false
]
2026-06-03 01:29:41.279 DEBUG content 33857 fd6ee687-4e71-4cac-99c3-15d9332fbcab Processing reference: ContentRole[name=readers,inherit=true,allowForAll=false]
2026-06-03 01:29:41.279 DEBUG content 33857 fd6ee687-4e71-4cac-99c3-15d9332fbcab Processing reference: ContentRole[name=authors,inherit=true,allowForAll=false]
2026-06-03 01:29:41.279 DEBUG content 33857 fd6ee687-4e71-4cac-99c3-15d9332fbcab Processing reference: ContentRole[name=administrators,inherit=true,allowForAll=false]
2026-06-03 01:29:41.279 DEBUG content 33857 fd6ee687-4e71-4cac-99c3-15d9332fbcab Processing reference: ContentRole[name=denyReaders,inherit=false,allowForAll=false]
2026-06-03 01:29:41.279 DEBUG content 33857 fd6ee687-4e71-4cac-99c3-15d9332fbcab Processing reference: ContentRole[name=denyAuthors,inherit=false,allowForAll=false]
2026-06-03 01:29:41.279 DEBUG content 33857 fd6ee687-4e71-4cac-99c3-15d9332fbcab Processing reference: ContentRole[name=denyAdministrators,inherit=false,allowForAll=false]
2026-06-03 01:29:41.28 DEBUG content 33857 fd6ee687-4e71-4cac-99c3-15d9332fbcab Exporting binary resources.
2026-06-03 01:29:41.28 DEBUG content 33857 fd6ee687-4e71-4cac-99c3-15d9332fbcab Serializing object to XML.
2026-06-03 01:29:41.289 DEBUG content 33857 fd6ee687-4e71-4cac-99c3-15d9332fbcab Object transported.
2026-06-03 01:29:41.289 DEBUG content 33858 e3f07529-ce55-453d-a9a4-02687af0f41e Begin transport.
2026-06-03 01:29:41.289 DEBUG content 33858 e3f07529-ce55-453d-a9a4-02687af0f41e Retrieving object data.
2026-06-03 01:29:41.301 DEBUG content 33858 e3f07529-ce55-453d-a9a4-02687af0f41e Setting uuids of object references.
2026-06-03 01:29:41.302 DEBUG content 33858 e3f07529-ce55-453d-a9a4-02687af0f41e Processing reference: [Content:id=1697,versionId=-1,name=NCI_OPER_OperationalFilesIntegration,type=32,subtype=5,uuid=e3f07529-ce55-453d-a9a4-02687af0f41e,parent=1660]
2026-06-03 01:29:41.317 DEBUG content 33858 e3f07529-ce55-453d-a9a4-02687af0f41e Processing reference: OutboundIntegration.forum
2026-06-03 01:29:41.317 DEBUG content 33858 e3f07529-ce55-453d-a9a4-02687af0f41e Processing reference: OutboundIntegration.integrationOutputsAsTypedValue
2026-06-03 01:29:41.317 DEBUG content 33858 e3f07529-ce55-453d-a9a4-02687af0f41e Processing reference: TypedVariable[name=filter_map,it=252,v=<null>]
2026-06-03 01:29:41.317 DEBUG content 33858 e3f07529-ce55-453d-a9a4-02687af0f41e Processing reference: OutboundIntegration.parent
2026-06-03 01:29:41.32 DEBUG content 33858 e3f07529-ce55-453d-a9a4-02687af0f41e Processing reference: com.appiancorp.suiteapi.content.ContentRoleMap@6472e8b0[
  ContentRole[name=readers,inherit=true,allowForAll=false]
  ContentRole[name=authors,inherit=true,allowForAll=false]
  ContentRole[name=administrators,inherit=true,allowForAll=false]
  ContentRole[name=denyReaders,inherit=false,allowForAll=false]
  ContentRole[name=denyAuthors,inherit=false,allowForAll=false]
  ContentRole[name=denyAdministrators,inherit=false,allowForAll=false]
  securityVector=15:SEC_PUBLIC=true,SEC_CREATOR_ADMIN=false,SEC_INH_ADMIN=true,SEC_INH_EDITOR=true,SEC_INH_VIEWER=true,SEC_ALL_ADMIN=false,SEC_ALL_EDITOR=false,SEC_ALL_VIEWER=false
]
2026-06-03 01:29:41.32 DEBUG content 33858 e3f07529-ce55-453d-a9a4-02687af0f41e Processing reference: ContentRole[name=readers,inherit=true,allowForAll=false]
2026-06-03 01:29:41.32 DEBUG content 33858 e3f07529-ce55-453d-a9a4-02687af0f41e Processing reference: ContentRole[name=authors,inherit=true,allowForAll=false]
2026-06-03 01:29:41.32 DEBUG content 33858 e3f07529-ce55-453d-a9a4-02687af0f41e Processing reference: ContentRole[name=administrators,inherit=true,allowForAll=false]
2026-06-03 01:29:41.32 DEBUG content 33858 e3f07529-ce55-453d-a9a4-02687af0f41e Processing reference: ContentRole[name=denyReaders,inherit=false,allowForAll=false]
2026-06-03 01:29:41.32 DEBUG content 33858 e3f07529-ce55-453d-a9a4-02687af0f41e Processing reference: ContentRole[name=denyAuthors,inherit=false,allowForAll=false]
2026-06-03 01:29:41.32 DEBUG content 33858 e3f07529-ce55-453d-a9a4-02687af0f41e Processing reference: ContentRole[name=denyAdministrators,inherit=false,allowForAll=false]
2026-06-03 01:29:41.321 DEBUG content 33858 e3f07529-ce55-453d-a9a4-02687af0f41e Exporting binary resources.
2026-06-03 01:29:41.321 DEBUG content 33858 e3f07529-ce55-453d-a9a4-02687af0f41e Serializing object to XML.
2026-06-03 01:29:41.325 DEBUG content 33858 e3f07529-ce55-453d-a9a4-02687af0f41e Object transported.
2026-06-03 01:29:41.325 DEBUG content 33859 ed8ca299-ef6e-461e-b5d4-81301308d41a Begin transport.
2026-06-03 01:29:41.325 DEBUG content 33859 ed8ca299-ef6e-461e-b5d4-81301308d41a Retrieving object data.
2026-06-03 01:29:41.339 DEBUG content 33859 ed8ca299-ef6e-461e-b5d4-81301308d41a Setting uuids of object references.
2026-06-03 01:29:41.339 DEBUG content 33859 ed8ca299-ef6e-461e-b5d4-81301308d41a Processing reference: [Content:id=32717,versionId=-1,name=NCI_OPER_getDetailSiefores,type=32,subtype=5,uuid=ed8ca299-ef6e-461e-b5d4-81301308d41a,parent=26215]
2026-06-03 01:29:41.351 DEBUG content 33859 ed8ca299-ef6e-461e-b5d4-81301308d41a Processing reference: OutboundIntegration.forum
2026-06-03 01:29:41.351 DEBUG content 33859 ed8ca299-ef6e-461e-b5d4-81301308d41a Processing reference: OutboundIntegration.integrationOutputsAsTypedValue
2026-06-03 01:29:41.351 DEBUG content 33859 ed8ca299-ef6e-461e-b5d4-81301308d41a Processing reference: TypedVariable[name=folioNumber,it=3,v=]
2026-06-03 01:29:41.351 DEBUG content 33859 ed8ca299-ef6e-461e-b5d4-81301308d41a Processing reference: OutboundIntegration.parent
2026-06-03 01:29:41.355 DEBUG content 33859 ed8ca299-ef6e-461e-b5d4-81301308d41a Processing reference: com.appiancorp.suiteapi.content.ContentRoleMap@5be27121[
  ContentRole[name=readers,inherit=true,allowForAll=false]
  ContentRole[name=authors,inherit=true,allowForAll=false]
  ContentRole[name=administrators,inherit=true,allowForAll=false]
  ContentRole[name=denyReaders,inherit=false,allowForAll=false]
  ContentRole[name=denyAuthors,inherit=false,allowForAll=false]
  ContentRole[name=denyAdministrators,inherit=false,allowForAll=false]
  securityVector=15:SEC_PUBLIC=true,SEC_CREATOR_ADMIN=false,SEC_INH_ADMIN=true,SEC_INH_EDITOR=true,SEC_INH_VIEWER=true,SEC_ALL_ADMIN=false,SEC_ALL_EDITOR=false,SEC_ALL_VIEWER=false
]
2026-06-03 01:29:41.355 DEBUG content 33859 ed8ca299-ef6e-461e-b5d4-81301308d41a Processing reference: ContentRole[name=readers,inherit=true,allowForAll=false]
2026-06-03 01:29:41.355 DEBUG content 33859 ed8ca299-ef6e-461e-b5d4-81301308d41a Processing reference: ContentRole[name=authors,inherit=true,allowForAll=false]
2026-06-03 01:29:41.355 DEBUG content 33859 ed8ca299-ef6e-461e-b5d4-81301308d41a Processing reference: ContentRole[name=administrators,inherit=true,allowForAll=false]
2026-06-03 01:29:41.355 DEBUG content 33859 ed8ca299-ef6e-461e-b5d4-81301308d41a Processing reference: ContentRole[name=denyReaders,inherit=false,allowForAll=false]
2026-06-03 01:29:41.355 DEBUG content 33859 ed8ca299-ef6e-461e-b5d4-81301308d41a Processing reference: ContentRole[name=denyAuthors,inherit=false,allowForAll=false]
2026-06-03 01:29:41.355 DEBUG content 33859 ed8ca299-ef6e-461e-b5d4-81301308d41a Processing reference: ContentRole[name=denyAdministrators,inherit=false,allowForAll=false]
2026-06-03 01:29:41.355 DEBUG content 33859 ed8ca299-ef6e-461e-b5d4-81301308d41a Exporting binary resources.
2026-06-03 01:29:41.355 DEBUG content 33859 ed8ca299-ef6e-461e-b5d4-81301308d41a Serializing object to XML.
2026-06-03 01:29:41.36 DEBUG content 33859 ed8ca299-ef6e-461e-b5d4-81301308d41a Object transported.
2026-06-03 01:29:41.36 DEBUG content 33860 723a5f38-72de-48e5-84bd-00ddbbcec310 Begin transport.
2026-06-03 01:29:41.36 DEBUG content 33860 723a5f38-72de-48e5-84bd-00ddbbcec310 Retrieving object data.
2026-06-03 01:29:41.391 DEBUG content 33860 723a5f38-72de-48e5-84bd-00ddbbcec310 Setting uuids of object references.
2026-06-03 01:29:41.391 DEBUG content 33860 723a5f38-72de-48e5-84bd-00ddbbcec310 Processing reference: [Content:id=3338,versionId=-1,name=NCI_OPER_FolioUpdate,type=32,subtype=5,uuid=723a5f38-72de-48e5-84bd-00ddbbcec310,parent=1660]
2026-06-03 01:29:41.435 DEBUG content 33860 723a5f38-72de-48e5-84bd-00ddbbcec310 Processing reference: OutboundIntegration.forum
2026-06-03 01:29:41.435 DEBUG content 33860 723a5f38-72de-48e5-84bd-00ddbbcec310 Processing reference: OutboundIntegration.integrationOutputsAsTypedValue
2026-06-03 01:29:41.435 DEBUG content 33860 723a5f38-72de-48e5-84bd-00ddbbcec310 Processing reference: TypedVariable[name=jsonRequest_map,it=252,v=<null>]
2026-06-03 01:29:41.435 DEBUG content 33860 723a5f38-72de-48e5-84bd-00ddbbcec310 Processing reference: TypedVariable[name=onSuccess,it=97,v=<null>]
2026-06-03 01:29:41.435 DEBUG content 33860 723a5f38-72de-48e5-84bd-00ddbbcec310 Processing reference: TypedVariable[name=onError,it=97,v=<null>]
2026-06-03 01:29:41.435 DEBUG content 33860 723a5f38-72de-48e5-84bd-00ddbbcec310 Processing reference: OutboundIntegration.parent
2026-06-03 01:29:41.447 DEBUG content 33860 723a5f38-72de-48e5-84bd-00ddbbcec310 Processing reference: com.appiancorp.suiteapi.content.ContentRoleMap@28bb70fa[
  ContentRole[name=readers,inherit=true,allowForAll=false]
  ContentRole[name=authors,inherit=true,allowForAll=false]
  ContentRole[name=administrators,inherit=true,allowForAll=false]
  ContentRole[name=denyReaders,inherit=false,allowForAll=false]
  ContentRole[name=denyAuthors,inherit=false,allowForAll=false]
  ContentRole[name=denyAdministrators,inherit=false,allowForAll=false]
  securityVector=15:SEC_PUBLIC=true,SEC_CREATOR_ADMIN=false,SEC_INH_ADMIN=true,SEC_INH_EDITOR=true,SEC_INH_VIEWER=true,SEC_ALL_ADMIN=false,SEC_ALL_EDITOR=false,SEC_ALL_VIEWER=false
]
2026-06-03 01:29:41.447 DEBUG content 33860 723a5f38-72de-48e5-84bd-00ddbbcec310 Processing reference: ContentRole[name=readers,inherit=true,allowForAll=false]
2026-06-03 01:29:41.447 DEBUG content 33860 723a5f38-72de-48e5-84bd-00ddbbcec310 Processing reference: ContentRole[name=authors,inherit=true,allowForAll=false]
2026-06-03 01:29:41.447 DEBUG content 33860 723a5f38-72de-48e5-84bd-00ddbbcec310 Processing reference: ContentRole[name=administrators,inherit=true,allowForAll=false]
2026-06-03 01:29:41.447 DEBUG content 33860 723a5f38-72de-48e5-84bd-00ddbbcec310 Processing reference: ContentRole[name=denyReaders,inherit=false,allowForAll=false]
2026-06-03 01:29:41.447 DEBUG content 33860 723a5f38-72de-48e5-84bd-00ddbbcec310 Processing reference: ContentRole[name=denyAuthors,inherit=false,allowForAll=false]
2026-06-03 01:29:41.447 DEBUG content 33860 723a5f38-72de-48e5-84bd-00ddbbcec310 Processing reference: ContentRole[name=denyAdministrators,inherit=false,allowForAll=false]
2026-06-03 01:29:41.447 DEBUG content 33860 723a5f38-72de-48e5-84bd-00ddbbcec310 Exporting binary resources.
2026-06-03 01:29:41.447 DEBUG content 33860 723a5f38-72de-48e5-84bd-00ddbbcec310 Serializing object to XML.
2026-06-03 01:29:41.453 DEBUG content 33860 723a5f38-72de-48e5-84bd-00ddbbcec310 Object transported.
2026-06-03 01:29:41.453 DEBUG content 33861 cb318f01-05ac-4753-ad28-49fb4039f38f Begin transport.
2026-06-03 01:29:41.453 DEBUG content 33861 cb318f01-05ac-4753-ad28-49fb4039f38f Retrieving object data.
2026-06-03 01:29:41.471 DEBUG content 33861 cb318f01-05ac-4753-ad28-49fb4039f38f Setting uuids of object references.
2026-06-03 01:29:41.471 DEBUG content 33861 cb318f01-05ac-4753-ad28-49fb4039f38f Processing reference: [Content:id=2564,versionId=-1,name=NCI_OPER_ActualizarAchivo,type=32,subtype=5,uuid=cb318f01-05ac-4753-ad28-49fb4039f38f,parent=1660]
2026-06-03 01:29:41.496 DEBUG content 33861 cb318f01-05ac-4753-ad28-49fb4039f38f Processing reference: OutboundIntegration.forum
2026-06-03 01:29:41.496 DEBUG content 33861 cb318f01-05ac-4753-ad28-49fb4039f38f Processing reference: OutboundIntegration.integrationOutputsAsTypedValue
2026-06-03 01:29:41.496 DEBUG content 33861 cb318f01-05ac-4753-ad28-49fb4039f38f Processing reference: TypedVariable[name=json_map,it=252,v=<null>]
2026-06-03 01:29:41.496 DEBUG content 33861 cb318f01-05ac-4753-ad28-49fb4039f38f Processing reference: TypedVariable[name=onSuccess,it=97,v=<null>]
2026-06-03 01:29:41.496 DEBUG content 33861 cb318f01-05ac-4753-ad28-49fb4039f38f Processing reference: TypedVariable[name=onError,it=97,v=<null>]
2026-06-03 01:29:41.496 DEBUG content 33861 cb318f01-05ac-4753-ad28-49fb4039f38f Processing reference: OutboundIntegration.parent
2026-06-03 01:29:41.509 DEBUG content 33861 cb318f01-05ac-4753-ad28-49fb4039f38f Processing reference: com.appiancorp.suiteapi.content.ContentRoleMap@5c275a5[
  ContentRole[name=readers,inherit=true,allowForAll=false]
  ContentRole[name=authors,inherit=true,allowForAll=false]
  ContentRole[name=administrators,inherit=true,allowForAll=false]
  ContentRole[name=denyReaders,inherit=false,allowForAll=false]
  ContentRole[name=denyAuthors,inherit=false,allowForAll=false]
  ContentRole[name=denyAdministrators,inherit=false,allowForAll=false]
  securityVector=15:SEC_PUBLIC=true,SEC_CREATOR_ADMIN=false,SEC_INH_ADMIN=true,SEC_INH_EDITOR=true,SEC_INH_VIEWER=true,SEC_ALL_ADMIN=false,SEC_ALL_EDITOR=false,SEC_ALL_VIEWER=false
]
2026-06-03 01:29:41.51 DEBUG content 33861 cb318f01-05ac-4753-ad28-49fb4039f38f Processing reference: ContentRole[name=readers,inherit=true,allowForAll=false]
2026-06-03 01:29:41.51 DEBUG content 33861 cb318f01-05ac-4753-ad28-49fb4039f38f Processing reference: ContentRole[name=authors,inherit=true,allowForAll=false]
2026-06-03 01:29:41.51 DEBUG content 33861 cb318f01-05ac-4753-ad28-49fb4039f38f Processing reference: ContentRole[name=administrators,inherit=true,allowForAll=false]
2026-06-03 01:29:41.51 DEBUG content 33861 cb318f01-05ac-4753-ad28-49fb4039f38f Processing reference: ContentRole[name=denyReaders,inherit=false,allowForAll=false]
2026-06-03 01:29:41.51 DEBUG content 33861 cb318f01-05ac-4753-ad28-49fb4039f38f Processing reference: ContentRole[name=denyAuthors,inherit=false,allowForAll=false]
2026-06-03 01:29:41.51 DEBUG content 33861 cb318f01-05ac-4753-ad28-49fb4039f38f Processing reference: ContentRole[name=denyAdministrators,inherit=false,allowForAll=false]
2026-06-03 01:29:41.513 DEBUG content 33861 cb318f01-05ac-4753-ad28-49fb4039f38f Exporting binary resources.
2026-06-03 01:29:41.513 DEBUG content 33861 cb318f01-05ac-4753-ad28-49fb4039f38f Serializing object to XML.
2026-06-03 01:29:41.521 DEBUG content 33861 cb318f01-05ac-4753-ad28-49fb4039f38f Object transported.
2026-06-03 01:29:41.521 DEBUG content 33862 _a-0000ef47-4270-8000-9bc5-011c48011c48_544300 Begin transport.
2026-06-03 01:29:41.521 DEBUG content 33862 _a-0000ef47-4270-8000-9bc5-011c48011c48_544300 Retrieving object data.
2026-06-03 01:29:41.553 DEBUG content 33862 _a-0000ef47-4270-8000-9bc5-011c48011c48_544300 Setting uuids of object references.
2026-06-03 01:29:41.553 DEBUG content 33862 _a-0000ef47-4270-8000-9bc5-011c48011c48_544300 Processing reference: [Content:id=31853,versionId=-1,name=NCI_OPER_getPrecifrasSumOrdenadasIssste,type=32,subtype=5,uuid=_a-0000ef47-4270-8000-9bc5-011c48011c48_544300,parent=1660]
2026-06-03 01:29:41.588 DEBUG content 33862 _a-0000ef47-4270-8000-9bc5-011c48011c48_544300 Processing reference: OutboundIntegration.forum
2026-06-03 01:29:41.589 DEBUG content 33862 _a-0000ef47-4270-8000-9bc5-011c48011c48_544300 Processing reference: OutboundIntegration.integrationOutputsAsTypedValue
2026-06-03 01:29:41.589 DEBUG content 33862 _a-0000ef47-4270-8000-9bc5-011c48011c48_544300 Processing reference: TypedVariable[name=folio,it=3,v=]
2026-06-03 01:29:41.589 DEBUG content 33862 _a-0000ef47-4270-8000-9bc5-011c48011c48_544300 Processing reference: TypedVariable[name=fileId,it=1,v=<null>]
2026-06-03 01:29:41.589 DEBUG content 33862 _a-0000ef47-4270-8000-9bc5-011c48011c48_544300 Processing reference: TypedVariable[name=depositTypes,it=3,v=]
2026-06-03 01:29:41.589 DEBUG content 33862 _a-0000ef47-4270-8000-9bc5-011c48011c48_544300 Processing reference: OutboundIntegration.parent
2026-06-03 01:29:41.6 DEBUG content 33862 _a-0000ef47-4270-8000-9bc5-011c48011c48_544300 Processing reference: com.appiancorp.suiteapi.content.ContentRoleMap@2e3f039[
  ContentRole[name=readers,inherit=true,allowForAll=false]
  ContentRole[name=authors,inherit=true,allowForAll=false]
  ContentRole[name=administrators,inherit=true,allowForAll=false]
  ContentRole[name=denyReaders,inherit=false,allowForAll=false]
  ContentRole[name=denyAuthors,inherit=false,allowForAll=false]
  ContentRole[name=denyAdministrators,inherit=false,allowForAll=false]
  securityVector=15:SEC_PUBLIC=true,SEC_CREATOR_ADMIN=false,SEC_INH_ADMIN=true,SEC_INH_EDITOR=true,SEC_INH_VIEWER=true,SEC_ALL_ADMIN=false,SEC_ALL_EDITOR=false,SEC_ALL_VIEWER=false
]
2026-06-03 01:29:41.6 DEBUG content 33862 _a-0000ef47-4270-8000-9bc5-011c48011c48_544300 Processing reference: ContentRole[name=readers,inherit=true,allowForAll=false]
2026-06-03 01:29:41.6 DEBUG content 33862 _a-0000ef47-4270-8000-9bc5-011c48011c48_544300 Processing reference: ContentRole[name=authors,inherit=true,allowForAll=false]
2026-06-03 01:29:41.6 DEBUG content 33862 _a-0000ef47-4270-8000-9bc5-011c48011c48_544300 Processing reference: ContentRole[name=administrators,inherit=true,allowForAll=false]
2026-06-03 01:29:41.6 DEBUG content 33862 _a-0000ef47-4270-8000-9bc5-011c48011c48_544300 Processing reference: ContentRole[name=denyReaders,inherit=false,allowForAll=false]
2026-06-03 01:29:41.6 DEBUG content 33862 _a-0000ef47-4270-8000-9bc5-011c48011c48_544300 Processing reference: ContentRole[name=denyAuthors,inherit=false,allowForAll=false]
2026-06-03 01:29:41.6 DEBUG content 33862 _a-0000ef47-4270-8000-9bc5-011c48011c48_544300 Processing reference: ContentRole[name=denyAdministrators,inherit=false,allowForAll=false]
2026-06-03 01:29:41.601 DEBUG content 33862 _a-0000ef47-4270-8000-9bc5-011c48011c48_544300 Exporting binary resources.
2026-06-03 01:29:41.601 DEBUG content 33862 _a-0000ef47-4270-8000-9bc5-011c48011c48_544300 Serializing object to XML.
2026-06-03 01:29:41.615 DEBUG content 33862 _a-0000ef47-4270-8000-9bc5-011c48011c48_544300 Object transported.
2026-06-03 01:29:41.615 DEBUG content 33863 2fb52d7c-cee1-486b-b98d-ad429378a315 Begin transport.
2026-06-03 01:29:41.615 DEBUG content 33863 2fb52d7c-cee1-486b-b98d-ad429378a315 Retrieving object data.
2026-06-03 01:29:41.64 DEBUG content 33863 2fb52d7c-cee1-486b-b98d-ad429378a315 Setting uuids of object references.
2026-06-03 01:29:41.64 DEBUG content 33863 2fb52d7c-cee1-486b-b98d-ad429378a315 Processing reference: [Content:id=16749,versionId=-1,name=ND_postDictaminarCliente,type=32,subtype=5,uuid=2fb52d7c-cee1-486b-b98d-ad429378a315,parent=26222]
2026-06-03 01:29:41.682 DEBUG content 33863 2fb52d7c-cee1-486b-b98d-ad429378a315 Processing reference: OutboundIntegration.forum
2026-06-03 01:29:41.682 DEBUG content 33863 2fb52d7c-cee1-486b-b98d-ad429378a315 Processing reference: OutboundIntegration.integrationOutputsAsTypedValue
2026-06-03 01:29:41.683 DEBUG content 33863 2fb52d7c-cee1-486b-b98d-ad429378a315 Processing reference: TypedVariable[name=dictam_body,it=252,v=<null>]
2026-06-03 01:29:41.683 DEBUG content 33863 2fb52d7c-cee1-486b-b98d-ad429378a315 Processing reference: TypedVariable[name=onSuccess,it=97,v=<null>]
2026-06-03 01:29:41.683 DEBUG content 33863 2fb52d7c-cee1-486b-b98d-ad429378a315 Processing reference: TypedVariable[name=onError,it=97,v=<null>]
2026-06-03 01:29:41.683 DEBUG content 33863 2fb52d7c-cee1-486b-b98d-ad429378a315 Processing reference: OutboundIntegration.parent
2026-06-03 01:29:41.69 DEBUG content 33863 2fb52d7c-cee1-486b-b98d-ad429378a315 Processing reference: com.appiancorp.suiteapi.content.ContentRoleMap@399c9abf[
  ContentRole[name=readers,inherit=true,allowForAll=false]
  ContentRole[name=authors,inherit=true,allowForAll=false]
  ContentRole[name=administrators,inherit=true,allowForAll=false]
  ContentRole[name=denyReaders,inherit=false,allowForAll=false]
  ContentRole[name=denyAuthors,inherit=false,allowForAll=false]
  ContentRole[name=denyAdministrators,inherit=false,allowForAll=false]
  securityVector=15:SEC_PUBLIC=true,SEC_CREATOR_ADMIN=false,SEC_INH_ADMIN=true,SEC_INH_EDITOR=true,SEC_INH_VIEWER=true,SEC_ALL_ADMIN=false,SEC_ALL_EDITOR=false,SEC_ALL_VIEWER=false
]
2026-06-03 01:29:41.69 DEBUG content 33863 2fb52d7c-cee1-486b-b98d-ad429378a315 Processing reference: ContentRole[name=readers,inherit=true,allowForAll=false]
2026-06-03 01:29:41.691 DEBUG content 33863 2fb52d7c-cee1-486b-b98d-ad429378a315 Processing reference: ContentRole[name=authors,inherit=true,allowForAll=false]
2026-06-03 01:29:41.691 DEBUG content 33863 2fb52d7c-cee1-486b-b98d-ad429378a315 Processing reference: ContentRole[name=administrators,inherit=true,allowForAll=false]
2026-06-03 01:29:41.691 DEBUG content 33863 2fb52d7c-cee1-486b-b98d-ad429378a315 Processing reference: ContentRole[name=denyReaders,inherit=false,allowForAll=false]
2026-06-03 01:29:41.691 DEBUG content 33863 2fb52d7c-cee1-486b-b98d-ad429378a315 Processing reference: ContentRole[name=denyAuthors,inherit=false,allowForAll=false]
2026-06-03 01:29:41.691 DEBUG content 33863 2fb52d7c-cee1-486b-b98d-ad429378a315 Processing reference: ContentRole[name=denyAdministrators,inherit=false,allowForAll=false]
2026-06-03 01:29:41.692 DEBUG content 33863 2fb52d7c-cee1-486b-b98d-ad429378a315 Exporting binary resources.
2026-06-03 01:29:41.692 DEBUG content 33863 2fb52d7c-cee1-486b-b98d-ad429378a315 Serializing object to XML.
2026-06-03 01:29:41.698 DEBUG content 33863 2fb52d7c-cee1-486b-b98d-ad429378a315 Object transported.
2026-06-03 01:29:41.698 DEBUG content 33864 626f39d0-e528-4bf9-a7b8-429f64e12cf9 Begin transport.
2026-06-03 01:29:41.698 DEBUG content 33864 626f39d0-e528-4bf9-a7b8-429f64e12cf9 Retrieving object data.
2026-06-03 01:29:41.715 DEBUG content 33864 626f39d0-e528-4bf9-a7b8-429f64e12cf9 Setting uuids of object references.
2026-06-03 01:29:41.715 DEBUG content 33864 626f39d0-e528-4bf9-a7b8-429f64e12cf9 Processing reference: [Content:id=30488,versionId=-1,name=NCI_OPER_TotalPreCifras_Sumarizadas_ISSSTE,type=32,subtype=5,uuid=626f39d0-e528-4bf9-a7b8-429f64e12cf9,parent=1660]
2026-06-03 01:29:41.73 DEBUG content 33864 626f39d0-e528-4bf9-a7b8-429f64e12cf9 Processing reference: OutboundIntegration.forum
2026-06-03 01:29:41.73 DEBUG content 33864 626f39d0-e528-4bf9-a7b8-429f64e12cf9 Processing reference: OutboundIntegration.integrationOutputsAsTypedValue
2026-06-03 01:29:41.73 DEBUG content 33864 626f39d0-e528-4bf9-a7b8-429f64e12cf9 Processing reference: TypedVariable[name=folio_txt,it=3,v=]
2026-06-03 01:29:41.73 DEBUG content 33864 626f39d0-e528-4bf9-a7b8-429f64e12cf9 Processing reference: TypedVariable[name=fileId_txt,it=3,v=]
2026-06-03 01:29:41.731 DEBUG content 33864 626f39d0-e528-4bf9-a7b8-429f64e12cf9 Processing reference: OutboundIntegration.parent
2026-06-03 01:29:41.735 DEBUG content 33864 626f39d0-e528-4bf9-a7b8-429f64e12cf9 Processing reference: com.appiancorp.suiteapi.content.ContentRoleMap@24914794[
  ContentRole[name=readers,inherit=true,allowForAll=false]
  ContentRole[name=authors,inherit=true,allowForAll=false]
  ContentRole[name=administrators,inherit=true,allowForAll=false]
  ContentRole[name=denyReaders,inherit=false,allowForAll=false]
  ContentRole[name=denyAuthors,inherit=false,allowForAll=false]
  ContentRole[name=denyAdministrators,inherit=false,allowForAll=false]
  securityVector=15:SEC_PUBLIC=true,SEC_CREATOR_ADMIN=false,SEC_INH_ADMIN=true,SEC_INH_EDITOR=true,SEC_INH_VIEWER=true,SEC_ALL_ADMIN=false,SEC_ALL_EDITOR=false,SEC_ALL_VIEWER=false
]
2026-06-03 01:29:41.735 DEBUG content 33864 626f39d0-e528-4bf9-a7b8-429f64e12cf9 Processing reference: ContentRole[name=readers,inherit=true,allowForAll=false]
2026-06-03 01:29:41.735 DEBUG content 33864 626f39d0-e528-4bf9-a7b8-429f64e12cf9 Processing reference: ContentRole[name=authors,inherit=true,allowForAll=false]
2026-06-03 01:29:41.735 DEBUG content 33864 626f39d0-e528-4bf9-a7b8-429f64e12cf9 Processing reference: ContentRole[name=administrators,inherit=true,allowForAll=false]
2026-06-03 01:29:41.735 DEBUG content 33864 626f39d0-e528-4bf9-a7b8-429f64e12cf9 Processing reference: ContentRole[name=denyReaders,inherit=false,allowForAll=false]
2026-06-03 01:29:41.735 DEBUG content 33864 626f39d0-e528-4bf9-a7b8-429f64e12cf9 Processing reference: ContentRole[name=denyAuthors,inherit=false,allowForAll=false]
2026-06-03 01:29:41.735 DEBUG content 33864 626f39d0-e528-4bf9-a7b8-429f64e12cf9 Processing reference: ContentRole[name=denyAdministrators,inherit=false,allowForAll=false]
2026-06-03 01:29:41.736 DEBUG content 33864 626f39d0-e528-4bf9-a7b8-429f64e12cf9 Exporting binary resources.
2026-06-03 01:29:41.736 DEBUG content 33864 626f39d0-e528-4bf9-a7b8-429f64e12cf9 Serializing object to XML.
2026-06-03 01:29:41.74 DEBUG content 33864 626f39d0-e528-4bf9-a7b8-429f64e12cf9 Object transported.
2026-06-03 01:29:41.74 DEBUG content 33865 1aca073e-8baa-4e9f-8278-273f3272a1cc Begin transport.
2026-06-03 01:29:41.74 DEBUG content 33865 1aca073e-8baa-4e9f-8278-273f3272a1cc Retrieving object data.
2026-06-03 01:29:41.756 DEBUG content 33865 1aca073e-8baa-4e9f-8278-273f3272a1cc Setting uuids of object references.
2026-06-03 01:29:41.757 DEBUG content 33865 1aca073e-8baa-4e9f-8278-273f3272a1cc Processing reference: [Content:id=15736,versionId=-1,name=NCI_OPER_ExportCuentasDesmarcadas,type=32,subtype=5,uuid=1aca073e-8baa-4e9f-8278-273f3272a1cc,parent=1660]
2026-06-03 01:29:41.774 DEBUG content 33865 1aca073e-8baa-4e9f-8278-273f3272a1cc Processing reference: OutboundIntegration.forum
2026-06-03 01:29:41.775 DEBUG content 33865 1aca073e-8baa-4e9f-8278-273f3272a1cc Processing reference: OutboundIntegration.integrationOutputsAsTypedValue
2026-06-03 01:29:41.776 DEBUG content 33865 1aca073e-8baa-4e9f-8278-273f3272a1cc Processing reference: TypedVariable[name=folioNumber,it=3,v=]
2026-06-03 01:29:41.776 DEBUG content 33865 1aca073e-8baa-4e9f-8278-273f3272a1cc Processing reference: TypedVariable[name=onSuccess,it=97,v=<null>]
2026-06-03 01:29:41.776 DEBUG content 33865 1aca073e-8baa-4e9f-8278-273f3272a1cc Processing reference: TypedVariable[name=onError,it=97,v=<null>]
2026-06-03 01:29:41.776 DEBUG content 33865 1aca073e-8baa-4e9f-8278-273f3272a1cc Processing reference: OutboundIntegration.parent
2026-06-03 01:29:41.782 DEBUG content 33865 1aca073e-8baa-4e9f-8278-273f3272a1cc Processing reference: com.appiancorp.suiteapi.content.ContentRoleMap@2763a71b[
  ContentRole[name=readers,inherit=true,allowForAll=false]
  ContentRole[name=authors,inherit=true,allowForAll=false]
  ContentRole[name=administrators,inherit=true,allowForAll=false]
  ContentRole[name=denyReaders,inherit=false,allowForAll=false]
  ContentRole[name=denyAuthors,inherit=false,allowForAll=false]
  ContentRole[name=denyAdministrators,inherit=false,allowForAll=false]
  securityVector=15:SEC_PUBLIC=true,SEC_CREATOR_ADMIN=false,SEC_INH_ADMIN=true,SEC_INH_EDITOR=true,SEC_INH_VIEWER=true,SEC_ALL_ADMIN=false,SEC_ALL_EDITOR=false,SEC_ALL_VIEWER=false
]
2026-06-03 01:29:41.782 DEBUG content 33865 1aca073e-8baa-4e9f-8278-273f3272a1cc Processing reference: ContentRole[name=readers,inherit=true,allowForAll=false]
2026-06-03 01:29:41.782 DEBUG content 33865 1aca073e-8baa-4e9f-8278-273f3272a1cc Processing reference: ContentRole[name=authors,inherit=true,allowForAll=false]
2026-06-03 01:29:41.782 DEBUG content 33865 1aca073e-8baa-4e9f-8278-273f3272a1cc Processing reference: ContentRole[name=administrators,inherit=true,allowForAll=false]
2026-06-03 01:29:41.782 DEBUG content 33865 1aca073e-8baa-4e9f-8278-273f3272a1cc Processing reference: ContentRole[name=denyReaders,inherit=false,allowForAll=false]
2026-06-03 01:29:41.782 DEBUG content 33865 1aca073e-8baa-4e9f-8278-273f3272a1cc Processing reference: ContentRole[name=denyAuthors,inherit=false,allowForAll=false]
2026-06-03 01:29:41.782 DEBUG content 33865 1aca073e-8baa-4e9f-8278-273f3272a1cc Processing reference: ContentRole[name=denyAdministrators,inherit=false,allowForAll=false]
2026-06-03 01:29:41.783 DEBUG content 33865 1aca073e-8baa-4e9f-8278-273f3272a1cc Exporting binary resources.
2026-06-03 01:29:41.783 DEBUG content 33865 1aca073e-8baa-4e9f-8278-273f3272a1cc Serializing object to XML.
2026-06-03 01:29:41.788 DEBUG content 33865 1aca073e-8baa-4e9f-8278-273f3272a1cc Object transported.
2026-06-03 01:29:41.788 DEBUG content 33866 a85c60d3-bf5b-453f-bdfd-b2e0a2bd6e50 Begin transport.
2026-06-03 01:29:41.788 DEBUG content 33866 a85c60d3-bf5b-453f-bdfd-b2e0a2bd6e50 Retrieving object data.
2026-06-03 01:29:41.809 DEBUG content 33866 a85c60d3-bf5b-453f-bdfd-b2e0a2bd6e50 Setting uuids of object references.
2026-06-03 01:29:41.809 DEBUG content 33866 a85c60d3-bf5b-453f-bdfd-b2e0a2bd6e50 Processing reference: [Content:id=30490,versionId=-1,name=NCI_OPER_PrecifrasSumarizadas_ISSSTE,type=32,subtype=5,uuid=a85c60d3-bf5b-453f-bdfd-b2e0a2bd6e50,parent=1660]
2026-06-03 01:29:41.822 DEBUG content 33866 a85c60d3-bf5b-453f-bdfd-b2e0a2bd6e50 Processing reference: OutboundIntegration.forum
2026-06-03 01:29:41.822 DEBUG content 33866 a85c60d3-bf5b-453f-bdfd-b2e0a2bd6e50 Processing reference: OutboundIntegration.integrationOutputsAsTypedValue
2026-06-03 01:29:41.823 DEBUG content 33866 a85c60d3-bf5b-453f-bdfd-b2e0a2bd6e50 Processing reference: TypedVariable[name=folio,it=3,v=]
2026-06-03 01:29:41.823 DEBUG content 33866 a85c60d3-bf5b-453f-bdfd-b2e0a2bd6e50 Processing reference: TypedVariable[name=idArchivo,it=1,v=<null>]
2026-06-03 01:29:41.823 DEBUG content 33866 a85c60d3-bf5b-453f-bdfd-b2e0a2bd6e50 Processing reference: OutboundIntegration.parent
2026-06-03 01:29:41.826 DEBUG content 33866 a85c60d3-bf5b-453f-bdfd-b2e0a2bd6e50 Processing reference: com.appiancorp.suiteapi.content.ContentRoleMap@78d37fdf[
  ContentRole[name=readers,inherit=true,allowForAll=false]
  ContentRole[name=authors,inherit=true,allowForAll=false]
  ContentRole[name=administrators,inherit=true,allowForAll=false]
  ContentRole[name=denyReaders,inherit=false,allowForAll=false]
  ContentRole[name=denyAuthors,inherit=false,allowForAll=false]
  ContentRole[name=denyAdministrators,inherit=false,allowForAll=false]
  securityVector=15:SEC_PUBLIC=true,SEC_CREATOR_ADMIN=false,SEC_INH_ADMIN=true,SEC_INH_EDITOR=true,SEC_INH_VIEWER=true,SEC_ALL_ADMIN=false,SEC_ALL_EDITOR=false,SEC_ALL_VIEWER=false
]
2026-06-03 01:29:41.826 DEBUG content 33866 a85c60d3-bf5b-453f-bdfd-b2e0a2bd6e50 Processing reference: ContentRole[name=readers,inherit=true,allowForAll=false]
2026-06-03 01:29:41.826 DEBUG content 33866 a85c60d3-bf5b-453f-bdfd-b2e0a2bd6e50 Processing reference: ContentRole[name=authors,inherit=true,allowForAll=false]
2026-06-03 01:29:41.826 DEBUG content 33866 a85c60d3-bf5b-453f-bdfd-b2e0a2bd6e50 Processing reference: ContentRole[name=administrators,inherit=true,allowForAll=false]
2026-06-03 01:29:41.826 DEBUG content 33866 a85c60d3-bf5b-453f-bdfd-b2e0a2bd6e50 Processing reference: ContentRole[name=denyReaders,inherit=false,allowForAll=false]
2026-06-03 01:29:41.826 DEBUG content 33866 a85c60d3-bf5b-453f-bdfd-b2e0a2bd6e50 Processing reference: ContentRole[name=denyAuthors,inherit=false,allowForAll=false]
2026-06-03 01:29:41.826 DEBUG content 33866 a85c60d3-bf5b-453f-bdfd-b2e0a2bd6e50 Processing reference: ContentRole[name=denyAdministrators,inherit=false,allowForAll=false]
2026-06-03 01:29:41.831 DEBUG content 33866 a85c60d3-bf5b-453f-bdfd-b2e0a2bd6e50 Exporting binary resources.
2026-06-03 01:29:41.831 DEBUG content 33866 a85c60d3-bf5b-453f-bdfd-b2e0a2bd6e50 Serializing object to XML.
2026-06-03 01:29:41.836 DEBUG content 33866 a85c60d3-bf5b-453f-bdfd-b2e0a2bd6e50 Object transported.
2026-06-03 01:29:41.836 DEBUG content 33867 16ebe18e-b91d-4fb6-a532-9a9c999fb8d8 Begin transport.
2026-06-03 01:29:41.836 DEBUG content 33867 16ebe18e-b91d-4fb6-a532-9a9c999fb8d8 Retrieving object data.
2026-06-03 01:29:41.85 DEBUG content 33867 16ebe18e-b91d-4fb6-a532-9a9c999fb8d8 Setting uuids of object references.
2026-06-03 01:29:41.85 DEBUG content 33867 16ebe18e-b91d-4fb6-a532-9a9c999fb8d8 Processing reference: [Content:id=30489,versionId=-1,name=NCI_OPER_PrecifrasReporteExcel_ISSSTE,type=32,subtype=5,uuid=16ebe18e-b91d-4fb6-a532-9a9c999fb8d8,parent=1660]
2026-06-03 01:29:41.871 DEBUG content 33867 16ebe18e-b91d-4fb6-a532-9a9c999fb8d8 Processing reference: OutboundIntegration.forum
2026-06-03 01:29:41.872 DEBUG content 33867 16ebe18e-b91d-4fb6-a532-9a9c999fb8d8 Processing reference: OutboundIntegration.integrationOutputsAsTypedValue
2026-06-03 01:29:41.872 DEBUG content 33867 16ebe18e-b91d-4fb6-a532-9a9c999fb8d8 Processing reference: TypedVariable[name=preNumbers,it=26,v=<null>]
2026-06-03 01:29:41.872 DEBUG content 33867 16ebe18e-b91d-4fb6-a532-9a9c999fb8d8 Processing reference: TypedVariable[name=folioNumber,it=3,v=]
2026-06-03 01:29:41.872 DEBUG content 33867 16ebe18e-b91d-4fb6-a532-9a9c999fb8d8 Processing reference: TypedVariable[name=onSuccess,it=97,v=<null>]
2026-06-03 01:29:41.872 DEBUG content 33867 16ebe18e-b91d-4fb6-a532-9a9c999fb8d8 Processing reference: TypedVariable[name=onError,it=97,v=<null>]
2026-06-03 01:29:41.872 DEBUG content 33867 16ebe18e-b91d-4fb6-a532-9a9c999fb8d8 Processing reference: OutboundIntegration.parent
2026-06-03 01:29:41.876 DEBUG content 33867 16ebe18e-b91d-4fb6-a532-9a9c999fb8d8 Processing reference: com.appiancorp.suiteapi.content.ContentRoleMap@592fd913[
  ContentRole[name=readers,inherit=true,allowForAll=false]
  ContentRole[name=authors,inherit=true,allowForAll=false]
  ContentRole[name=administrators,inherit=true,allowForAll=false]
  ContentRole[name=denyReaders,inherit=false,allowForAll=false]
  ContentRole[name=denyAuthors,inherit=false,allowForAll=false]
  ContentRole[name=denyAdministrators,inherit=false,allowForAll=false]
  securityVector=15:SEC_PUBLIC=true,SEC_CREATOR_ADMIN=false,SEC_INH_ADMIN=true,SEC_INH_EDITOR=true,SEC_INH_VIEWER=true,SEC_ALL_ADMIN=false,SEC_ALL_EDITOR=false,SEC_ALL_VIEWER=false
]
2026-06-03 01:29:41.876 DEBUG content 33867 16ebe18e-b91d-4fb6-a532-9a9c999fb8d8 Processing reference: ContentRole[name=readers,inherit=true,allowForAll=false]
2026-06-03 01:29:41.876 DEBUG content 33867 16ebe18e-b91d-4fb6-a532-9a9c999fb8d8 Processing reference: ContentRole[name=authors,inherit=true,allowForAll=false]
2026-06-03 01:29:41.876 DEBUG content 33867 16ebe18e-b91d-4fb6-a532-9a9c999fb8d8 Processing reference: ContentRole[name=administrators,inherit=true,allowForAll=false]
2026-06-03 01:29:41.876 DEBUG content 33867 16ebe18e-b91d-4fb6-a532-9a9c999fb8d8 Processing reference: ContentRole[name=denyReaders,inherit=false,allowForAll=false]
2026-06-03 01:29:41.876 DEBUG content 33867 16ebe18e-b91d-4fb6-a532-9a9c999fb8d8 Processing reference: ContentRole[name=denyAuthors,inherit=false,allowForAll=false]
2026-06-03 01:29:41.876 DEBUG content 33867 16ebe18e-b91d-4fb6-a532-9a9c999fb8d8 Processing reference: ContentRole[name=denyAdministrators,inherit=false,allowForAll=false]
2026-06-03 01:29:41.877 DEBUG content 33867 16ebe18e-b91d-4fb6-a532-9a9c999fb8d8 Exporting binary resources.
2026-06-03 01:29:41.877 DEBUG content 33867 16ebe18e-b91d-4fb6-a532-9a9c999fb8d8 Serializing object to XML.
2026-06-03 01:29:41.882 DEBUG content 33867 16ebe18e-b91d-4fb6-a532-9a9c999fb8d8 Object transported.
2026-06-03 01:29:41.882 DEBUG content 33870 37f8749d-fb4f-4e7e-9188-71c811c6dc9c Begin transport.
2026-06-03 01:29:41.882 DEBUG content 33870 37f8749d-fb4f-4e7e-9188-71c811c6dc9c Retrieving object data.
2026-06-03 01:29:41.893 DEBUG content 33870 37f8749d-fb4f-4e7e-9188-71c811c6dc9c Setting uuids of object references.
2026-06-03 01:29:41.893 DEBUG content 33870 37f8749d-fb4f-4e7e-9188-71c811c6dc9c Processing reference: [Content:id=2425,versionId=-1,name=NCI_OPER_SubstagesStart,type=32,subtype=5,uuid=37f8749d-fb4f-4e7e-9188-71c811c6dc9c,parent=1660]
2026-06-03 01:29:41.911 DEBUG content 33870 37f8749d-fb4f-4e7e-9188-71c811c6dc9c Processing reference: OutboundIntegration.forum
2026-06-03 01:29:41.911 DEBUG content 33870 37f8749d-fb4f-4e7e-9188-71c811c6dc9c Processing reference: OutboundIntegration.integrationOutputsAsTypedValue
2026-06-03 01:29:41.911 DEBUG content 33870 37f8749d-fb4f-4e7e-9188-71c811c6dc9c Processing reference: TypedVariable[name=body_map,it=252,v=<null>]
2026-06-03 01:29:41.911 DEBUG content 33870 37f8749d-fb4f-4e7e-9188-71c811c6dc9c Processing reference: TypedVariable[name=onSuccess,it=97,v=<null>]
2026-06-03 01:29:41.911 DEBUG content 33870 37f8749d-fb4f-4e7e-9188-71c811c6dc9c Processing reference: TypedVariable[name=onError,it=97,v=<null>]
2026-06-03 01:29:41.911 DEBUG content 33870 37f8749d-fb4f-4e7e-9188-71c811c6dc9c Processing reference: OutboundIntegration.parent
2026-06-03 01:29:41.914 DEBUG content 33870 37f8749d-fb4f-4e7e-9188-71c811c6dc9c Processing reference: com.appiancorp.suiteapi.content.ContentRoleMap@2f3aeb78[
  ContentRole[name=readers,inherit=true,allowForAll=false]
  ContentRole[name=authors,inherit=true,allowForAll=false]
  ContentRole[name=administrators,inherit=true,allowForAll=false]
  ContentRole[name=denyReaders,inherit=false,allowForAll=false]
  ContentRole[name=denyAuthors,inherit=false,allowForAll=false]
  ContentRole[name=denyAdministrators,inherit=false,allowForAll=false]
  securityVector=15:SEC_PUBLIC=true,SEC_CREATOR_ADMIN=false,SEC_INH_ADMIN=true,SEC_INH_EDITOR=true,SEC_INH_VIEWER=true,SEC_ALL_ADMIN=false,SEC_ALL_EDITOR=false,SEC_ALL_VIEWER=false
]
2026-06-03 01:29:41.914 DEBUG content 33870 37f8749d-fb4f-4e7e-9188-71c811c6dc9c Processing reference: ContentRole[name=readers,inherit=true,allowForAll=false]
2026-06-03 01:29:41.914 DEBUG content 33870 37f8749d-fb4f-4e7e-9188-71c811c6dc9c Processing reference: ContentRole[name=authors,inherit=true,allowForAll=false]
2026-06-03 01:29:41.914 DEBUG content 33870 37f8749d-fb4f-4e7e-9188-71c811c6dc9c Processing reference: ContentRole[name=administrators,inherit=true,allowForAll=false]
2026-06-03 01:29:41.914 DEBUG content 33870 37f8749d-fb4f-4e7e-9188-71c811c6dc9c Processing reference: ContentRole[name=denyReaders,inherit=false,allowForAll=false]
2026-06-03 01:29:41.914 DEBUG content 33870 37f8749d-fb4f-4e7e-9188-71c811c6dc9c Processing reference: ContentRole[name=denyAuthors,inherit=false,allowForAll=false]
2026-06-03 01:29:41.914 DEBUG content 33870 37f8749d-fb4f-4e7e-9188-71c811c6dc9c Processing reference: ContentRole[name=denyAdministrators,inherit=false,allowForAll=false]
2026-06-03 01:29:41.914 DEBUG content 33870 37f8749d-fb4f-4e7e-9188-71c811c6dc9c Exporting binary resources.
2026-06-03 01:29:41.914 DEBUG content 33870 37f8749d-fb4f-4e7e-9188-71c811c6dc9c Serializing object to XML.
2026-06-03 01:29:41.918 DEBUG content 33870 37f8749d-fb4f-4e7e-9188-71c811c6dc9c Object transported.
2026-06-03 01:29:41.918 DEBUG content 33871 24ebb507-67a1-4c24-953d-43a72cc03fba Begin transport.
2026-06-03 01:29:41.918 DEBUG content 33871 24ebb507-67a1-4c24-953d-43a72cc03fba Retrieving object data.
2026-06-03 01:29:41.927 DEBUG content 33871 24ebb507-67a1-4c24-953d-43a72cc03fba Setting uuids of object references.
2026-06-03 01:29:41.927 DEBUG content 33871 24ebb507-67a1-4c24-953d-43a72cc03fba Processing reference: [Content:id=30487,versionId=-1,name=NCI_OPER_PrecifrasSumarizadasVivienda_ISSSTE,type=32,subtype=5,uuid=24ebb507-67a1-4c24-953d-43a72cc03fba,parent=1660]
2026-06-03 01:29:41.936 DEBUG content 33871 24ebb507-67a1-4c24-953d-43a72cc03fba Processing reference: OutboundIntegration.forum
2026-06-03 01:29:41.936 DEBUG content 33871 24ebb507-67a1-4c24-953d-43a72cc03fba Processing reference: OutboundIntegration.integrationOutputsAsTypedValue
2026-06-03 01:29:41.936 DEBUG content 33871 24ebb507-67a1-4c24-953d-43a72cc03fba Processing reference: TypedVariable[name=folio,it=3,v=]
2026-06-03 01:29:41.936 DEBUG content 33871 24ebb507-67a1-4c24-953d-43a72cc03fba Processing reference: TypedVariable[name=idArchivo,it=1,v=<null>]
2026-06-03 01:29:41.936 DEBUG content 33871 24ebb507-67a1-4c24-953d-43a72cc03fba Processing reference: OutboundIntegration.parent
2026-06-03 01:29:41.939 DEBUG content 33871 24ebb507-67a1-4c24-953d-43a72cc03fba Processing reference: com.appiancorp.suiteapi.content.ContentRoleMap@10f3bac1[
  ContentRole[name=readers,inherit=true,allowForAll=false]
  ContentRole[name=authors,inherit=true,allowForAll=false]
  ContentRole[name=administrators,inherit=true,allowForAll=false]
  ContentRole[name=denyReaders,inherit=false,allowForAll=false]
  ContentRole[name=denyAuthors,inherit=false,allowForAll=false]
  ContentRole[name=denyAdministrators,inherit=false,allowForAll=false]
  securityVector=15:SEC_PUBLIC=true,SEC_CREATOR_ADMIN=false,SEC_INH_ADMIN=true,SEC_INH_EDITOR=true,SEC_INH_VIEWER=true,SEC_ALL_ADMIN=false,SEC_ALL_EDITOR=false,SEC_ALL_VIEWER=false
]
2026-06-03 01:29:41.939 DEBUG content 33871 24ebb507-67a1-4c24-953d-43a72cc03fba Processing reference: ContentRole[name=readers,inherit=true,allowForAll=false]
2026-06-03 01:29:41.939 DEBUG content 33871 24ebb507-67a1-4c24-953d-43a72cc03fba Processing reference: ContentRole[name=authors,inherit=true,allowForAll=false]
2026-06-03 01:29:41.939 DEBUG content 33871 24ebb507-67a1-4c24-953d-43a72cc03fba Processing reference: ContentRole[name=administrators,inherit=true,allowForAll=false]
2026-06-03 01:29:41.939 DEBUG content 33871 24ebb507-67a1-4c24-953d-43a72cc03fba Processing reference: ContentRole[name=denyReaders,inherit=false,allowForAll=false]
2026-06-03 01:29:41.939 DEBUG content 33871 24ebb507-67a1-4c24-953d-43a72cc03fba Processing reference: ContentRole[name=denyAuthors,inherit=false,allowForAll=false]
2026-06-03 01:29:41.939 DEBUG content 33871 24ebb507-67a1-4c24-953d-43a72cc03fba Processing reference: ContentRole[name=denyAdministrators,inherit=false,allowForAll=false]
2026-06-03 01:29:41.94 DEBUG content 33871 24ebb507-67a1-4c24-953d-43a72cc03fba Exporting binary resources.
2026-06-03 01:29:41.94 DEBUG content 33871 24ebb507-67a1-4c24-953d-43a72cc03fba Serializing object to XML.
2026-06-03 01:29:41.943 DEBUG content 33871 24ebb507-67a1-4c24-953d-43a72cc03fba Object transported.
2026-06-03 01:29:41.943 DEBUG content 33873 d9b4a08c-c580-4422-b7e6-88bc29227ddc Begin transport.
2026-06-03 01:29:41.943 DEBUG content 33873 d9b4a08c-c580-4422-b7e6-88bc29227ddc Retrieving object data.
2026-06-03 01:29:41.953 DEBUG content 33873 d9b4a08c-c580-4422-b7e6-88bc29227ddc Setting uuids of object references.
2026-06-03 01:29:41.953 DEBUG content 33873 d9b4a08c-c580-4422-b7e6-88bc29227ddc Processing reference: [Content:id=23017,versionId=-1,name=NTP_resultadosTotMarcaItgy_Desmarca_Integrity,type=32,subtype=5,uuid=d9b4a08c-c580-4422-b7e6-88bc29227ddc,parent=26173]
2026-06-03 01:29:41.961 DEBUG content 33873 d9b4a08c-c580-4422-b7e6-88bc29227ddc Processing reference: OutboundIntegration.forum
2026-06-03 01:29:41.962 DEBUG content 33873 d9b4a08c-c580-4422-b7e6-88bc29227ddc Processing reference: OutboundIntegration.integrationOutputsAsTypedValue
2026-06-03 01:29:41.962 DEBUG content 33873 d9b4a08c-c580-4422-b7e6-88bc29227ddc Processing reference: TypedVariable[name=folioNumber,it=3,v=]
2026-06-03 01:29:41.962 DEBUG content 33873 d9b4a08c-c580-4422-b7e6-88bc29227ddc Processing reference: TypedVariable[name=processId,it=1,v=<null>]
2026-06-03 01:29:41.962 DEBUG content 33873 d9b4a08c-c580-4422-b7e6-88bc29227ddc Processing reference: TypedVariable[name=subprocessId,it=1,v=<null>]
2026-06-03 01:29:41.962 DEBUG content 33873 d9b4a08c-c580-4422-b7e6-88bc29227ddc Processing reference: OutboundIntegration.parent
2026-06-03 01:29:41.964 DEBUG content 33873 d9b4a08c-c580-4422-b7e6-88bc29227ddc Processing reference: com.appiancorp.suiteapi.content.ContentRoleMap@538163bb[
  ContentRole[name=readers,inherit=true,allowForAll=false]
  ContentRole[name=authors,inherit=true,allowForAll=false]
  ContentRole[name=administrators,inherit=true,allowForAll=false]
  ContentRole[name=denyReaders,inherit=false,allowForAll=false]
  ContentRole[name=denyAuthors,inherit=false,allowForAll=false]
  ContentRole[name=denyAdministrators,inherit=false,allowForAll=false]
  securityVector=15:SEC_PUBLIC=true,SEC_CREATOR_ADMIN=false,SEC_INH_ADMIN=true,SEC_INH_EDITOR=true,SEC_INH_VIEWER=true,SEC_ALL_ADMIN=false,SEC_ALL_EDITOR=false,SEC_ALL_VIEWER=false
]
2026-06-03 01:29:41.964 DEBUG content 33873 d9b4a08c-c580-4422-b7e6-88bc29227ddc Processing reference: ContentRole[name=readers,inherit=true,allowForAll=false]
2026-06-03 01:29:41.964 DEBUG content 33873 d9b4a08c-c580-4422-b7e6-88bc29227ddc Processing reference: ContentRole[name=authors,inherit=true,allowForAll=false]
2026-06-03 01:29:41.964 DEBUG content 33873 d9b4a08c-c580-4422-b7e6-88bc29227ddc Processing reference: ContentRole[name=administrators,inherit=true,allowForAll=false]
2026-06-03 01:29:41.964 DEBUG content 33873 d9b4a08c-c580-4422-b7e6-88bc29227ddc Processing reference: ContentRole[name=denyReaders,inherit=false,allowForAll=false]
2026-06-03 01:29:41.964 DEBUG content 33873 d9b4a08c-c580-4422-b7e6-88bc29227ddc Processing reference: ContentRole[name=denyAuthors,inherit=false,allowForAll=false]
2026-06-03 01:29:41.964 DEBUG content 33873 d9b4a08c-c580-4422-b7e6-88bc29227ddc Processing reference: ContentRole[name=denyAdministrators,inherit=false,allowForAll=false]
2026-06-03 01:29:41.965 DEBUG content 33873 d9b4a08c-c580-4422-b7e6-88bc29227ddc Exporting binary resources.
2026-06-03 01:29:41.965 DEBUG content 33873 d9b4a08c-c580-4422-b7e6-88bc29227ddc Serializing object to XML.
2026-06-03 01:29:41.969 DEBUG content 33873 d9b4a08c-c580-4422-b7e6-88bc29227ddc Object transported.
2026-06-03 01:29:41.969 DEBUG content 33874 9c29dcf1-3748-4d6d-baa5-630556e2988d Begin transport.
2026-06-03 01:29:41.969 DEBUG content 33874 9c29dcf1-3748-4d6d-baa5-630556e2988d Retrieving object data.
2026-06-03 01:29:41.978 DEBUG content 33874 9c29dcf1-3748-4d6d-baa5-630556e2988d Setting uuids of object references.
2026-06-03 01:29:41.978 DEBUG content 33874 9c29dcf1-3748-4d6d-baa5-630556e2988d Processing reference: [Content:id=27872,versionId=-1,name=NCI_MONIT_Generar_reporte_cifras_control_historicas_Traspasos,type=32,subtype=5,uuid=9c29dcf1-3748-4d6d-baa5-630556e2988d,parent=26173]
2026-06-03 01:29:41.995 DEBUG content 33874 9c29dcf1-3748-4d6d-baa5-630556e2988d Processing reference: OutboundIntegration.forum
2026-06-03 01:29:41.996 DEBUG content 33874 9c29dcf1-3748-4d6d-baa5-630556e2988d Processing reference: OutboundIntegration.integrationOutputsAsTypedValue
2026-06-03 01:29:41.996 DEBUG content 33874 9c29dcf1-3748-4d6d-baa5-630556e2988d Processing reference: TypedVariable[name=folioNumber,it=3,v=]
2026-06-03 01:29:41.996 DEBUG content 33874 9c29dcf1-3748-4d6d-baa5-630556e2988d Processing reference: TypedVariable[name=subprocessId,it=1,v=<null>]
2026-06-03 01:29:41.996 DEBUG content 33874 9c29dcf1-3748-4d6d-baa5-630556e2988d Processing reference: TypedVariable[name=preNumbers,it=26,v=<null>]
2026-06-03 01:29:41.996 DEBUG content 33874 9c29dcf1-3748-4d6d-baa5-630556e2988d Processing reference: TypedVariable[name=onSuccess,it=97,v=<null>]
2026-06-03 01:29:41.996 DEBUG content 33874 9c29dcf1-3748-4d6d-baa5-630556e2988d Processing reference: TypedVariable[name=onError,it=97,v=<null>]
2026-06-03 01:29:41.996 DEBUG content 33874 9c29dcf1-3748-4d6d-baa5-630556e2988d Processing reference: OutboundIntegration.parent
2026-06-03 01:29:41.998 DEBUG content 33874 9c29dcf1-3748-4d6d-baa5-630556e2988d Processing reference: com.appiancorp.suiteapi.content.ContentRoleMap@70c9de0a[
  ContentRole[name=readers,inherit=true,allowForAll=false]
  ContentRole[name=authors,inherit=true,allowForAll=false]
  ContentRole[name=administrators,inherit=true,allowForAll=false]
  ContentRole[name=denyReaders,inherit=false,allowForAll=false]
  ContentRole[name=denyAuthors,inherit=false,allowForAll=false]
  ContentRole[name=denyAdministrators,inherit=false,allowForAll=false]
  securityVector=15:SEC_PUBLIC=true,SEC_CREATOR_ADMIN=false,SEC_INH_ADMIN=true,SEC_INH_EDITOR=true,SEC_INH_VIEWER=true,SEC_ALL_ADMIN=false,SEC_ALL_EDITOR=false,SEC_ALL_VIEWER=false
]
2026-06-03 01:29:41.998 DEBUG content 33874 9c29dcf1-3748-4d6d-baa5-630556e2988d Processing reference: ContentRole[name=readers,inherit=true,allowForAll=false]
2026-06-03 01:29:41.999 DEBUG content 33874 9c29dcf1-3748-4d6d-baa5-630556e2988d Processing reference: ContentRole[name=authors,inherit=true,allowForAll=false]
2026-06-03 01:29:41.999 DEBUG content 33874 9c29dcf1-3748-4d6d-baa5-630556e2988d Processing reference: ContentRole[name=administrators,inherit=true,allowForAll=false]
2026-06-03 01:29:41.999 DEBUG content 33874 9c29dcf1-3748-4d6d-baa5-630556e2988d Processing reference: ContentRole[name=denyReaders,inherit=false,allowForAll=false]
2026-06-03 01:29:41.999 DEBUG content 33874 9c29dcf1-3748-4d6d-baa5-630556e2988d Processing reference: ContentRole[name=denyAuthors,inherit=false,allowForAll=false]
2026-06-03 01:29:41.999 DEBUG content 33874 9c29dcf1-3748-4d6d-baa5-630556e2988d Processing reference: ContentRole[name=denyAdministrators,inherit=false,allowForAll=false]
2026-06-03 01:29:42.0 DEBUG content 33874 9c29dcf1-3748-4d6d-baa5-630556e2988d Exporting binary resources.
2026-06-03 01:29:42.0 DEBUG content 33874 9c29dcf1-3748-4d6d-baa5-630556e2988d Serializing object to XML.
2026-06-03 01:29:42.003 DEBUG content 33874 9c29dcf1-3748-4d6d-baa5-630556e2988d Object transported.
2026-06-03 01:29:42.003 DEBUG content 33875 7756579d-39fd-455c-9068-0f7e07d2a6f9 Begin transport.
2026-06-03 01:29:42.003 DEBUG content 33875 7756579d-39fd-455c-9068-0f7e07d2a6f9 Retrieving object data.
2026-06-03 01:29:42.013 DEBUG content 33875 7756579d-39fd-455c-9068-0f7e07d2a6f9 Setting uuids of object references.
2026-06-03 01:29:42.013 DEBUG content 33875 7756579d-39fd-455c-9068-0f7e07d2a6f9 Processing reference: [Content:id=24627,versionId=-1,name=NCI_OPER_Generar_Reporte_TraspasosCC,type=32,subtype=5,uuid=7756579d-39fd-455c-9068-0f7e07d2a6f9,parent=9669]
2026-06-03 01:29:42.025 DEBUG content 33875 7756579d-39fd-455c-9068-0f7e07d2a6f9 Processing reference: OutboundIntegration.forum
2026-06-03 01:29:42.025 DEBUG content 33875 7756579d-39fd-455c-9068-0f7e07d2a6f9 Processing reference: OutboundIntegration.integrationOutputsAsTypedValue
2026-06-03 01:29:42.025 DEBUG content 33875 7756579d-39fd-455c-9068-0f7e07d2a6f9 Processing reference: TypedVariable[name=folioNumber,it=3,v=]
2026-06-03 01:29:42.025 DEBUG content 33875 7756579d-39fd-455c-9068-0f7e07d2a6f9 Processing reference: TypedVariable[name=onSuccess,it=97,v=<null>]
2026-06-03 01:29:42.025 DEBUG content 33875 7756579d-39fd-455c-9068-0f7e07d2a6f9 Processing reference: TypedVariable[name=onError,it=97,v=<null>]
2026-06-03 01:29:42.025 DEBUG content 33875 7756579d-39fd-455c-9068-0f7e07d2a6f9 Processing reference: OutboundIntegration.parent
2026-06-03 01:29:42.027 DEBUG content 33875 7756579d-39fd-455c-9068-0f7e07d2a6f9 Processing reference: com.appiancorp.suiteapi.content.ContentRoleMap@4f267ac1[
  ContentRole[name=readers,inherit=true,allowForAll=false]
  ContentRole[name=authors,inherit=true,allowForAll=false]
  ContentRole[name=administrators,inherit=true,allowForAll=false]
  ContentRole[name=denyReaders,inherit=false,allowForAll=false]
  ContentRole[name=denyAuthors,inherit=false,allowForAll=false]
  ContentRole[name=denyAdministrators,inherit=false,allowForAll=false]
  securityVector=15:SEC_PUBLIC=true,SEC_CREATOR_ADMIN=false,SEC_INH_ADMIN=true,SEC_INH_EDITOR=true,SEC_INH_VIEWER=true,SEC_ALL_ADMIN=false,SEC_ALL_EDITOR=false,SEC_ALL_VIEWER=false
]
2026-06-03 01:29:42.027 DEBUG content 33875 7756579d-39fd-455c-9068-0f7e07d2a6f9 Processing reference: ContentRole[name=readers,inherit=true,allowForAll=false]
2026-06-03 01:29:42.028 DEBUG content 33875 7756579d-39fd-455c-9068-0f7e07d2a6f9 Processing reference: ContentRole[name=authors,inherit=true,allowForAll=false]
2026-06-03 01:29:42.028 DEBUG content 33875 7756579d-39fd-455c-9068-0f7e07d2a6f9 Processing reference: ContentRole[name=administrators,inherit=true,allowForAll=false]
2026-06-03 01:29:42.028 DEBUG content 33875 7756579d-39fd-455c-9068-0f7e07d2a6f9 Processing reference: ContentRole[name=denyReaders,inherit=false,allowForAll=false]
2026-06-03 01:29:42.028 DEBUG content 33875 7756579d-39fd-455c-9068-0f7e07d2a6f9 Processing reference: ContentRole[name=denyAuthors,inherit=false,allowForAll=false]
2026-06-03 01:29:42.028 DEBUG content 33875 7756579d-39fd-455c-9068-0f7e07d2a6f9 Processing reference: ContentRole[name=denyAdministrators,inherit=false,allowForAll=false]
2026-06-03 01:29:42.028 DEBUG content 33875 7756579d-39fd-455c-9068-0f7e07d2a6f9 Exporting binary resources.
2026-06-03 01:29:42.028 DEBUG content 33875 7756579d-39fd-455c-9068-0f7e07d2a6f9 Serializing object to XML.
2026-06-03 01:29:42.031 DEBUG content 33875 7756579d-39fd-455c-9068-0f7e07d2a6f9 Object transported.
2026-06-03 01:29:42.031 DEBUG content 33876 b6a3d35c-311a-435f-9c56-d1ff9dbf9aa5 Begin transport.
2026-06-03 01:29:42.031 DEBUG content 33876 b6a3d35c-311a-435f-9c56-d1ff9dbf9aa5 Retrieving object data.
2026-06-03 01:29:42.038 DEBUG content 33876 b6a3d35c-311a-435f-9c56-d1ff9dbf9aa5 Setting uuids of object references.
2026-06-03 01:29:42.038 DEBUG content 33876 b6a3d35c-311a-435f-9c56-d1ff9dbf9aa5 Processing reference: [Content:id=5442,versionId=-1,name=NCI_MONIT_Generar_reporte_cifras_control_historicas,type=32,subtype=5,uuid=b6a3d35c-311a-435f-9c56-d1ff9dbf9aa5,parent=1660]
2026-06-03 01:29:42.048 DEBUG content 33876 b6a3d35c-311a-435f-9c56-d1ff9dbf9aa5 Processing reference: OutboundIntegration.forum
2026-06-03 01:29:42.049 DEBUG content 33876 b6a3d35c-311a-435f-9c56-d1ff9dbf9aa5 Processing reference: OutboundIntegration.integrationOutputsAsTypedValue
2026-06-03 01:29:42.049 DEBUG content 33876 b6a3d35c-311a-435f-9c56-d1ff9dbf9aa5 Processing reference: TypedVariable[name=preNumbers,it=26,v=<null>]
2026-06-03 01:29:42.049 DEBUG content 33876 b6a3d35c-311a-435f-9c56-d1ff9dbf9aa5 Processing reference: TypedVariable[name=folioNumber,it=3,v=]
2026-06-03 01:29:42.049 DEBUG content 33876 b6a3d35c-311a-435f-9c56-d1ff9dbf9aa5 Processing reference: TypedVariable[name=onSuccess,it=97,v=<null>]
2026-06-03 01:29:42.049 DEBUG content 33876 b6a3d35c-311a-435f-9c56-d1ff9dbf9aa5 Processing reference: TypedVariable[name=onError,it=97,v=<null>]
2026-06-03 01:29:42.049 DEBUG content 33876 b6a3d35c-311a-435f-9c56-d1ff9dbf9aa5 Processing reference: OutboundIntegration.parent
2026-06-03 01:29:42.051 DEBUG content 33876 b6a3d35c-311a-435f-9c56-d1ff9dbf9aa5 Processing reference: com.appiancorp.suiteapi.content.ContentRoleMap@344879a0[
  ContentRole[name=readers,inherit=true,allowForAll=false]
  ContentRole[name=authors,inherit=true,allowForAll=false]
  ContentRole[name=administrators,inherit=true,allowForAll=false]
  ContentRole[name=denyReaders,inherit=false,allowForAll=false]
  ContentRole[name=denyAuthors,inherit=false,allowForAll=false]
  ContentRole[name=denyAdministrators,inherit=false,allowForAll=false]
  securityVector=15:SEC_PUBLIC=true,SEC_CREATOR_ADMIN=false,SEC_INH_ADMIN=true,SEC_INH_EDITOR=true,SEC_INH_VIEWER=true,SEC_ALL_ADMIN=false,SEC_ALL_EDITOR=false,SEC_ALL_VIEWER=false
]
2026-06-03 01:29:42.051 DEBUG content 33876 b6a3d35c-311a-435f-9c56-d1ff9dbf9aa5 Processing reference: ContentRole[name=readers,inherit=true,allowForAll=false]
2026-06-03 01:29:42.051 DEBUG content 33876 b6a3d35c-311a-435f-9c56-d1ff9dbf9aa5 Processing reference: ContentRole[name=authors,inherit=true,allowForAll=false]
2026-06-03 01:29:42.051 DEBUG content 33876 b6a3d35c-311a-435f-9c56-d1ff9dbf9aa5 Processing reference: ContentRole[name=administrators,inherit=true,allowForAll=false]
2026-06-03 01:29:42.051 DEBUG content 33876 b6a3d35c-311a-435f-9c56-d1ff9dbf9aa5 Processing reference: ContentRole[name=denyReaders,inherit=false,allowForAll=false]
2026-06-03 01:29:42.051 DEBUG content 33876 b6a3d35c-311a-435f-9c56-d1ff9dbf9aa5 Processing reference: ContentRole[name=denyAuthors,inherit=false,allowForAll=false]
2026-06-03 01:29:42.051 DEBUG content 33876 b6a3d35c-311a-435f-9c56-d1ff9dbf9aa5 Processing reference: ContentRole[name=denyAdministrators,inherit=false,allowForAll=false]
2026-06-03 01:29:42.052 DEBUG content 33876 b6a3d35c-311a-435f-9c56-d1ff9dbf9aa5 Exporting binary resources.
2026-06-03 01:29:42.052 DEBUG content 33876 b6a3d35c-311a-435f-9c56-d1ff9dbf9aa5 Serializing object to XML.
2026-06-03 01:29:42.055 DEBUG content 33876 b6a3d35c-311a-435f-9c56-d1ff9dbf9aa5 Object transported.
2026-06-03 01:29:42.055 DEBUG content 33877 8748155c-78e8-4179-abb8-b4572fd936f1 Begin transport.
2026-06-03 01:29:42.055 DEBUG content 33877 8748155c-78e8-4179-abb8-b4572fd936f1 Retrieving object data.
2026-06-03 01:29:42.062 DEBUG content 33877 8748155c-78e8-4179-abb8-b4572fd936f1 Setting uuids of object references.
2026-06-03 01:29:42.062 DEBUG content 33877 8748155c-78e8-4179-abb8-b4572fd936f1 Processing reference: [Content:id=6592,versionId=-1,name=NCI_OPER_ReporteGenerarMovimientos,type=32,subtype=5,uuid=8748155c-78e8-4179-abb8-b4572fd936f1,parent=1660]
2026-06-03 01:29:42.073 DEBUG content 33877 8748155c-78e8-4179-abb8-b4572fd936f1 Processing reference: OutboundIntegration.forum
2026-06-03 01:29:42.073 DEBUG content 33877 8748155c-78e8-4179-abb8-b4572fd936f1 Processing reference: OutboundIntegration.integrationOutputsAsTypedValue
2026-06-03 01:29:42.073 DEBUG content 33877 8748155c-78e8-4179-abb8-b4572fd936f1 Processing reference: TypedVariable[name=lstFolios,it=3,v=]
2026-06-03 01:29:42.073 DEBUG content 33877 8748155c-78e8-4179-abb8-b4572fd936f1 Processing reference: TypedVariable[name=substageFlag,it=3,v=]
2026-06-03 01:29:42.073 DEBUG content 33877 8748155c-78e8-4179-abb8-b4572fd936f1 Processing reference: TypedVariable[name=onSuccess,it=97,v=<null>]
2026-06-03 01:29:42.073 DEBUG content 33877 8748155c-78e8-4179-abb8-b4572fd936f1 Processing reference: TypedVariable[name=onError,it=97,v=<null>]
2026-06-03 01:29:42.073 DEBUG content 33877 8748155c-78e8-4179-abb8-b4572fd936f1 Processing reference: OutboundIntegration.parent
2026-06-03 01:29:42.075 DEBUG content 33877 8748155c-78e8-4179-abb8-b4572fd936f1 Processing reference: com.appiancorp.suiteapi.content.ContentRoleMap@6c9fa5f8[
  ContentRole[name=readers,inherit=true,allowForAll=false]
  ContentRole[name=authors,inherit=true,allowForAll=false]
  ContentRole[name=administrators,inherit=true,allowForAll=false]
  ContentRole[name=denyReaders,inherit=false,allowForAll=false]
  ContentRole[name=denyAuthors,inherit=false,allowForAll=false]
  ContentRole[name=denyAdministrators,inherit=false,allowForAll=false]
  securityVector=15:SEC_PUBLIC=true,SEC_CREATOR_ADMIN=false,SEC_INH_ADMIN=true,SEC_INH_EDITOR=true,SEC_INH_VIEWER=true,SEC_ALL_ADMIN=false,SEC_ALL_EDITOR=false,SEC_ALL_VIEWER=false
]
2026-06-03 01:29:42.075 DEBUG content 33877 8748155c-78e8-4179-abb8-b4572fd936f1 Processing reference: ContentRole[name=readers,inherit=true,allowForAll=false]
2026-06-03 01:29:42.075 DEBUG content 33877 8748155c-78e8-4179-abb8-b4572fd936f1 Processing reference: ContentRole[name=authors,inherit=true,allowForAll=false]
2026-06-03 01:29:42.075 DEBUG content 33877 8748155c-78e8-4179-abb8-b4572fd936f1 Processing reference: ContentRole[name=administrators,inherit=true,allowForAll=false]
2026-06-03 01:29:42.075 DEBUG content 33877 8748155c-78e8-4179-abb8-b4572fd936f1 Processing reference: ContentRole[name=denyReaders,inherit=false,allowForAll=false]
2026-06-03 01:29:42.075 DEBUG content 33877 8748155c-78e8-4179-abb8-b4572fd936f1 Processing reference: ContentRole[name=denyAuthors,inherit=false,allowForAll=false]
2026-06-03 01:29:42.075 DEBUG content 33877 8748155c-78e8-4179-abb8-b4572fd936f1 Processing reference: ContentRole[name=denyAdministrators,inherit=false,allowForAll=false]
2026-06-03 01:29:42.076 DEBUG content 33877 8748155c-78e8-4179-abb8-b4572fd936f1 Exporting binary resources.
2026-06-03 01:29:42.076 DEBUG content 33877 8748155c-78e8-4179-abb8-b4572fd936f1 Serializing object to XML.
2026-06-03 01:29:42.081 DEBUG content 33877 8748155c-78e8-4179-abb8-b4572fd936f1 Object transported.
2026-06-03 01:29:42.081 DEBUG content 33878 8955462e-4b57-4ed5-97bb-6071697e667d Begin transport.
2026-06-03 01:29:42.081 DEBUG content 33878 8955462e-4b57-4ed5-97bb-6071697e667d Retrieving object data.
2026-06-03 01:29:42.089 DEBUG content 33878 8955462e-4b57-4ed5-97bb-6071697e667d Setting uuids of object references.
2026-06-03 01:29:42.089 DEBUG content 33878 8955462e-4b57-4ed5-97bb-6071697e667d Processing reference: [Content:id=3292,versionId=-1,name=NCI_OPER_PrecifrasReporteExcel,type=32,subtype=5,uuid=8955462e-4b57-4ed5-97bb-6071697e667d,parent=1660]
2026-06-03 01:29:42.099 DEBUG content 33878 8955462e-4b57-4ed5-97bb-6071697e667d Processing reference: OutboundIntegration.forum
2026-06-03 01:29:42.1 DEBUG content 33878 8955462e-4b57-4ed5-97bb-6071697e667d Processing reference: OutboundIntegration.integrationOutputsAsTypedValue
2026-06-03 01:29:42.1 DEBUG content 33878 8955462e-4b57-4ed5-97bb-6071697e667d Processing reference: TypedVariable[name=folioNumber,it=3,v=]
2026-06-03 01:29:42.1 DEBUG content 33878 8955462e-4b57-4ed5-97bb-6071697e667d Processing reference: TypedVariable[name=preNumbers,it=26,v=<null>]
2026-06-03 01:29:42.1 DEBUG content 33878 8955462e-4b57-4ed5-97bb-6071697e667d Processing reference: TypedVariable[name=onSuccess,it=97,v=<null>]
2026-06-03 01:29:42.1 DEBUG content 33878 8955462e-4b57-4ed5-97bb-6071697e667d Processing reference: TypedVariable[name=onError,it=97,v=<null>]
2026-06-03 01:29:42.1 DEBUG content 33878 8955462e-4b57-4ed5-97bb-6071697e667d Processing reference: OutboundIntegration.parent
2026-06-03 01:29:42.102 DEBUG content 33878 8955462e-4b57-4ed5-97bb-6071697e667d Processing reference: com.appiancorp.suiteapi.content.ContentRoleMap@791f77c6[
  ContentRole[name=readers,inherit=true,allowForAll=false]
  ContentRole[name=authors,inherit=true,allowForAll=false]
  ContentRole[name=administrators,inherit=true,allowForAll=false]
  ContentRole[name=denyReaders,inherit=false,allowForAll=false]
  ContentRole[name=denyAuthors,inherit=false,allowForAll=false]
  ContentRole[name=denyAdministrators,inherit=false,allowForAll=false]
  securityVector=15:SEC_PUBLIC=true,SEC_CREATOR_ADMIN=false,SEC_INH_ADMIN=true,SEC_INH_EDITOR=true,SEC_INH_VIEWER=true,SEC_ALL_ADMIN=false,SEC_ALL_EDITOR=false,SEC_ALL_VIEWER=false
]
2026-06-03 01:29:42.102 DEBUG content 33878 8955462e-4b57-4ed5-97bb-6071697e667d Processing reference: ContentRole[name=readers,inherit=true,allowForAll=false]
2026-06-03 01:29:42.102 DEBUG content 33878 8955462e-4b57-4ed5-97bb-6071697e667d Processing reference: ContentRole[name=authors,inherit=true,allowForAll=false]
2026-06-03 01:29:42.102 DEBUG content 33878 8955462e-4b57-4ed5-97bb-6071697e667d Processing reference: ContentRole[name=administrators,inherit=true,allowForAll=false]
2026-06-03 01:29:42.102 DEBUG content 33878 8955462e-4b57-4ed5-97bb-6071697e667d Processing reference: ContentRole[name=denyReaders,inherit=false,allowForAll=false]
2026-06-03 01:29:42.102 DEBUG content 33878 8955462e-4b57-4ed5-97bb-6071697e667d Processing reference: ContentRole[name=denyAuthors,inherit=false,allowForAll=false]
2026-06-03 01:29:42.102 DEBUG content 33878 8955462e-4b57-4ed5-97bb-6071697e667d Processing reference: ContentRole[name=denyAdministrators,inherit=false,allowForAll=false]
2026-06-03 01:29:42.103 DEBUG content 33878 8955462e-4b57-4ed5-97bb-6071697e667d Exporting binary resources.
2026-06-03 01:29:42.103 DEBUG content 33878 8955462e-4b57-4ed5-97bb-6071697e667d Serializing object to XML.
2026-06-03 01:29:42.106 DEBUG content 33878 8955462e-4b57-4ed5-97bb-6071697e667d Object transported.
2026-06-03 01:29:42.106 DEBUG content 33879 7f7e0e81-0213-4391-ab5e-b8154b07cffc Begin transport.
2026-06-03 01:29:42.106 DEBUG content 33879 7f7e0e81-0213-4391-ab5e-b8154b07cffc Retrieving object data.
2026-06-03 01:29:42.115 DEBUG content 33879 7f7e0e81-0213-4391-ab5e-b8154b07cffc Setting uuids of object references.
2026-06-03 01:29:42.115 DEBUG content 33879 7f7e0e81-0213-4391-ab5e-b8154b07cffc Processing reference: [Content:id=11276,versionId=-1,name=NCI_OPER_getErrorFile,type=32,subtype=5,uuid=7f7e0e81-0213-4391-ab5e-b8154b07cffc,parent=1660]
2026-06-03 01:29:42.126 DEBUG content 33879 7f7e0e81-0213-4391-ab5e-b8154b07cffc Processing reference: OutboundIntegration.forum
2026-06-03 01:29:42.126 DEBUG content 33879 7f7e0e81-0213-4391-ab5e-b8154b07cffc Processing reference: OutboundIntegration.integrationOutputsAsTypedValue
2026-06-03 01:29:42.126 DEBUG content 33879 7f7e0e81-0213-4391-ab5e-b8154b07cffc Processing reference: TypedVariable[name=folio,it=3,v=]
2026-06-03 01:29:42.126 DEBUG content 33879 7f7e0e81-0213-4391-ab5e-b8154b07cffc Processing reference: TypedVariable[name=path,it=3,v=]
2026-06-03 01:29:42.126 DEBUG content 33879 7f7e0e81-0213-4391-ab5e-b8154b07cffc Processing reference: TypedVariable[name=onSuccess,it=97,v=<null>]
2026-06-03 01:29:42.126 DEBUG content 33879 7f7e0e81-0213-4391-ab5e-b8154b07cffc Processing reference: TypedVariable[name=onError,it=97,v=<null>]
2026-06-03 01:29:42.126 DEBUG content 33879 7f7e0e81-0213-4391-ab5e-b8154b07cffc Processing reference: OutboundIntegration.parent
2026-06-03 01:29:42.129 DEBUG content 33879 7f7e0e81-0213-4391-ab5e-b8154b07cffc Processing reference: com.appiancorp.suiteapi.content.ContentRoleMap@452dc3ac[
  ContentRole[name=readers,inherit=true,allowForAll=false]
  ContentRole[name=authors,inherit=true,allowForAll=false]
  ContentRole[name=administrators,inherit=true,allowForAll=false]
  ContentRole[name=denyReaders,inherit=false,allowForAll=false]
  ContentRole[name=denyAuthors,inherit=false,allowForAll=false]
  ContentRole[name=denyAdministrators,inherit=false,allowForAll=false]
  securityVector=15:SEC_PUBLIC=true,SEC_CREATOR_ADMIN=false,SEC_INH_ADMIN=true,SEC_INH_EDITOR=true,SEC_INH_VIEWER=true,SEC_ALL_ADMIN=false,SEC_ALL_EDITOR=false,SEC_ALL_VIEWER=false
]
2026-06-03 01:29:42.129 DEBUG content 33879 7f7e0e81-0213-4391-ab5e-b8154b07cffc Processing reference: ContentRole[name=readers,inherit=true,allowForAll=false]
2026-06-03 01:29:42.129 DEBUG content 33879 7f7e0e81-0213-4391-ab5e-b8154b07cffc Processing reference: ContentRole[name=authors,inherit=true,allowForAll=false]
2026-06-03 01:29:42.129 DEBUG content 33879 7f7e0e81-0213-4391-ab5e-b8154b07cffc Processing reference: ContentRole[name=administrators,inherit=true,allowForAll=false]
2026-06-03 01:29:42.129 DEBUG content 33879 7f7e0e81-0213-4391-ab5e-b8154b07cffc Processing reference: ContentRole[name=denyReaders,inherit=false,allowForAll=false]
2026-06-03 01:29:42.129 DEBUG content 33879 7f7e0e81-0213-4391-ab5e-b8154b07cffc Processing reference: ContentRole[name=denyAuthors,inherit=false,allowForAll=false]
2026-06-03 01:29:42.129 DEBUG content 33879 7f7e0e81-0213-4391-ab5e-b8154b07cffc Processing reference: ContentRole[name=denyAdministrators,inherit=false,allowForAll=false]
2026-06-03 01:29:42.13 DEBUG content 33879 7f7e0e81-0213-4391-ab5e-b8154b07cffc Exporting binary resources.
2026-06-03 01:29:42.13 DEBUG content 33879 7f7e0e81-0213-4391-ab5e-b8154b07cffc Serializing object to XML.
2026-06-03 01:29:42.133 DEBUG content 33879 7f7e0e81-0213-4391-ab5e-b8154b07cffc Object transported.
2026-06-03 01:29:42.133 DEBUG content 33880 31f86747-7284-4c70-9c75-308855a6b69c Begin transport.
2026-06-03 01:29:42.133 DEBUG content 33880 31f86747-7284-4c70-9c75-308855a6b69c Retrieving object data.
2026-06-03 01:29:42.14 DEBUG content 33880 31f86747-7284-4c70-9c75-308855a6b69c Setting uuids of object references.
2026-06-03 01:29:42.14 DEBUG content 33880 31f86747-7284-4c70-9c75-308855a6b69c Processing reference: [Content:id=32972,versionId=-1,name=NCI_OPER_FilesDownload_Base64,type=32,subtype=5,uuid=31f86747-7284-4c70-9c75-308855a6b69c,parent=1660]
2026-06-03 01:29:42.147 DEBUG content 33880 31f86747-7284-4c70-9c75-308855a6b69c Processing reference: OutboundIntegration.forum
2026-06-03 01:29:42.147 DEBUG content 33880 31f86747-7284-4c70-9c75-308855a6b69c Processing reference: OutboundIntegration.integrationOutputsAsTypedValue
2026-06-03 01:29:42.147 DEBUG content 33880 31f86747-7284-4c70-9c75-308855a6b69c Processing reference: TypedVariable[name=fileName,it=3,v=]
2026-06-03 01:29:42.147 DEBUG content 33880 31f86747-7284-4c70-9c75-308855a6b69c Processing reference: TypedVariable[name=path,it=3,v=]
2026-06-03 01:29:42.147 DEBUG content 33880 31f86747-7284-4c70-9c75-308855a6b69c Processing reference: OutboundIntegration.parent
2026-06-03 01:29:42.149 DEBUG content 33880 31f86747-7284-4c70-9c75-308855a6b69c Processing reference: com.appiancorp.suiteapi.content.ContentRoleMap@617551c0[
  ContentRole[name=readers,inherit=true,allowForAll=false]
  ContentRole[name=authors,inherit=true,allowForAll=false]
  ContentRole[name=administrators,inherit=true,allowForAll=false]
  ContentRole[name=denyReaders,inherit=false,allowForAll=false]
  ContentRole[name=denyAuthors,inherit=false,allowForAll=false]
  ContentRole[name=denyAdministrators,inherit=false,allowForAll=false]
  securityVector=15:SEC_PUBLIC=true,SEC_CREATOR_ADMIN=false,SEC_INH_ADMIN=true,SEC_INH_EDITOR=true,SEC_INH_VIEWER=true,SEC_ALL_ADMIN=false,SEC_ALL_EDITOR=false,SEC_ALL_VIEWER=false
]
2026-06-03 01:29:42.149 DEBUG content 33880 31f86747-7284-4c70-9c75-308855a6b69c Processing reference: ContentRole[name=readers,inherit=true,allowForAll=false]
2026-06-03 01:29:42.149 DEBUG content 33880 31f86747-7284-4c70-9c75-308855a6b69c Processing reference: ContentRole[name=authors,inherit=true,allowForAll=false]
2026-06-03 01:29:42.149 DEBUG content 33880 31f86747-7284-4c70-9c75-308855a6b69c Processing reference: ContentRole[name=administrators,inherit=true,allowForAll=false]
2026-06-03 01:29:42.149 DEBUG content 33880 31f86747-7284-4c70-9c75-308855a6b69c Processing reference: ContentRole[name=denyReaders,inherit=false,allowForAll=false]
2026-06-03 01:29:42.149 DEBUG content 33880 31f86747-7284-4c70-9c75-308855a6b69c Processing reference: ContentRole[name=denyAuthors,inherit=false,allowForAll=false]
2026-06-03 01:29:42.15 DEBUG content 33880 31f86747-7284-4c70-9c75-308855a6b69c Processing reference: ContentRole[name=denyAdministrators,inherit=false,allowForAll=false]
2026-06-03 01:29:42.15 DEBUG content 33880 31f86747-7284-4c70-9c75-308855a6b69c Exporting binary resources.
2026-06-03 01:29:42.15 DEBUG content 33880 31f86747-7284-4c70-9c75-308855a6b69c Serializing object to XML.
2026-06-03 01:29:42.153 DEBUG content 33880 31f86747-7284-4c70-9c75-308855a6b69c Object transported.
2026-06-03 01:29:42.153 DEBUG content 33881 5b678b0d-7309-4442-8139-1217223d483c Begin transport.
2026-06-03 01:29:42.153 DEBUG content 33881 5b678b0d-7309-4442-8139-1217223d483c Retrieving object data.
2026-06-03 01:29:42.161 DEBUG content 33881 5b678b0d-7309-4442-8139-1217223d483c Setting uuids of object references.
2026-06-03 01:29:42.161 DEBUG content 33881 5b678b0d-7309-4442-8139-1217223d483c Processing reference: [Content:id=7043,versionId=-1,name=NCI_OPER_postReporteSaldoAlDia,type=32,subtype=5,uuid=5b678b0d-7309-4442-8139-1217223d483c,parent=1660]
2026-06-03 01:29:42.17 DEBUG content 33881 5b678b0d-7309-4442-8139-1217223d483c Processing reference: OutboundIntegration.forum
2026-06-03 01:29:42.171 DEBUG content 33881 5b678b0d-7309-4442-8139-1217223d483c Processing reference: OutboundIntegration.integrationOutputsAsTypedValue
2026-06-03 01:29:42.171 DEBUG content 33881 5b678b0d-7309-4442-8139-1217223d483c Processing reference: TypedVariable[name=individualAccountNumber,it=3,v=]
2026-06-03 01:29:42.171 DEBUG content 33881 5b678b0d-7309-4442-8139-1217223d483c Processing reference: TypedVariable[name=date,it=3,v=]
2026-06-03 01:29:42.171 DEBUG content 33881 5b678b0d-7309-4442-8139-1217223d483c Processing reference: TypedVariable[name=name,it=3,v=]
2026-06-03 01:29:42.171 DEBUG content 33881 5b678b0d-7309-4442-8139-1217223d483c Processing reference: TypedVariable[name=onSuccess,it=97,v=<null>]
2026-06-03 01:29:42.171 DEBUG content 33881 5b678b0d-7309-4442-8139-1217223d483c Processing reference: TypedVariable[name=onError,it=97,v=<null>]
2026-06-03 01:29:42.171 DEBUG content 33881 5b678b0d-7309-4442-8139-1217223d483c Processing reference: OutboundIntegration.parent
2026-06-03 01:29:42.173 DEBUG content 33881 5b678b0d-7309-4442-8139-1217223d483c Processing reference: com.appiancorp.suiteapi.content.ContentRoleMap@35244a64[
  ContentRole[name=readers,inherit=true,allowForAll=false]
  ContentRole[name=authors,inherit=true,allowForAll=false]
  ContentRole[name=administrators,inherit=true,allowForAll=false]
  ContentRole[name=denyReaders,inherit=false,allowForAll=false]
  ContentRole[name=denyAuthors,inherit=false,allowForAll=false]
  ContentRole[name=denyAdministrators,inherit=false,allowForAll=false]
  securityVector=15:SEC_PUBLIC=true,SEC_CREATOR_ADMIN=false,SEC_INH_ADMIN=true,SEC_INH_EDITOR=true,SEC_INH_VIEWER=true,SEC_ALL_ADMIN=false,SEC_ALL_EDITOR=false,SEC_ALL_VIEWER=false
]
2026-06-03 01:29:42.173 DEBUG content 33881 5b678b0d-7309-4442-8139-1217223d483c Processing reference: ContentRole[name=readers,inherit=true,allowForAll=false]
2026-06-03 01:29:42.173 DEBUG content 33881 5b678b0d-7309-4442-8139-1217223d483c Processing reference: ContentRole[name=authors,inherit=true,allowForAll=false]
2026-06-03 01:29:42.173 DEBUG content 33881 5b678b0d-7309-4442-8139-1217223d483c Processing reference: ContentRole[name=administrators,inherit=true,allowForAll=false]
2026-06-03 01:29:42.173 DEBUG content 33881 5b678b0d-7309-4442-8139-1217223d483c Processing reference: ContentRole[name=denyReaders,inherit=false,allowForAll=false]
2026-06-03 01:29:42.173 DEBUG content 33881 5b678b0d-7309-4442-8139-1217223d483c Processing reference: ContentRole[name=denyAuthors,inherit=false,allowForAll=false]
2026-06-03 01:29:42.173 DEBUG content 33881 5b678b0d-7309-4442-8139-1217223d483c Processing reference: ContentRole[name=denyAdministrators,inherit=false,allowForAll=false]
2026-06-03 01:29:42.174 DEBUG content 33881 5b678b0d-7309-4442-8139-1217223d483c Exporting binary resources.
2026-06-03 01:29:42.174 DEBUG content 33881 5b678b0d-7309-4442-8139-1217223d483c Serializing object to XML.
2026-06-03 01:29:42.177 DEBUG content 33881 5b678b0d-7309-4442-8139-1217223d483c Object transported.
2026-06-03 01:29:42.177 DEBUG content 33882 8d2d9d6c-86d5-47cf-9c3d-798fc0f8364a Begin transport.
2026-06-03 01:29:42.177 DEBUG content 33882 8d2d9d6c-86d5-47cf-9c3d-798fc0f8364a Retrieving object data.
2026-06-03 01:29:42.184 DEBUG content 33882 8d2d9d6c-86d5-47cf-9c3d-798fc0f8364a Setting uuids of object references.
2026-06-03 01:29:42.184 DEBUG content 33882 8d2d9d6c-86d5-47cf-9c3d-798fc0f8364a Processing reference: [Content:id=27642,versionId=-1,name=NCI_OPER_getCCHTraspasos,type=32,subtype=5,uuid=8d2d9d6c-86d5-47cf-9c3d-798fc0f8364a,parent=26173]
2026-06-03 01:29:42.191 DEBUG content 33882 8d2d9d6c-86d5-47cf-9c3d-798fc0f8364a Processing reference: OutboundIntegration.forum
2026-06-03 01:29:42.191 DEBUG content 33882 8d2d9d6c-86d5-47cf-9c3d-798fc0f8364a Processing reference: OutboundIntegration.integrationOutputsAsTypedValue
2026-06-03 01:29:42.191 DEBUG content 33882 8d2d9d6c-86d5-47cf-9c3d-798fc0f8364a Processing reference: TypedVariable[name=folioNumber,it=3,v=]
2026-06-03 01:29:42.191 DEBUG content 33882 8d2d9d6c-86d5-47cf-9c3d-798fc0f8364a Processing reference: TypedVariable[name=subprocessId,it=1,v=<null>]
2026-06-03 01:29:42.191 DEBUG content 33882 8d2d9d6c-86d5-47cf-9c3d-798fc0f8364a Processing reference: OutboundIntegration.parent
2026-06-03 01:29:42.193 DEBUG content 33882 8d2d9d6c-86d5-47cf-9c3d-798fc0f8364a Processing reference: com.appiancorp.suiteapi.content.ContentRoleMap@5fa2e13f[
  ContentRole[name=readers,inherit=true,allowForAll=false]
  ContentRole[name=authors,inherit=true,allowForAll=false]
  ContentRole[name=administrators,inherit=true,allowForAll=false]
  ContentRole[name=denyReaders,inherit=false,allowForAll=false]
  ContentRole[name=denyAuthors,inherit=false,allowForAll=false]
  ContentRole[name=denyAdministrators,inherit=false,allowForAll=false]
  securityVector=15:SEC_PUBLIC=true,SEC_CREATOR_ADMIN=false,SEC_INH_ADMIN=true,SEC_INH_EDITOR=true,SEC_INH_VIEWER=true,SEC_ALL_ADMIN=false,SEC_ALL_EDITOR=false,SEC_ALL_VIEWER=false
]
2026-06-03 01:29:42.193 DEBUG content 33882 8d2d9d6c-86d5-47cf-9c3d-798fc0f8364a Processing reference: ContentRole[name=readers,inherit=true,allowForAll=false]
2026-06-03 01:29:42.193 DEBUG content 33882 8d2d9d6c-86d5-47cf-9c3d-798fc0f8364a Processing reference: ContentRole[name=authors,inherit=true,allowForAll=false]
2026-06-03 01:29:42.193 DEBUG content 33882 8d2d9d6c-86d5-47cf-9c3d-798fc0f8364a Processing reference: ContentRole[name=administrators,inherit=true,allowForAll=false]
2026-06-03 01:29:42.193 DEBUG content 33882 8d2d9d6c-86d5-47cf-9c3d-798fc0f8364a Processing reference: ContentRole[name=denyReaders,inherit=false,allowForAll=false]
2026-06-03 01:29:42.193 DEBUG content 33882 8d2d9d6c-86d5-47cf-9c3d-798fc0f8364a Processing reference: ContentRole[name=denyAuthors,inherit=false,allowForAll=false]
2026-06-03 01:29:42.193 DEBUG content 33882 8d2d9d6c-86d5-47cf-9c3d-798fc0f8364a Processing reference: ContentRole[name=denyAdministrators,inherit=false,allowForAll=false]
2026-06-03 01:29:42.194 DEBUG content 33882 8d2d9d6c-86d5-47cf-9c3d-798fc0f8364a Exporting binary resources.
2026-06-03 01:29:42.194 DEBUG content 33882 8d2d9d6c-86d5-47cf-9c3d-798fc0f8364a Serializing object to XML.
2026-06-03 01:29:42.197 DEBUG content 33882 8d2d9d6c-86d5-47cf-9c3d-798fc0f8364a Object transported.
2026-06-03 01:29:42.197 DEBUG content 33883 b440f176-84c0-43fe-b771-02405146c4e4 Begin transport.
2026-06-03 01:29:42.197 DEBUG content 33883 b440f176-84c0-43fe-b771-02405146c4e4 Retrieving object data.
2026-06-03 01:29:42.205 DEBUG content 33883 b440f176-84c0-43fe-b771-02405146c4e4 Setting uuids of object references.
2026-06-03 01:29:42.205 DEBUG content 33883 b440f176-84c0-43fe-b771-02405146c4e4 Processing reference: [Content:id=7042,versionId=-1,name=NCI_OPER_integrationCostumersCurrentBalance,type=32,subtype=5,uuid=b440f176-84c0-43fe-b771-02405146c4e4,parent=1660]
2026-06-03 01:29:42.212 DEBUG content 33883 b440f176-84c0-43fe-b771-02405146c4e4 Processing reference: OutboundIntegration.forum
2026-06-03 01:29:42.212 DEBUG content 33883 b440f176-84c0-43fe-b771-02405146c4e4 Processing reference: OutboundIntegration.integrationOutputsAsTypedValue
2026-06-03 01:29:42.212 DEBUG content 33883 b440f176-84c0-43fe-b771-02405146c4e4 Processing reference: TypedVariable[name=individualAccountNumber,it=3,v=]
2026-06-03 01:29:42.212 DEBUG content 33883 b440f176-84c0-43fe-b771-02405146c4e4 Processing reference: TypedVariable[name=date,it=3,v=]
2026-06-03 01:29:42.212 DEBUG content 33883 b440f176-84c0-43fe-b771-02405146c4e4 Processing reference: TypedVariable[name=regime,it=3,v=]
2026-06-03 01:29:42.212 DEBUG content 33883 b440f176-84c0-43fe-b771-02405146c4e4 Processing reference: OutboundIntegration.parent
2026-06-03 01:29:42.214 DEBUG content 33883 b440f176-84c0-43fe-b771-02405146c4e4 Processing reference: com.appiancorp.suiteapi.content.ContentRoleMap@7e2e6d87[
  ContentRole[name=readers,inherit=true,allowForAll=false]
  ContentRole[name=authors,inherit=true,allowForAll=false]
  ContentRole[name=administrators,inherit=true,allowForAll=false]
  ContentRole[name=denyReaders,inherit=false,allowForAll=false]
  ContentRole[name=denyAuthors,inherit=false,allowForAll=false]
  ContentRole[name=denyAdministrators,inherit=false,allowForAll=false]
  securityVector=15:SEC_PUBLIC=true,SEC_CREATOR_ADMIN=false,SEC_INH_ADMIN=true,SEC_INH_EDITOR=true,SEC_INH_VIEWER=true,SEC_ALL_ADMIN=false,SEC_ALL_EDITOR=false,SEC_ALL_VIEWER=false
]
2026-06-03 01:29:42.214 DEBUG content 33883 b440f176-84c0-43fe-b771-02405146c4e4 Processing reference: ContentRole[name=readers,inherit=true,allowForAll=false]
2026-06-03 01:29:42.214 DEBUG content 33883 b440f176-84c0-43fe-b771-02405146c4e4 Processing reference: ContentRole[name=authors,inherit=true,allowForAll=false]
2026-06-03 01:29:42.214 DEBUG content 33883 b440f176-84c0-43fe-b771-02405146c4e4 Processing reference: ContentRole[name=administrators,inherit=true,allowForAll=false]
2026-06-03 01:29:42.214 DEBUG content 33883 b440f176-84c0-43fe-b771-02405146c4e4 Processing reference: ContentRole[name=denyReaders,inherit=false,allowForAll=false]
2026-06-03 01:29:42.214 DEBUG content 33883 b440f176-84c0-43fe-b771-02405146c4e4 Processing reference: ContentRole[name=denyAuthors,inherit=false,allowForAll=false]
2026-06-03 01:29:42.214 DEBUG content 33883 b440f176-84c0-43fe-b771-02405146c4e4 Processing reference: ContentRole[name=denyAdministrators,inherit=false,allowForAll=false]
2026-06-03 01:29:42.215 DEBUG content 33883 b440f176-84c0-43fe-b771-02405146c4e4 Exporting binary resources.
2026-06-03 01:29:42.215 DEBUG content 33883 b440f176-84c0-43fe-b771-02405146c4e4 Serializing object to XML.
2026-06-03 01:29:42.218 DEBUG content 33883 b440f176-84c0-43fe-b771-02405146c4e4 Object transported.
2026-06-03 01:29:42.218 DEBUG content 33884 d11c2f28-bd81-4303-8c34-280db2a08645 Begin transport.
2026-06-03 01:29:42.218 DEBUG content 33884 d11c2f28-bd81-4303-8c34-280db2a08645 Retrieving object data.
2026-06-03 01:29:42.227 DEBUG content 33884 d11c2f28-bd81-4303-8c34-280db2a08645 Setting uuids of object references.
2026-06-03 01:29:42.227 DEBUG content 33884 d11c2f28-bd81-4303-8c34-280db2a08645 Processing reference: [Content:id=18877,versionId=-1,name=NCI_INT_getDetailMovementsTotal,type=32,subtype=5,uuid=d11c2f28-bd81-4303-8c34-280db2a08645,parent=26215]
2026-06-03 01:29:42.233 DEBUG content 33884 d11c2f28-bd81-4303-8c34-280db2a08645 Processing reference: OutboundIntegration.forum
2026-06-03 01:29:42.234 DEBUG content 33884 d11c2f28-bd81-4303-8c34-280db2a08645 Processing reference: OutboundIntegration.integrationOutputsAsTypedValue
2026-06-03 01:29:42.234 DEBUG content 33884 d11c2f28-bd81-4303-8c34-280db2a08645 Processing reference: TypedVariable[name=folioNumber,it=3,v=]
2026-06-03 01:29:42.234 DEBUG content 33884 d11c2f28-bd81-4303-8c34-280db2a08645 Processing reference: OutboundIntegration.parent
2026-06-03 01:29:42.236 DEBUG content 33884 d11c2f28-bd81-4303-8c34-280db2a08645 Processing reference: com.appiancorp.suiteapi.content.ContentRoleMap@3c071556[
  ContentRole[name=readers,inherit=true,allowForAll=false]
  ContentRole[name=authors,inherit=true,allowForAll=false]
  ContentRole[name=administrators,inherit=true,allowForAll=false]
  ContentRole[name=denyReaders,inherit=false,allowForAll=false]
  ContentRole[name=denyAuthors,inherit=false,allowForAll=false]
  ContentRole[name=denyAdministrators,inherit=false,allowForAll=false]
  securityVector=15:SEC_PUBLIC=true,SEC_CREATOR_ADMIN=false,SEC_INH_ADMIN=true,SEC_INH_EDITOR=true,SEC_INH_VIEWER=true,SEC_ALL_ADMIN=false,SEC_ALL_EDITOR=false,SEC_ALL_VIEWER=false
]
2026-06-03 01:29:42.236 DEBUG content 33884 d11c2f28-bd81-4303-8c34-280db2a08645 Processing reference: ContentRole[name=readers,inherit=true,allowForAll=false]
2026-06-03 01:29:42.236 DEBUG content 33884 d11c2f28-bd81-4303-8c34-280db2a08645 Processing reference: ContentRole[name=authors,inherit=true,allowForAll=false]
2026-06-03 01:29:42.236 DEBUG content 33884 d11c2f28-bd81-4303-8c34-280db2a08645 Processing reference: ContentRole[name=administrators,inherit=true,allowForAll=false]
2026-06-03 01:29:42.236 DEBUG content 33884 d11c2f28-bd81-4303-8c34-280db2a08645 Processing reference: ContentRole[name=denyReaders,inherit=false,allowForAll=false]
2026-06-03 01:29:42.236 DEBUG content 33884 d11c2f28-bd81-4303-8c34-280db2a08645 Processing reference: ContentRole[name=denyAuthors,inherit=false,allowForAll=false]
2026-06-03 01:29:42.236 DEBUG content 33884 d11c2f28-bd81-4303-8c34-280db2a08645 Processing reference: ContentRole[name=denyAdministrators,inherit=false,allowForAll=false]
2026-06-03 01:29:42.236 DEBUG content 33884 d11c2f28-bd81-4303-8c34-280db2a08645 Exporting binary resources.
2026-06-03 01:29:42.236 DEBUG content 33884 d11c2f28-bd81-4303-8c34-280db2a08645 Serializing object to XML.
2026-06-03 01:29:42.239 DEBUG content 33884 d11c2f28-bd81-4303-8c34-280db2a08645 Object transported.
2026-06-03 01:29:42.239 DEBUG content 33885 _a-0000eeff-85fb-8000-9bc1-011c48011c48_472712 Begin transport.
2026-06-03 01:29:42.239 DEBUG content 33885 _a-0000eeff-85fb-8000-9bc1-011c48011c48_472712 Retrieving object data.
2026-06-03 01:29:42.246 DEBUG content 33885 _a-0000eeff-85fb-8000-9bc1-011c48011c48_472712 Setting uuids of object references.
2026-06-03 01:29:42.246 DEBUG content 33885 _a-0000eeff-85fb-8000-9bc1-011c48011c48_472712 Processing reference: [Content:id=27225,versionId=-1,name=NCI_INT_getDetailMovementsTotalAcredita,type=32,subtype=5,uuid=_a-0000eeff-85fb-8000-9bc1-011c48011c48_472712,parent=26215]
2026-06-03 01:29:42.253 DEBUG content 33885 _a-0000eeff-85fb-8000-9bc1-011c48011c48_472712 Processing reference: OutboundIntegration.forum
2026-06-03 01:29:42.253 DEBUG content 33885 _a-0000eeff-85fb-8000-9bc1-011c48011c48_472712 Processing reference: OutboundIntegration.integrationOutputsAsTypedValue
2026-06-03 01:29:42.253 DEBUG content 33885 _a-0000eeff-85fb-8000-9bc1-011c48011c48_472712 Processing reference: TypedVariable[name=folioNumber,it=3,v=]
2026-06-03 01:29:42.253 DEBUG content 33885 _a-0000eeff-85fb-8000-9bc1-011c48011c48_472712 Processing reference: OutboundIntegration.parent
2026-06-03 01:29:42.255 DEBUG content 33885 _a-0000eeff-85fb-8000-9bc1-011c48011c48_472712 Processing reference: com.appiancorp.suiteapi.content.ContentRoleMap@58baff5e[
  ContentRole[name=readers,inherit=true,allowForAll=false]
  ContentRole[name=authors,inherit=true,allowForAll=false]
  ContentRole[name=administrators,inherit=true,allowForAll=false]
  ContentRole[name=denyReaders,inherit=false,allowForAll=false]
  ContentRole[name=denyAuthors,inherit=false,allowForAll=false]
  ContentRole[name=denyAdministrators,inherit=false,allowForAll=false]
  securityVector=15:SEC_PUBLIC=true,SEC_CREATOR_ADMIN=false,SEC_INH_ADMIN=true,SEC_INH_EDITOR=true,SEC_INH_VIEWER=true,SEC_ALL_ADMIN=false,SEC_ALL_EDITOR=false,SEC_ALL_VIEWER=false
]
2026-06-03 01:29:42.255 DEBUG content 33885 _a-0000eeff-85fb-8000-9bc1-011c48011c48_472712 Processing reference: ContentRole[name=readers,inherit=true,allowForAll=false]
2026-06-03 01:29:42.255 DEBUG content 33885 _a-0000eeff-85fb-8000-9bc1-011c48011c48_472712 Processing reference: ContentRole[name=authors,inherit=true,allowForAll=false]
2026-06-03 01:29:42.255 DEBUG content 33885 _a-0000eeff-85fb-8000-9bc1-011c48011c48_472712 Processing reference: ContentRole[name=administrators,inherit=true,allowForAll=false]
2026-06-03 01:29:42.255 DEBUG content 33885 _a-0000eeff-85fb-8000-9bc1-011c48011c48_472712 Processing reference: ContentRole[name=denyReaders,inherit=false,allowForAll=false]
2026-06-03 01:29:42.255 DEBUG content 33885 _a-0000eeff-85fb-8000-9bc1-011c48011c48_472712 Processing reference: ContentRole[name=denyAuthors,inherit=false,allowForAll=false]
2026-06-03 01:29:42.255 DEBUG content 33885 _a-0000eeff-85fb-8000-9bc1-011c48011c48_472712 Processing reference: ContentRole[name=denyAdministrators,inherit=false,allowForAll=false]
2026-06-03 01:29:42.256 DEBUG content 33885 _a-0000eeff-85fb-8000-9bc1-011c48011c48_472712 Exporting binary resources.
2026-06-03 01:29:42.256 DEBUG content 33885 _a-0000eeff-85fb-8000-9bc1-011c48011c48_472712 Serializing object to XML.
2026-06-03 01:29:42.258 DEBUG content 33885 _a-0000eeff-85fb-8000-9bc1-011c48011c48_472712 Object transported.
2026-06-03 01:29:42.258 DEBUG content 33886 c6084d00-1e54-4803-8017-68208c234b37 Begin transport.
2026-06-03 01:29:42.258 DEBUG content 33886 c6084d00-1e54-4803-8017-68208c234b37 Retrieving object data.
2026-06-03 01:29:42.265 DEBUG content 33886 c6084d00-1e54-4803-8017-68208c234b37 Setting uuids of object references.
2026-06-03 01:29:42.265 DEBUG content 33886 c6084d00-1e54-4803-8017-68208c234b37 Processing reference: [Content:id=3728,versionId=-1,name=NCI_OPER_NotificacionMatrizConvivencia,type=32,subtype=5,uuid=c6084d00-1e54-4803-8017-68208c234b37,parent=1660]
2026-06-03 01:29:42.273 DEBUG content 33886 c6084d00-1e54-4803-8017-68208c234b37 Processing reference: OutboundIntegration.forum
2026-06-03 01:29:42.274 DEBUG content 33886 c6084d00-1e54-4803-8017-68208c234b37 Processing reference: OutboundIntegration.integrationOutputsAsTypedValue
2026-06-03 01:29:42.274 DEBUG content 33886 c6084d00-1e54-4803-8017-68208c234b37 Processing reference: TypedVariable[name=request,it=252,v=<null>]
2026-06-03 01:29:42.274 DEBUG content 33886 c6084d00-1e54-4803-8017-68208c234b37 Processing reference: TypedVariable[name=onSuccess,it=97,v=<null>]
2026-06-03 01:29:42.274 DEBUG content 33886 c6084d00-1e54-4803-8017-68208c234b37 Processing reference: TypedVariable[name=onError,it=97,v=<null>]
2026-06-03 01:29:42.274 DEBUG content 33886 c6084d00-1e54-4803-8017-68208c234b37 Processing reference: OutboundIntegration.parent
2026-06-03 01:29:42.276 DEBUG content 33886 c6084d00-1e54-4803-8017-68208c234b37 Processing reference: com.appiancorp.suiteapi.content.ContentRoleMap@670d0e9f[
  ContentRole[name=readers,inherit=true,allowForAll=false]
  ContentRole[name=authors,inherit=true,allowForAll=false]
  ContentRole[name=administrators,inherit=true,allowForAll=false]
  ContentRole[name=denyReaders,inherit=false,allowForAll=false]
  ContentRole[name=denyAuthors,inherit=false,allowForAll=false]
  ContentRole[name=denyAdministrators,inherit=false,allowForAll=false]
  securityVector=15:SEC_PUBLIC=true,SEC_CREATOR_ADMIN=false,SEC_INH_ADMIN=true,SEC_INH_EDITOR=true,SEC_INH_VIEWER=true,SEC_ALL_ADMIN=false,SEC_ALL_EDITOR=false,SEC_ALL_VIEWER=false
]
2026-06-03 01:29:42.276 DEBUG content 33886 c6084d00-1e54-4803-8017-68208c234b37 Processing reference: ContentRole[name=readers,inherit=true,allowForAll=false]
2026-06-03 01:29:42.276 DEBUG content 33886 c6084d00-1e54-4803-8017-68208c234b37 Processing reference: ContentRole[name=authors,inherit=true,allowForAll=false]
2026-06-03 01:29:42.276 DEBUG content 33886 c6084d00-1e54-4803-8017-68208c234b37 Processing reference: ContentRole[name=administrators,inherit=true,allowForAll=false]
2026-06-03 01:29:42.276 DEBUG content 33886 c6084d00-1e54-4803-8017-68208c234b37 Processing reference: ContentRole[name=denyReaders,inherit=false,allowForAll=false]
2026-06-03 01:29:42.276 DEBUG content 33886 c6084d00-1e54-4803-8017-68208c234b37 Processing reference: ContentRole[name=denyAuthors,inherit=false,allowForAll=false]
2026-06-03 01:29:42.276 DEBUG content 33886 c6084d00-1e54-4803-8017-68208c234b37 Processing reference: ContentRole[name=denyAdministrators,inherit=false,allowForAll=false]
2026-06-03 01:29:42.277 DEBUG content 33886 c6084d00-1e54-4803-8017-68208c234b37 Exporting binary resources.
2026-06-03 01:29:42.277 DEBUG content 33886 c6084d00-1e54-4803-8017-68208c234b37 Serializing object to XML.
2026-06-03 01:29:42.28 DEBUG content 33886 c6084d00-1e54-4803-8017-68208c234b37 Object transported.
2026-06-03 01:29:42.28 DEBUG content 33887 db37850c-4c51-4ee3-9a12-95f3860e063c Begin transport.
2026-06-03 01:29:42.28 DEBUG content 33887 db37850c-4c51-4ee3-9a12-95f3860e063c Retrieving object data.
2026-06-03 01:29:42.288 DEBUG content 33887 db37850c-4c51-4ee3-9a12-95f3860e063c Setting uuids of object references.
2026-06-03 01:29:42.288 DEBUG content 33887 db37850c-4c51-4ee3-9a12-95f3860e063c Processing reference: [Content:id=1662,versionId=-1,name=NCI_OPER_CatalogsIntegration,type=32,subtype=5,uuid=db37850c-4c51-4ee3-9a12-95f3860e063c,parent=1660]
2026-06-03 01:29:42.296 DEBUG content 33887 db37850c-4c51-4ee3-9a12-95f3860e063c Processing reference: OutboundIntegration.forum
2026-06-03 01:29:42.297 DEBUG content 33887 db37850c-4c51-4ee3-9a12-95f3860e063c Processing reference: OutboundIntegration.integrationOutputsAsTypedValue
2026-06-03 01:29:42.297 DEBUG content 33887 db37850c-4c51-4ee3-9a12-95f3860e063c Processing reference: TypedVariable[name=catalogTypeId_int,it=1,v=<null>]
2026-06-03 01:29:42.297 DEBUG content 33887 db37850c-4c51-4ee3-9a12-95f3860e063c Processing reference: TypedVariable[name=parentCatalogId_int,it=1,v=<null>]
2026-06-03 01:29:42.297 DEBUG content 33887 db37850c-4c51-4ee3-9a12-95f3860e063c Processing reference: TypedVariable[name=catalogId_int,it=1,v=<null>]
2026-06-03 01:29:42.297 DEBUG content 33887 db37850c-4c51-4ee3-9a12-95f3860e063c Processing reference: TypedVariable[name=businessLineId,it=1,v=<null>]
2026-06-03 01:29:42.297 DEBUG content 33887 db37850c-4c51-4ee3-9a12-95f3860e063c Processing reference: OutboundIntegration.parent
2026-06-03 01:29:42.299 DEBUG content 33887 db37850c-4c51-4ee3-9a12-95f3860e063c Processing reference: com.appiancorp.suiteapi.content.ContentRoleMap@5e6f7524[
  ContentRole[name=readers,inherit=true,allowForAll=false]
  ContentRole[name=authors,inherit=true,allowForAll=false]
  ContentRole[name=administrators,inherit=true,allowForAll=false]
  ContentRole[name=denyReaders,inherit=false,allowForAll=false]
  ContentRole[name=denyAuthors,inherit=false,allowForAll=false]
  ContentRole[name=denyAdministrators,inherit=false,allowForAll=false]
  securityVector=15:SEC_PUBLIC=true,SEC_CREATOR_ADMIN=false,SEC_INH_ADMIN=true,SEC_INH_EDITOR=true,SEC_INH_VIEWER=true,SEC_ALL_ADMIN=false,SEC_ALL_EDITOR=false,SEC_ALL_VIEWER=false
]
2026-06-03 01:29:42.299 DEBUG content 33887 db37850c-4c51-4ee3-9a12-95f3860e063c Processing reference: ContentRole[name=readers,inherit=true,allowForAll=false]
2026-06-03 01:29:42.299 DEBUG content 33887 db37850c-4c51-4ee3-9a12-95f3860e063c Processing reference: ContentRole[name=authors,inherit=true,allowForAll=false]
2026-06-03 01:29:42.299 DEBUG content 33887 db37850c-4c51-4ee3-9a12-95f3860e063c Processing reference: ContentRole[name=administrators,inherit=true,allowForAll=false]
2026-06-03 01:29:42.299 DEBUG content 33887 db37850c-4c51-4ee3-9a12-95f3860e063c Processing reference: ContentRole[name=denyReaders,inherit=false,allowForAll=false]
2026-06-03 01:29:42.299 DEBUG content 33887 db37850c-4c51-4ee3-9a12-95f3860e063c Processing reference: ContentRole[name=denyAuthors,inherit=false,allowForAll=false]
2026-06-03 01:29:42.299 DEBUG content 33887 db37850c-4c51-4ee3-9a12-95f3860e063c Processing reference: ContentRole[name=denyAdministrators,inherit=false,allowForAll=false]
2026-06-03 01:29:42.299 DEBUG content 33887 db37850c-4c51-4ee3-9a12-95f3860e063c Exporting binary resources.
2026-06-03 01:29:42.299 DEBUG content 33887 db37850c-4c51-4ee3-9a12-95f3860e063c Serializing object to XML.
2026-06-03 01:29:42.302 DEBUG content 33887 db37850c-4c51-4ee3-9a12-95f3860e063c Object transported.
2026-06-03 01:29:42.302 DEBUG content 33888 0302c096-2809-4abc-9a56-1a4246c9ddab Begin transport.
2026-06-03 01:29:42.302 DEBUG content 33888 0302c096-2809-4abc-9a56-1a4246c9ddab Retrieving object data.
2026-06-03 01:29:42.309 DEBUG content 33888 0302c096-2809-4abc-9a56-1a4246c9ddab Setting uuids of object references.
2026-06-03 01:29:42.309 DEBUG content 33888 0302c096-2809-4abc-9a56-1a4246c9ddab Processing reference: [Content:id=25114,versionId=-1,name=NCI_OPER_ConsultaCoincidencias,type=32,subtype=5,uuid=0302c096-2809-4abc-9a56-1a4246c9ddab,parent=1660]
2026-06-03 01:29:42.318 DEBUG content 33888 0302c096-2809-4abc-9a56-1a4246c9ddab Processing reference: OutboundIntegration.forum
2026-06-03 01:29:42.318 DEBUG content 33888 0302c096-2809-4abc-9a56-1a4246c9ddab Processing reference: OutboundIntegration.integrationOutputsAsTypedValue
2026-06-03 01:29:42.319 DEBUG content 33888 0302c096-2809-4abc-9a56-1a4246c9ddab Processing reference: TypedVariable[name=folio,it=3,v=]
2026-06-03 01:29:42.319 DEBUG content 33888 0302c096-2809-4abc-9a56-1a4246c9ddab Processing reference: TypedVariable[name=subproceso,it=1,v=<null>]
2026-06-03 01:29:42.319 DEBUG content 33888 0302c096-2809-4abc-9a56-1a4246c9ddab Processing reference: TypedVariable[name=tipoArchivo,it=3,v=]
2026-06-03 01:29:42.319 DEBUG content 33888 0302c096-2809-4abc-9a56-1a4246c9ddab Processing reference: TypedVariable[name=idArchivo,it=1,v=<null>]
2026-06-03 01:29:42.319 DEBUG content 33888 0302c096-2809-4abc-9a56-1a4246c9ddab Processing reference: OutboundIntegration.parent
2026-06-03 01:29:42.321 DEBUG content 33888 0302c096-2809-4abc-9a56-1a4246c9ddab Processing reference: com.appiancorp.suiteapi.content.ContentRoleMap@67450576[
  ContentRole[name=readers,inherit=true,allowForAll=false]
  ContentRole[name=authors,inherit=true,allowForAll=false]
  ContentRole[name=administrators,inherit=true,allowForAll=false]
  ContentRole[name=denyReaders,inherit=false,allowForAll=false]
  ContentRole[name=denyAuthors,inherit=false,allowForAll=false]
  ContentRole[name=denyAdministrators,inherit=false,allowForAll=false]
  securityVector=15:SEC_PUBLIC=true,SEC_CREATOR_ADMIN=false,SEC_INH_ADMIN=true,SEC_INH_EDITOR=true,SEC_INH_VIEWER=true,SEC_ALL_ADMIN=false,SEC_ALL_EDITOR=false,SEC_ALL_VIEWER=false
]
2026-06-03 01:29:42.321 DEBUG content 33888 0302c096-2809-4abc-9a56-1a4246c9ddab Processing reference: ContentRole[name=readers,inherit=true,allowForAll=false]
2026-06-03 01:29:42.321 DEBUG content 33888 0302c096-2809-4abc-9a56-1a4246c9ddab Processing reference: ContentRole[name=authors,inherit=true,allowForAll=false]
2026-06-03 01:29:42.321 DEBUG content 33888 0302c096-2809-4abc-9a56-1a4246c9ddab Processing reference: ContentRole[name=administrators,inherit=true,allowForAll=false]
2026-06-03 01:29:42.321 DEBUG content 33888 0302c096-2809-4abc-9a56-1a4246c9ddab Processing reference: ContentRole[name=denyReaders,inherit=false,allowForAll=false]
2026-06-03 01:29:42.321 DEBUG content 33888 0302c096-2809-4abc-9a56-1a4246c9ddab Processing reference: ContentRole[name=denyAuthors,inherit=false,allowForAll=false]
2026-06-03 01:29:42.321 DEBUG content 33888 0302c096-2809-4abc-9a56-1a4246c9ddab Processing reference: ContentRole[name=denyAdministrators,inherit=false,allowForAll=false]
2026-06-03 01:29:42.322 DEBUG content 33888 0302c096-2809-4abc-9a56-1a4246c9ddab Exporting binary resources.
2026-06-03 01:29:42.322 DEBUG content 33888 0302c096-2809-4abc-9a56-1a4246c9ddab Serializing object to XML.
2026-06-03 01:29:42.325 DEBUG content 33888 0302c096-2809-4abc-9a56-1a4246c9ddab Object transported.
2026-06-03 01:29:42.325 DEBUG content 33889 _a-0000eeb4-c217-8000-9bbf-011c48011c48_441838 Begin transport.
2026-06-03 01:29:42.325 DEBUG content 33889 _a-0000eeb4-c217-8000-9bbf-011c48011c48_441838 Retrieving object data.
2026-06-03 01:29:42.332 DEBUG content 33889 _a-0000eeb4-c217-8000-9bbf-011c48011c48_441838 Setting uuids of object references.
2026-06-03 01:29:42.332 DEBUG content 33889 _a-0000eeb4-c217-8000-9bbf-011c48011c48_441838 Processing reference: [Content:id=26260,versionId=-1,name=NCI_getMovimientosPreviosTraspasos,type=32,subtype=5,uuid=_a-0000eeb4-c217-8000-9bbf-011c48011c48_441838,parent=1660]
2026-06-03 01:29:42.339 DEBUG content 33889 _a-0000eeb4-c217-8000-9bbf-011c48011c48_441838 Processing reference: OutboundIntegration.forum
2026-06-03 01:29:42.339 DEBUG content 33889 _a-0000eeb4-c217-8000-9bbf-011c48011c48_441838 Processing reference: OutboundIntegration.integrationOutputsAsTypedValue
2026-06-03 01:29:42.339 DEBUG content 33889 _a-0000eeb4-c217-8000-9bbf-011c48011c48_441838 Processing reference: TypedVariable[name=folio,it=3,v=]
2026-06-03 01:29:42.339 DEBUG content 33889 _a-0000eeb4-c217-8000-9bbf-011c48011c48_441838 Processing reference: OutboundIntegration.parent
2026-06-03 01:29:42.341 DEBUG content 33889 _a-0000eeb4-c217-8000-9bbf-011c48011c48_441838 Processing reference: com.appiancorp.suiteapi.content.ContentRoleMap@524edb38[
  ContentRole[name=readers,inherit=true,allowForAll=false]
  ContentRole[name=authors,inherit=true,allowForAll=false]
  ContentRole[name=administrators,inherit=true,allowForAll=false]
  ContentRole[name=denyReaders,inherit=false,allowForAll=false]
  ContentRole[name=denyAuthors,inherit=false,allowForAll=false]
  ContentRole[name=denyAdministrators,inherit=false,allowForAll=false]
  securityVector=15:SEC_PUBLIC=true,SEC_CREATOR_ADMIN=false,SEC_INH_ADMIN=true,SEC_INH_EDITOR=true,SEC_INH_VIEWER=true,SEC_ALL_ADMIN=false,SEC_ALL_EDITOR=false,SEC_ALL_VIEWER=false
]
2026-06-03 01:29:42.341 DEBUG content 33889 _a-0000eeb4-c217-8000-9bbf-011c48011c48_441838 Processing reference: ContentRole[name=readers,inherit=true,allowForAll=false]
2026-06-03 01:29:42.341 DEBUG content 33889 _a-0000eeb4-c217-8000-9bbf-011c48011c48_441838 Processing reference: ContentRole[name=authors,inherit=true,allowForAll=false]
2026-06-03 01:29:42.341 DEBUG content 33889 _a-0000eeb4-c217-8000-9bbf-011c48011c48_441838 Processing reference: ContentRole[name=administrators,inherit=true,allowForAll=false]
2026-06-03 01:29:42.341 DEBUG content 33889 _a-0000eeb4-c217-8000-9bbf-011c48011c48_441838 Processing reference: ContentRole[name=denyReaders,inherit=false,allowForAll=false]
2026-06-03 01:29:42.341 DEBUG content 33889 _a-0000eeb4-c217-8000-9bbf-011c48011c48_441838 Processing reference: ContentRole[name=denyAuthors,inherit=false,allowForAll=false]
2026-06-03 01:29:42.341 DEBUG content 33889 _a-0000eeb4-c217-8000-9bbf-011c48011c48_441838 Processing reference: ContentRole[name=denyAdministrators,inherit=false,allowForAll=false]
2026-06-03 01:29:42.342 DEBUG content 33889 _a-0000eeb4-c217-8000-9bbf-011c48011c48_441838 Exporting binary resources.
2026-06-03 01:29:42.342 DEBUG content 33889 _a-0000eeb4-c217-8000-9bbf-011c48011c48_441838 Serializing object to XML.
2026-06-03 01:29:42.345 DEBUG content 33889 _a-0000eeb4-c217-8000-9bbf-011c48011c48_441838 Object transported.
2026-06-03 01:29:42.345 DEBUG content 33890 fc02f088-b00f-4899-91ce-a92aa2d523ae Begin transport.
2026-06-03 01:29:42.345 DEBUG content 33890 fc02f088-b00f-4899-91ce-a92aa2d523ae Retrieving object data.
2026-06-03 01:29:42.352 DEBUG content 33890 fc02f088-b00f-4899-91ce-a92aa2d523ae Setting uuids of object references.
2026-06-03 01:29:42.352 DEBUG content 33890 fc02f088-b00f-4899-91ce-a92aa2d523ae Processing reference: [Content:id=3974,versionId=-1,name=NCI_OPER_CifrasValidacion,type=32,subtype=5,uuid=fc02f088-b00f-4899-91ce-a92aa2d523ae,parent=1660]
2026-06-03 01:29:42.359 DEBUG content 33890 fc02f088-b00f-4899-91ce-a92aa2d523ae Processing reference: OutboundIntegration.forum
2026-06-03 01:29:42.359 DEBUG content 33890 fc02f088-b00f-4899-91ce-a92aa2d523ae Processing reference: OutboundIntegration.integrationOutputsAsTypedValue
2026-06-03 01:29:42.359 DEBUG content 33890 fc02f088-b00f-4899-91ce-a92aa2d523ae Processing reference: TypedVariable[name=dataFilter_map,it=252,v=<null>]
2026-06-03 01:29:42.359 DEBUG content 33890 fc02f088-b00f-4899-91ce-a92aa2d523ae Processing reference: OutboundIntegration.parent
2026-06-03 01:29:42.362 DEBUG content 33890 fc02f088-b00f-4899-91ce-a92aa2d523ae Processing reference: com.appiancorp.suiteapi.content.ContentRoleMap@3d5effc9[
  ContentRole[name=readers,inherit=true,allowForAll=false]
  ContentRole[name=authors,inherit=true,allowForAll=false]
  ContentRole[name=administrators,inherit=true,allowForAll=false]
  ContentRole[name=denyReaders,inherit=false,allowForAll=false]
  ContentRole[name=denyAuthors,inherit=false,allowForAll=false]
  ContentRole[name=denyAdministrators,inherit=false,allowForAll=false]
  securityVector=15:SEC_PUBLIC=true,SEC_CREATOR_ADMIN=false,SEC_INH_ADMIN=true,SEC_INH_EDITOR=true,SEC_INH_VIEWER=true,SEC_ALL_ADMIN=false,SEC_ALL_EDITOR=false,SEC_ALL_VIEWER=false
]
2026-06-03 01:29:42.362 DEBUG content 33890 fc02f088-b00f-4899-91ce-a92aa2d523ae Processing reference: ContentRole[name=readers,inherit=true,allowForAll=false]
2026-06-03 01:29:42.362 DEBUG content 33890 fc02f088-b00f-4899-91ce-a92aa2d523ae Processing reference: ContentRole[name=authors,inherit=true,allowForAll=false]
2026-06-03 01:29:42.362 DEBUG content 33890 fc02f088-b00f-4899-91ce-a92aa2d523ae Processing reference: ContentRole[name=administrators,inherit=true,allowForAll=false]
2026-06-03 01:29:42.362 DEBUG content 33890 fc02f088-b00f-4899-91ce-a92aa2d523ae Processing reference: ContentRole[name=denyReaders,inherit=false,allowForAll=false]
2026-06-03 01:29:42.362 DEBUG content 33890 fc02f088-b00f-4899-91ce-a92aa2d523ae Processing reference: ContentRole[name=denyAuthors,inherit=false,allowForAll=false]
2026-06-03 01:29:42.362 DEBUG content 33890 fc02f088-b00f-4899-91ce-a92aa2d523ae Processing reference: ContentRole[name=denyAdministrators,inherit=false,allowForAll=false]
2026-06-03 01:29:42.362 DEBUG content 33890 fc02f088-b00f-4899-91ce-a92aa2d523ae Exporting binary resources.
2026-06-03 01:29:42.362 DEBUG content 33890 fc02f088-b00f-4899-91ce-a92aa2d523ae Serializing object to XML.
2026-06-03 01:29:42.365 DEBUG content 33890 fc02f088-b00f-4899-91ce-a92aa2d523ae Object transported.
2026-06-03 01:29:42.365 DEBUG content 33891 94d4d22b-a866-453e-a452-ea150d3a81d5 Begin transport.
2026-06-03 01:29:42.365 DEBUG content 33891 94d4d22b-a866-453e-a452-ea150d3a81d5 Retrieving object data.
2026-06-03 01:29:42.373 DEBUG content 33891 94d4d22b-a866-453e-a452-ea150d3a81d5 Setting uuids of object references.
2026-06-03 01:29:42.373 DEBUG content 33891 94d4d22b-a866-453e-a452-ea150d3a81d5 Processing reference: [Content:id=16753,versionId=-1,name=ND_getCifrasArchivoRespuesta,type=32,subtype=5,uuid=94d4d22b-a866-453e-a452-ea150d3a81d5,parent=26222]
2026-06-03 01:29:42.38 DEBUG content 33891 94d4d22b-a866-453e-a452-ea150d3a81d5 Processing reference: OutboundIntegration.forum
2026-06-03 01:29:42.381 DEBUG content 33891 94d4d22b-a866-453e-a452-ea150d3a81d5 Processing reference: OutboundIntegration.integrationOutputsAsTypedValue
2026-06-03 01:29:42.381 DEBUG content 33891 94d4d22b-a866-453e-a452-ea150d3a81d5 Processing reference: TypedVariable[name=processId,it=1,v=<null>]
2026-06-03 01:29:42.381 DEBUG content 33891 94d4d22b-a866-453e-a452-ea150d3a81d5 Processing reference: TypedVariable[name=subprocess,it=1,v=<null>]
2026-06-03 01:29:42.381 DEBUG content 33891 94d4d22b-a866-453e-a452-ea150d3a81d5 Processing reference: TypedVariable[name=folio,it=3,v=]
2026-06-03 01:29:42.381 DEBUG content 33891 94d4d22b-a866-453e-a452-ea150d3a81d5 Processing reference: OutboundIntegration.parent
2026-06-03 01:29:42.383 DEBUG content 33891 94d4d22b-a866-453e-a452-ea150d3a81d5 Processing reference: com.appiancorp.suiteapi.content.ContentRoleMap@4b5b03fb[
  ContentRole[name=readers,inherit=true,allowForAll=false]
  ContentRole[name=authors,inherit=true,allowForAll=false]
  ContentRole[name=administrators,inherit=true,allowForAll=false]
  ContentRole[name=denyReaders,inherit=false,allowForAll=false]
  ContentRole[name=denyAuthors,inherit=false,allowForAll=false]
  ContentRole[name=denyAdministrators,inherit=false,allowForAll=false]
  securityVector=15:SEC_PUBLIC=true,SEC_CREATOR_ADMIN=false,SEC_INH_ADMIN=true,SEC_INH_EDITOR=true,SEC_INH_VIEWER=true,SEC_ALL_ADMIN=false,SEC_ALL_EDITOR=false,SEC_ALL_VIEWER=false
]
2026-06-03 01:29:42.383 DEBUG content 33891 94d4d22b-a866-453e-a452-ea150d3a81d5 Processing reference: ContentRole[name=readers,inherit=true,allowForAll=false]
2026-06-03 01:29:42.383 DEBUG content 33891 94d4d22b-a866-453e-a452-ea150d3a81d5 Processing reference: ContentRole[name=authors,inherit=true,allowForAll=false]
2026-06-03 01:29:42.383 DEBUG content 33891 94d4d22b-a866-453e-a452-ea150d3a81d5 Processing reference: ContentRole[name=administrators,inherit=true,allowForAll=false]
2026-06-03 01:29:42.383 DEBUG content 33891 94d4d22b-a866-453e-a452-ea150d3a81d5 Processing reference: ContentRole[name=denyReaders,inherit=false,allowForAll=false]
2026-06-03 01:29:42.383 DEBUG content 33891 94d4d22b-a866-453e-a452-ea150d3a81d5 Processing reference: ContentRole[name=denyAuthors,inherit=false,allowForAll=false]
2026-06-03 01:29:42.383 DEBUG content 33891 94d4d22b-a866-453e-a452-ea150d3a81d5 Processing reference: ContentRole[name=denyAdministrators,inherit=false,allowForAll=false]
2026-06-03 01:29:42.384 DEBUG content 33891 94d4d22b-a866-453e-a452-ea150d3a81d5 Exporting binary resources.
2026-06-03 01:29:42.384 DEBUG content 33891 94d4d22b-a866-453e-a452-ea150d3a81d5 Serializing object to XML.
2026-06-03 01:29:42.387 DEBUG content 33891 94d4d22b-a866-453e-a452-ea150d3a81d5 Object transported.
2026-06-03 01:29:42.387 DEBUG content 33892 b65f79d0-3e9e-436f-9194-d989d10e7e86 Begin transport.
2026-06-03 01:29:42.387 DEBUG content 33892 b65f79d0-3e9e-436f-9194-d989d10e7e86 Retrieving object data.
2026-06-03 01:29:42.394 DEBUG content 33892 b65f79d0-3e9e-436f-9194-d989d10e7e86 Setting uuids of object references.
2026-06-03 01:29:42.394 DEBUG content 33892 b65f79d0-3e9e-436f-9194-d989d10e7e86 Processing reference: [Content:id=16747,versionId=-1,name=ND_getDetalleCteDictaminar,type=32,subtype=5,uuid=b65f79d0-3e9e-436f-9194-d989d10e7e86,parent=26222]
2026-06-03 01:29:42.402 DEBUG content 33892 b65f79d0-3e9e-436f-9194-d989d10e7e86 Processing reference: OutboundIntegration.forum
2026-06-03 01:29:42.402 DEBUG content 33892 b65f79d0-3e9e-436f-9194-d989d10e7e86 Processing reference: OutboundIntegration.integrationOutputsAsTypedValue
2026-06-03 01:29:42.403 DEBUG content 33892 b65f79d0-3e9e-436f-9194-d989d10e7e86 Processing reference: TypedVariable[name=nss_txt,it=3,v=]
2026-06-03 01:29:42.403 DEBUG content 33892 b65f79d0-3e9e-436f-9194-d989d10e7e86 Processing reference: TypedVariable[name=numberAccount_txt,it=3,v=]
2026-06-03 01:29:42.403 DEBUG content 33892 b65f79d0-3e9e-436f-9194-d989d10e7e86 Processing reference: OutboundIntegration.parent
2026-06-03 01:29:42.405 DEBUG content 33892 b65f79d0-3e9e-436f-9194-d989d10e7e86 Processing reference: com.appiancorp.suiteapi.content.ContentRoleMap@147dd080[
  ContentRole[name=readers,inherit=true,allowForAll=false]
  ContentRole[name=authors,inherit=true,allowForAll=false]
  ContentRole[name=administrators,inherit=true,allowForAll=false]
  ContentRole[name=denyReaders,inherit=false,allowForAll=false]
  ContentRole[name=denyAuthors,inherit=false,allowForAll=false]
  ContentRole[name=denyAdministrators,inherit=false,allowForAll=false]
  securityVector=15:SEC_PUBLIC=true,SEC_CREATOR_ADMIN=false,SEC_INH_ADMIN=true,SEC_INH_EDITOR=true,SEC_INH_VIEWER=true,SEC_ALL_ADMIN=false,SEC_ALL_EDITOR=false,SEC_ALL_VIEWER=false
]
2026-06-03 01:29:42.405 DEBUG content 33892 b65f79d0-3e9e-436f-9194-d989d10e7e86 Processing reference: ContentRole[name=readers,inherit=true,allowForAll=false]
2026-06-03 01:29:42.405 DEBUG content 33892 b65f79d0-3e9e-436f-9194-d989d10e7e86 Processing reference: ContentRole[name=authors,inherit=true,allowForAll=false]
2026-06-03 01:29:42.405 DEBUG content 33892 b65f79d0-3e9e-436f-9194-d989d10e7e86 Processing reference: ContentRole[name=administrators,inherit=true,allowForAll=false]
2026-06-03 01:29:42.405 DEBUG content 33892 b65f79d0-3e9e-436f-9194-d989d10e7e86 Processing reference: ContentRole[name=denyReaders,inherit=false,allowForAll=false]
2026-06-03 01:29:42.405 DEBUG content 33892 b65f79d0-3e9e-436f-9194-d989d10e7e86 Processing reference: ContentRole[name=denyAuthors,inherit=false,allowForAll=false]
2026-06-03 01:29:42.405 DEBUG content 33892 b65f79d0-3e9e-436f-9194-d989d10e7e86 Processing reference: ContentRole[name=denyAdministrators,inherit=false,allowForAll=false]
2026-06-03 01:29:42.405 DEBUG content 33892 b65f79d0-3e9e-436f-9194-d989d10e7e86 Exporting binary resources.
2026-06-03 01:29:42.405 DEBUG content 33892 b65f79d0-3e9e-436f-9194-d989d10e7e86 Serializing object to XML.
2026-06-03 01:29:42.408 DEBUG content 33892 b65f79d0-3e9e-436f-9194-d989d10e7e86 Object transported.
2026-06-03 01:29:42.408 DEBUG content 33893 b6118231-e20d-4b2c-b89c-e50499d9fdef Begin transport.
2026-06-03 01:29:42.408 DEBUG content 33893 b6118231-e20d-4b2c-b89c-e50499d9fdef Retrieving object data.
2026-06-03 01:29:42.416 DEBUG content 33893 b6118231-e20d-4b2c-b89c-e50499d9fdef Setting uuids of object references.
2026-06-03 01:29:42.416 DEBUG content 33893 b6118231-e20d-4b2c-b89c-e50499d9fdef Processing reference: [Content:id=16750,versionId=-1,name=ND_getClientesADictaminar,type=32,subtype=5,uuid=b6118231-e20d-4b2c-b89c-e50499d9fdef,parent=26222]
2026-06-03 01:29:42.424 DEBUG content 33893 b6118231-e20d-4b2c-b89c-e50499d9fdef Processing reference: OutboundIntegration.forum
2026-06-03 01:29:42.424 DEBUG content 33893 b6118231-e20d-4b2c-b89c-e50499d9fdef Processing reference: OutboundIntegration.integrationOutputsAsTypedValue
2026-06-03 01:29:42.424 DEBUG content 33893 b6118231-e20d-4b2c-b89c-e50499d9fdef Processing reference: TypedVariable[name=folio_txt,it=3,v=]
2026-06-03 01:29:42.424 DEBUG content 33893 b6118231-e20d-4b2c-b89c-e50499d9fdef Processing reference: TypedVariable[name=page_int,it=1,v=<null>]
2026-06-03 01:29:42.424 DEBUG content 33893 b6118231-e20d-4b2c-b89c-e50499d9fdef Processing reference: TypedVariable[name=limit_int,it=1,v=<null>]
2026-06-03 01:29:42.424 DEBUG content 33893 b6118231-e20d-4b2c-b89c-e50499d9fdef Processing reference: TypedVariable[name=nss_txt,it=3,v=]
2026-06-03 01:29:42.424 DEBUG content 33893 b6118231-e20d-4b2c-b89c-e50499d9fdef Processing reference: TypedVariable[name=statusId_txt,it=3,v=]
2026-06-03 01:29:42.424 DEBUG content 33893 b6118231-e20d-4b2c-b89c-e50499d9fdef Processing reference: OutboundIntegration.parent
2026-06-03 01:29:42.426 DEBUG content 33893 b6118231-e20d-4b2c-b89c-e50499d9fdef Processing reference: com.appiancorp.suiteapi.content.ContentRoleMap@4466a3bd[
  ContentRole[name=readers,inherit=true,allowForAll=false]
  ContentRole[name=authors,inherit=true,allowForAll=false]
  ContentRole[name=administrators,inherit=true,allowForAll=false]
  ContentRole[name=denyReaders,inherit=false,allowForAll=false]
  ContentRole[name=denyAuthors,inherit=false,allowForAll=false]
  ContentRole[name=denyAdministrators,inherit=false,allowForAll=false]
  securityVector=15:SEC_PUBLIC=true,SEC_CREATOR_ADMIN=false,SEC_INH_ADMIN=true,SEC_INH_EDITOR=true,SEC_INH_VIEWER=true,SEC_ALL_ADMIN=false,SEC_ALL_EDITOR=false,SEC_ALL_VIEWER=false
]
2026-06-03 01:29:42.426 DEBUG content 33893 b6118231-e20d-4b2c-b89c-e50499d9fdef Processing reference: ContentRole[name=readers,inherit=true,allowForAll=false]
2026-06-03 01:29:42.427 DEBUG content 33893 b6118231-e20d-4b2c-b89c-e50499d9fdef Processing reference: ContentRole[name=authors,inherit=true,allowForAll=false]
2026-06-03 01:29:42.427 DEBUG content 33893 b6118231-e20d-4b2c-b89c-e50499d9fdef Processing reference: ContentRole[name=administrators,inherit=true,allowForAll=false]
2026-06-03 01:29:42.427 DEBUG content 33893 b6118231-e20d-4b2c-b89c-e50499d9fdef Processing reference: ContentRole[name=denyReaders,inherit=false,allowForAll=false]
2026-06-03 01:29:42.427 DEBUG content 33893 b6118231-e20d-4b2c-b89c-e50499d9fdef Processing reference: ContentRole[name=denyAuthors,inherit=false,allowForAll=false]
2026-06-03 01:29:42.427 DEBUG content 33893 b6118231-e20d-4b2c-b89c-e50499d9fdef Processing reference: ContentRole[name=denyAdministrators,inherit=false,allowForAll=false]
2026-06-03 01:29:42.427 DEBUG content 33893 b6118231-e20d-4b2c-b89c-e50499d9fdef Exporting binary resources.
2026-06-03 01:29:42.427 DEBUG content 33893 b6118231-e20d-4b2c-b89c-e50499d9fdef Serializing object to XML.
2026-06-03 01:29:42.43 DEBUG content 33893 b6118231-e20d-4b2c-b89c-e50499d9fdef Object transported.
2026-06-03 01:29:42.43 DEBUG content 33894 55a038bf-abcb-42a9-99f2-8d87410656c5 Begin transport.
2026-06-03 01:29:42.43 DEBUG content 33894 55a038bf-abcb-42a9-99f2-8d87410656c5 Retrieving object data.
2026-06-03 01:29:42.438 DEBUG content 33894 55a038bf-abcb-42a9-99f2-8d87410656c5 Setting uuids of object references.
2026-06-03 01:29:42.438 DEBUG content 33894 55a038bf-abcb-42a9-99f2-8d87410656c5 Processing reference: [Content:id=18878,versionId=-1,name=NCI_INT_getMovementsTotals,type=32,subtype=5,uuid=55a038bf-abcb-42a9-99f2-8d87410656c5,parent=26215]
2026-06-03 01:29:42.445 DEBUG content 33894 55a038bf-abcb-42a9-99f2-8d87410656c5 Processing reference: OutboundIntegration.forum
2026-06-03 01:29:42.445 DEBUG content 33894 55a038bf-abcb-42a9-99f2-8d87410656c5 Processing reference: OutboundIntegration.integrationOutputsAsTypedValue
2026-06-03 01:29:42.446 DEBUG content 33894 55a038bf-abcb-42a9-99f2-8d87410656c5 Processing reference: TypedVariable[name=folioNumber,it=3,v=]
2026-06-03 01:29:42.446 DEBUG content 33894 55a038bf-abcb-42a9-99f2-8d87410656c5 Processing reference: OutboundIntegration.parent
2026-06-03 01:29:42.448 DEBUG content 33894 55a038bf-abcb-42a9-99f2-8d87410656c5 Processing reference: com.appiancorp.suiteapi.content.ContentRoleMap@6462dcd4[
  ContentRole[name=readers,inherit=true,allowForAll=false]
  ContentRole[name=authors,inherit=true,allowForAll=false]
  ContentRole[name=administrators,inherit=true,allowForAll=false]
  ContentRole[name=denyReaders,inherit=false,allowForAll=false]
  ContentRole[name=denyAuthors,inherit=false,allowForAll=false]
  ContentRole[name=denyAdministrators,inherit=false,allowForAll=false]
  securityVector=15:SEC_PUBLIC=true,SEC_CREATOR_ADMIN=false,SEC_INH_ADMIN=true,SEC_INH_EDITOR=true,SEC_INH_VIEWER=true,SEC_ALL_ADMIN=false,SEC_ALL_EDITOR=false,SEC_ALL_VIEWER=false
]
2026-06-03 01:29:42.448 DEBUG content 33894 55a038bf-abcb-42a9-99f2-8d87410656c5 Processing reference: ContentRole[name=readers,inherit=true,allowForAll=false]
2026-06-03 01:29:42.448 DEBUG content 33894 55a038bf-abcb-42a9-99f2-8d87410656c5 Processing reference: ContentRole[name=authors,inherit=true,allowForAll=false]
2026-06-03 01:29:42.448 DEBUG content 33894 55a038bf-abcb-42a9-99f2-8d87410656c5 Processing reference: ContentRole[name=administrators,inherit=true,allowForAll=false]
2026-06-03 01:29:42.448 DEBUG content 33894 55a038bf-abcb-42a9-99f2-8d87410656c5 Processing reference: ContentRole[name=denyReaders,inherit=false,allowForAll=false]
2026-06-03 01:29:42.448 DEBUG content 33894 55a038bf-abcb-42a9-99f2-8d87410656c5 Processing reference: ContentRole[name=denyAuthors,inherit=false,allowForAll=false]
2026-06-03 01:29:42.448 DEBUG content 33894 55a038bf-abcb-42a9-99f2-8d87410656c5 Processing reference: ContentRole[name=denyAdministrators,inherit=false,allowForAll=false]
2026-06-03 01:29:42.448 DEBUG content 33894 55a038bf-abcb-42a9-99f2-8d87410656c5 Exporting binary resources.
2026-06-03 01:29:42.448 DEBUG content 33894 55a038bf-abcb-42a9-99f2-8d87410656c5 Serializing object to XML.
2026-06-03 01:29:42.451 DEBUG content 33894 55a038bf-abcb-42a9-99f2-8d87410656c5 Object transported.
2026-06-03 01:29:42.451 DEBUG content 33895 62b97f43-9437-42e7-a0fb-1060c24f8a6d Begin transport.
2026-06-03 01:29:42.451 DEBUG content 33895 62b97f43-9437-42e7-a0fb-1060c24f8a6d Retrieving object data.
2026-06-03 01:29:42.458 DEBUG content 33895 62b97f43-9437-42e7-a0fb-1060c24f8a6d Setting uuids of object references.
2026-06-03 01:29:42.458 DEBUG content 33895 62b97f43-9437-42e7-a0fb-1060c24f8a6d Processing reference: [Content:id=19455,versionId=-1,name=NCI_INT_getResTotConvivencia_TR,type=32,subtype=5,uuid=62b97f43-9437-42e7-a0fb-1060c24f8a6d,parent=26215]
2026-06-03 01:29:42.465 DEBUG content 33895 62b97f43-9437-42e7-a0fb-1060c24f8a6d Processing reference: OutboundIntegration.forum
2026-06-03 01:29:42.466 DEBUG content 33895 62b97f43-9437-42e7-a0fb-1060c24f8a6d Processing reference: OutboundIntegration.integrationOutputsAsTypedValue
2026-06-03 01:29:42.466 DEBUG content 33895 62b97f43-9437-42e7-a0fb-1060c24f8a6d Processing reference: TypedVariable[name=dataMap,it=252,v=<null>]
2026-06-03 01:29:42.466 DEBUG content 33895 62b97f43-9437-42e7-a0fb-1060c24f8a6d Processing reference: OutboundIntegration.parent
2026-06-03 01:29:42.468 DEBUG content 33895 62b97f43-9437-42e7-a0fb-1060c24f8a6d Processing reference: com.appiancorp.suiteapi.content.ContentRoleMap@5e3695ae[
  ContentRole[name=readers,inherit=true,allowForAll=false]
  ContentRole[name=authors,inherit=true,allowForAll=false]
  ContentRole[name=administrators,inherit=true,allowForAll=false]
  ContentRole[name=denyReaders,inherit=false,allowForAll=false]
  ContentRole[name=denyAuthors,inherit=false,allowForAll=false]
  ContentRole[name=denyAdministrators,inherit=false,allowForAll=false]
  securityVector=15:SEC_PUBLIC=true,SEC_CREATOR_ADMIN=false,SEC_INH_ADMIN=true,SEC_INH_EDITOR=true,SEC_INH_VIEWER=true,SEC_ALL_ADMIN=false,SEC_ALL_EDITOR=false,SEC_ALL_VIEWER=false
]
2026-06-03 01:29:42.468 DEBUG content 33895 62b97f43-9437-42e7-a0fb-1060c24f8a6d Processing reference: ContentRole[name=readers,inherit=true,allowForAll=false]
2026-06-03 01:29:42.468 DEBUG content 33895 62b97f43-9437-42e7-a0fb-1060c24f8a6d Processing reference: ContentRole[name=authors,inherit=true,allowForAll=false]
2026-06-03 01:29:42.468 DEBUG content 33895 62b97f43-9437-42e7-a0fb-1060c24f8a6d Processing reference: ContentRole[name=administrators,inherit=true,allowForAll=false]
2026-06-03 01:29:42.468 DEBUG content 33895 62b97f43-9437-42e7-a0fb-1060c24f8a6d Processing reference: ContentRole[name=denyReaders,inherit=false,allowForAll=false]
2026-06-03 01:29:42.468 DEBUG content 33895 62b97f43-9437-42e7-a0fb-1060c24f8a6d Processing reference: ContentRole[name=denyAuthors,inherit=false,allowForAll=false]
2026-06-03 01:29:42.468 DEBUG content 33895 62b97f43-9437-42e7-a0fb-1060c24f8a6d Processing reference: ContentRole[name=denyAdministrators,inherit=false,allowForAll=false]
2026-06-03 01:29:42.468 DEBUG content 33895 62b97f43-9437-42e7-a0fb-1060c24f8a6d Exporting binary resources.
2026-06-03 01:29:42.468 DEBUG content 33895 62b97f43-9437-42e7-a0fb-1060c24f8a6d Serializing object to XML.
2026-06-03 01:29:42.471 DEBUG content 33895 62b97f43-9437-42e7-a0fb-1060c24f8a6d Object transported.
2026-06-03 01:29:42.471 DEBUG content 33896 13c5e660-a6c7-40f1-aaf3-292f71945cf3 Begin transport.
2026-06-03 01:29:42.471 DEBUG content 33896 13c5e660-a6c7-40f1-aaf3-292f71945cf3 Retrieving object data.
2026-06-03 01:29:42.479 DEBUG content 33896 13c5e660-a6c7-40f1-aaf3-292f71945cf3 Setting uuids of object references.
2026-06-03 01:29:42.479 DEBUG content 33896 13c5e660-a6c7-40f1-aaf3-292f71945cf3 Processing reference: [Content:id=9671,versionId=-1,name=NCI_getApigeeToken,type=32,subtype=5,uuid=13c5e660-a6c7-40f1-aaf3-292f71945cf3,parent=26215]
2026-06-03 01:29:42.484 DEBUG content 33896 13c5e660-a6c7-40f1-aaf3-292f71945cf3 Processing reference: OutboundIntegration.forum
2026-06-03 01:29:42.484 DEBUG content 33896 13c5e660-a6c7-40f1-aaf3-292f71945cf3 Processing reference: OutboundIntegration.integrationOutputsAsTypedValue
2026-06-03 01:29:42.484 DEBUG content 33896 13c5e660-a6c7-40f1-aaf3-292f71945cf3 Processing reference: OutboundIntegration.parent
2026-06-03 01:29:42.486 DEBUG content 33896 13c5e660-a6c7-40f1-aaf3-292f71945cf3 Processing reference: com.appiancorp.suiteapi.content.ContentRoleMap@10a36c6d[
  ContentRole[name=readers,groupIds=[41],inherit=false,allowForAll=false]
  ContentRole[name=authors,inherit=false,allowForAll=false]
  ContentRole[name=administrators,groupIds=[40],inherit=false,allowForAll=false]
  ContentRole[name=denyReaders,inherit=false,allowForAll=false]
  ContentRole[name=denyAuthors,inherit=false,allowForAll=false]
  ContentRole[name=denyAdministrators,inherit=false,allowForAll=false]
  securityVector=1:SEC_PUBLIC=true,SEC_CREATOR_ADMIN=false,SEC_INH_ADMIN=false,SEC_INH_EDITOR=false,SEC_INH_VIEWER=false,SEC_ALL_ADMIN=false,SEC_ALL_EDITOR=false,SEC_ALL_VIEWER=false
]
2026-06-03 01:29:42.486 DEBUG content 33896 13c5e660-a6c7-40f1-aaf3-292f71945cf3 Processing reference: ContentRole[name=readers,groupIds=[41],inherit=false,allowForAll=false]
2026-06-03 01:29:42.488 DEBUG content 33896 13c5e660-a6c7-40f1-aaf3-292f71945cf3 Processing reference: ContentRole[name=authors,inherit=false,allowForAll=false]
2026-06-03 01:29:42.488 DEBUG content 33896 13c5e660-a6c7-40f1-aaf3-292f71945cf3 Processing reference: ContentRole[name=administrators,groupIds=[40],inherit=false,allowForAll=false]
2026-06-03 01:29:42.489 DEBUG content 33896 13c5e660-a6c7-40f1-aaf3-292f71945cf3 Processing reference: ContentRole[name=denyReaders,inherit=false,allowForAll=false]
2026-06-03 01:29:42.489 DEBUG content 33896 13c5e660-a6c7-40f1-aaf3-292f71945cf3 Processing reference: ContentRole[name=denyAuthors,inherit=false,allowForAll=false]
2026-06-03 01:29:42.489 DEBUG content 33896 13c5e660-a6c7-40f1-aaf3-292f71945cf3 Processing reference: ContentRole[name=denyAdministrators,inherit=false,allowForAll=false]
2026-06-03 01:29:42.489 DEBUG content 33896 13c5e660-a6c7-40f1-aaf3-292f71945cf3 Exporting binary resources.
2026-06-03 01:29:42.489 DEBUG content 33896 13c5e660-a6c7-40f1-aaf3-292f71945cf3 Serializing object to XML.
2026-06-03 01:29:42.491 DEBUG content 33896 13c5e660-a6c7-40f1-aaf3-292f71945cf3 Object transported.
2026-06-03 01:29:42.491 DEBUG content 33897 _a-0000ed69-baa7-8000-9bad-011c48011c48_274532 Begin transport.
2026-06-03 01:29:42.491 DEBUG content 33897 _a-0000ed69-baa7-8000-9bad-011c48011c48_274532 Retrieving object data.
2026-06-03 01:29:42.498 DEBUG content 33897 _a-0000ed69-baa7-8000-9bad-011c48011c48_274532 Setting uuids of object references.
2026-06-03 01:29:42.498 DEBUG content 33897 _a-0000ed69-baa7-8000-9bad-011c48011c48_274532 Processing reference: [Content:id=20183,versionId=-1,name=NR_Configuracion_Diferencias_Maximas_Send,type=32,subtype=5,uuid=_a-0000ed69-baa7-8000-9bad-011c48011c48_274532,parent=26209]
2026-06-03 01:29:42.505 DEBUG content 33897 _a-0000ed69-baa7-8000-9bad-011c48011c48_274532 Processing reference: OutboundIntegration.forum
2026-06-03 01:29:42.506 DEBUG content 33897 _a-0000ed69-baa7-8000-9bad-011c48011c48_274532 Processing reference: OutboundIntegration.integrationOutputsAsTypedValue
2026-06-03 01:29:42.506 DEBUG content 33897 _a-0000ed69-baa7-8000-9bad-011c48011c48_274532 Processing reference: TypedVariable[name=sendData,it=252,v=<null>]
2026-06-03 01:29:42.506 DEBUG content 33897 _a-0000ed69-baa7-8000-9bad-011c48011c48_274532 Processing reference: TypedVariable[name=onSuccess,it=97,v=<null>]
2026-06-03 01:29:42.506 DEBUG content 33897 _a-0000ed69-baa7-8000-9bad-011c48011c48_274532 Processing reference: TypedVariable[name=onError,it=97,v=<null>]
2026-06-03 01:29:42.506 DEBUG content 33897 _a-0000ed69-baa7-8000-9bad-011c48011c48_274532 Processing reference: OutboundIntegration.parent
2026-06-03 01:29:42.508 DEBUG content 33897 _a-0000ed69-baa7-8000-9bad-011c48011c48_274532 Processing reference: com.appiancorp.suiteapi.content.ContentRoleMap@e02d1c7[
  ContentRole[name=readers,inherit=true,allowForAll=false]
  ContentRole[name=authors,inherit=true,allowForAll=false]
  ContentRole[name=administrators,inherit=true,allowForAll=false]
  ContentRole[name=denyReaders,inherit=false,allowForAll=false]
  ContentRole[name=denyAuthors,inherit=false,allowForAll=false]
  ContentRole[name=denyAdministrators,inherit=false,allowForAll=false]
  securityVector=15:SEC_PUBLIC=true,SEC_CREATOR_ADMIN=false,SEC_INH_ADMIN=true,SEC_INH_EDITOR=true,SEC_INH_VIEWER=true,SEC_ALL_ADMIN=false,SEC_ALL_EDITOR=false,SEC_ALL_VIEWER=false
]
2026-06-03 01:29:42.508 DEBUG content 33897 _a-0000ed69-baa7-8000-9bad-011c48011c48_274532 Processing reference: ContentRole[name=readers,inherit=true,allowForAll=false]
2026-06-03 01:29:42.508 DEBUG content 33897 _a-0000ed69-baa7-8000-9bad-011c48011c48_274532 Processing reference: ContentRole[name=authors,inherit=true,allowForAll=false]
2026-06-03 01:29:42.508 DEBUG content 33897 _a-0000ed69-baa7-8000-9bad-011c48011c48_274532 Processing reference: ContentRole[name=administrators,inherit=true,allowForAll=false]
2026-06-03 01:29:42.508 DEBUG content 33897 _a-0000ed69-baa7-8000-9bad-011c48011c48_274532 Processing reference: ContentRole[name=denyReaders,inherit=false,allowForAll=false]
2026-06-03 01:29:42.508 DEBUG content 33897 _a-0000ed69-baa7-8000-9bad-011c48011c48_274532 Processing reference: ContentRole[name=denyAuthors,inherit=false,allowForAll=false]
2026-06-03 01:29:42.508 DEBUG content 33897 _a-0000ed69-baa7-8000-9bad-011c48011c48_274532 Processing reference: ContentRole[name=denyAdministrators,inherit=false,allowForAll=false]
2026-06-03 01:29:42.509 DEBUG content 33897 _a-0000ed69-baa7-8000-9bad-011c48011c48_274532 Exporting binary resources.
2026-06-03 01:29:42.509 DEBUG content 33897 _a-0000ed69-baa7-8000-9bad-011c48011c48_274532 Serializing object to XML.
2026-06-03 01:29:42.512 DEBUG content 33897 _a-0000ed69-baa7-8000-9bad-011c48011c48_274532 Object transported.
2026-06-03 01:29:42.512 DEBUG content 33898 25fefa42-981a-460f-97ae-630a9b31b763 Begin transport.
2026-06-03 01:29:42.512 DEBUG content 33898 25fefa42-981a-460f-97ae-630a9b31b763 Retrieving object data.
2026-06-03 01:29:42.52 DEBUG content 33898 25fefa42-981a-460f-97ae-630a9b31b763 Setting uuids of object references.
2026-06-03 01:29:42.52 DEBUG content 33898 25fefa42-981a-460f-97ae-630a9b31b763 Processing reference: [Content:id=20178,versionId=-1,name=NR_Actualizacion_Estatus_Updatestatus,type=32,subtype=5,uuid=25fefa42-981a-460f-97ae-630a9b31b763,parent=26209]
2026-06-03 01:29:42.528 DEBUG content 33898 25fefa42-981a-460f-97ae-630a9b31b763 Processing reference: OutboundIntegration.forum
2026-06-03 01:29:42.529 DEBUG content 33898 25fefa42-981a-460f-97ae-630a9b31b763 Processing reference: OutboundIntegration.integrationOutputsAsTypedValue
2026-06-03 01:29:42.529 DEBUG content 33898 25fefa42-981a-460f-97ae-630a9b31b763 Processing reference: TypedVariable[name=sendData,it=252,v=<null>]
2026-06-03 01:29:42.529 DEBUG content 33898 25fefa42-981a-460f-97ae-630a9b31b763 Processing reference: TypedVariable[name=onSuccess,it=97,v=<null>]
2026-06-03 01:29:42.529 DEBUG content 33898 25fefa42-981a-460f-97ae-630a9b31b763 Processing reference: TypedVariable[name=onError,it=97,v=<null>]
2026-06-03 01:29:42.529 DEBUG content 33898 25fefa42-981a-460f-97ae-630a9b31b763 Processing reference: OutboundIntegration.parent
2026-06-03 01:29:42.531 DEBUG content 33898 25fefa42-981a-460f-97ae-630a9b31b763 Processing reference: com.appiancorp.suiteapi.content.ContentRoleMap@51e6c5d4[
  ContentRole[name=readers,inherit=true,allowForAll=false]
  ContentRole[name=authors,inherit=true,allowForAll=false]
  ContentRole[name=administrators,inherit=true,allowForAll=false]
  ContentRole[name=denyReaders,inherit=false,allowForAll=false]
  ContentRole[name=denyAuthors,inherit=false,allowForAll=false]
  ContentRole[name=denyAdministrators,inherit=false,allowForAll=false]
  securityVector=15:SEC_PUBLIC=true,SEC_CREATOR_ADMIN=false,SEC_INH_ADMIN=true,SEC_INH_EDITOR=true,SEC_INH_VIEWER=true,SEC_ALL_ADMIN=false,SEC_ALL_EDITOR=false,SEC_ALL_VIEWER=false
]
2026-06-03 01:29:42.531 DEBUG content 33898 25fefa42-981a-460f-97ae-630a9b31b763 Processing reference: ContentRole[name=readers,inherit=true,allowForAll=false]
2026-06-03 01:29:42.531 DEBUG content 33898 25fefa42-981a-460f-97ae-630a9b31b763 Processing reference: ContentRole[name=authors,inherit=true,allowForAll=false]
2026-06-03 01:29:42.531 DEBUG content 33898 25fefa42-981a-460f-97ae-630a9b31b763 Processing reference: ContentRole[name=administrators,inherit=true,allowForAll=false]
2026-06-03 01:29:42.531 DEBUG content 33898 25fefa42-981a-460f-97ae-630a9b31b763 Processing reference: ContentRole[name=denyReaders,inherit=false,allowForAll=false]
2026-06-03 01:29:42.531 DEBUG content 33898 25fefa42-981a-460f-97ae-630a9b31b763 Processing reference: ContentRole[name=denyAuthors,inherit=false,allowForAll=false]
2026-06-03 01:29:42.531 DEBUG content 33898 25fefa42-981a-460f-97ae-630a9b31b763 Processing reference: ContentRole[name=denyAdministrators,inherit=false,allowForAll=false]
2026-06-03 01:29:42.532 DEBUG content 33898 25fefa42-981a-460f-97ae-630a9b31b763 Exporting binary resources.
2026-06-03 01:29:42.532 DEBUG content 33898 25fefa42-981a-460f-97ae-630a9b31b763 Serializing object to XML.
2026-06-03 01:29:42.535 DEBUG content 33898 25fefa42-981a-460f-97ae-630a9b31b763 Object transported.
2026-06-03 01:29:42.535 DEBUG content 33899 4a1b1732-373a-4798-a413-7f12f6e98bc0 Begin transport.
2026-06-03 01:29:42.535 DEBUG content 33899 4a1b1732-373a-4798-a413-7f12f6e98bc0 Retrieving object data.
2026-06-03 01:29:42.544 DEBUG content 33899 4a1b1732-373a-4798-a413-7f12f6e98bc0 Setting uuids of object references.
2026-06-03 01:29:42.544 DEBUG content 33899 4a1b1732-373a-4798-a413-7f12f6e98bc0 Processing reference: [Content:id=20181,versionId=-1,name=NR_Configuracion_diferencias_maximas_catID,type=32,subtype=5,uuid=4a1b1732-373a-4798-a413-7f12f6e98bc0,parent=26209]
2026-06-03 01:29:42.552 DEBUG content 33899 4a1b1732-373a-4798-a413-7f12f6e98bc0 Processing reference: OutboundIntegration.forum
2026-06-03 01:29:42.552 DEBUG content 33899 4a1b1732-373a-4798-a413-7f12f6e98bc0 Processing reference: OutboundIntegration.integrationOutputsAsTypedValue
2026-06-03 01:29:42.552 DEBUG content 33899 4a1b1732-373a-4798-a413-7f12f6e98bc0 Processing reference: OutboundIntegration.parent
2026-06-03 01:29:42.555 DEBUG content 33899 4a1b1732-373a-4798-a413-7f12f6e98bc0 Processing reference: com.appiancorp.suiteapi.content.ContentRoleMap@5fcbdcd4[
  ContentRole[name=readers,inherit=true,allowForAll=false]
  ContentRole[name=authors,inherit=true,allowForAll=false]
  ContentRole[name=administrators,inherit=true,allowForAll=false]
  ContentRole[name=denyReaders,inherit=false,allowForAll=false]
  ContentRole[name=denyAuthors,inherit=false,allowForAll=false]
  ContentRole[name=denyAdministrators,inherit=false,allowForAll=false]
  securityVector=15:SEC_PUBLIC=true,SEC_CREATOR_ADMIN=false,SEC_INH_ADMIN=true,SEC_INH_EDITOR=true,SEC_INH_VIEWER=true,SEC_ALL_ADMIN=false,SEC_ALL_EDITOR=false,SEC_ALL_VIEWER=false
]
2026-06-03 01:29:42.555 DEBUG content 33899 4a1b1732-373a-4798-a413-7f12f6e98bc0 Processing reference: ContentRole[name=readers,inherit=true,allowForAll=false]
2026-06-03 01:29:42.555 DEBUG content 33899 4a1b1732-373a-4798-a413-7f12f6e98bc0 Processing reference: ContentRole[name=authors,inherit=true,allowForAll=false]
2026-06-03 01:29:42.555 DEBUG content 33899 4a1b1732-373a-4798-a413-7f12f6e98bc0 Processing reference: ContentRole[name=administrators,inherit=true,allowForAll=false]
2026-06-03 01:29:42.555 DEBUG content 33899 4a1b1732-373a-4798-a413-7f12f6e98bc0 Processing reference: ContentRole[name=denyReaders,inherit=false,allowForAll=false]
2026-06-03 01:29:42.555 DEBUG content 33899 4a1b1732-373a-4798-a413-7f12f6e98bc0 Processing reference: ContentRole[name=denyAuthors,inherit=false,allowForAll=false]
2026-06-03 01:29:42.555 DEBUG content 33899 4a1b1732-373a-4798-a413-7f12f6e98bc0 Processing reference: ContentRole[name=denyAdministrators,inherit=false,allowForAll=false]
2026-06-03 01:29:42.555 DEBUG content 33899 4a1b1732-373a-4798-a413-7f12f6e98bc0 Exporting binary resources.
2026-06-03 01:29:42.555 DEBUG content 33899 4a1b1732-373a-4798-a413-7f12f6e98bc0 Serializing object to XML.
2026-06-03 01:29:42.557 DEBUG content 33899 4a1b1732-373a-4798-a413-7f12f6e98bc0 Object transported.
2026-06-03 01:29:42.557 DEBUG content 33900 521b061f-5570-4979-83f1-41914d5ed16f Begin transport.
2026-06-03 01:29:42.557 DEBUG content 33900 521b061f-5570-4979-83f1-41914d5ed16f Retrieving object data.
2026-06-03 01:29:42.565 DEBUG content 33900 521b061f-5570-4979-83f1-41914d5ed16f Setting uuids of object references.
2026-06-03 01:29:42.565 DEBUG content 33900 521b061f-5570-4979-83f1-41914d5ed16f Processing reference: [Content:id=20176,versionId=-1,name=NR_ActualizacionEstatus_ConsultaNSS,type=32,subtype=5,uuid=521b061f-5570-4979-83f1-41914d5ed16f,parent=26209]
2026-06-03 01:29:42.572 DEBUG content 33900 521b061f-5570-4979-83f1-41914d5ed16f Processing reference: OutboundIntegration.forum
2026-06-03 01:29:42.572 DEBUG content 33900 521b061f-5570-4979-83f1-41914d5ed16f Processing reference: OutboundIntegration.integrationOutputsAsTypedValue
2026-06-03 01:29:42.572 DEBUG content 33900 521b061f-5570-4979-83f1-41914d5ed16f Processing reference: TypedVariable[name=nss,it=3,v=]
2026-06-03 01:29:42.572 DEBUG content 33900 521b061f-5570-4979-83f1-41914d5ed16f Processing reference: OutboundIntegration.parent
2026-06-03 01:29:42.574 DEBUG content 33900 521b061f-5570-4979-83f1-41914d5ed16f Processing reference: com.appiancorp.suiteapi.content.ContentRoleMap@518aa8c3[
  ContentRole[name=readers,inherit=true,allowForAll=false]
  ContentRole[name=authors,inherit=true,allowForAll=false]
  ContentRole[name=administrators,inherit=true,allowForAll=false]
  ContentRole[name=denyReaders,inherit=false,allowForAll=false]
  ContentRole[name=denyAuthors,inherit=false,allowForAll=false]
  ContentRole[name=denyAdministrators,inherit=false,allowForAll=false]
  securityVector=15:SEC_PUBLIC=true,SEC_CREATOR_ADMIN=false,SEC_INH_ADMIN=true,SEC_INH_EDITOR=true,SEC_INH_VIEWER=true,SEC_ALL_ADMIN=false,SEC_ALL_EDITOR=false,SEC_ALL_VIEWER=false
]
2026-06-03 01:29:42.574 DEBUG content 33900 521b061f-5570-4979-83f1-41914d5ed16f Processing reference: ContentRole[name=readers,inherit=true,allowForAll=false]
2026-06-03 01:29:42.574 DEBUG content 33900 521b061f-5570-4979-83f1-41914d5ed16f Processing reference: ContentRole[name=authors,inherit=true,allowForAll=false]
2026-06-03 01:29:42.574 DEBUG content 33900 521b061f-5570-4979-83f1-41914d5ed16f Processing reference: ContentRole[name=administrators,inherit=true,allowForAll=false]
2026-06-03 01:29:42.574 DEBUG content 33900 521b061f-5570-4979-83f1-41914d5ed16f Processing reference: ContentRole[name=denyReaders,inherit=false,allowForAll=false]
2026-06-03 01:29:42.574 DEBUG content 33900 521b061f-5570-4979-83f1-41914d5ed16f Processing reference: ContentRole[name=denyAuthors,inherit=false,allowForAll=false]
2026-06-03 01:29:42.574 DEBUG content 33900 521b061f-5570-4979-83f1-41914d5ed16f Processing reference: ContentRole[name=denyAdministrators,inherit=false,allowForAll=false]
2026-06-03 01:29:42.575 DEBUG content 33900 521b061f-5570-4979-83f1-41914d5ed16f Exporting binary resources.
2026-06-03 01:29:42.575 DEBUG content 33900 521b061f-5570-4979-83f1-41914d5ed16f Serializing object to XML.
2026-06-03 01:29:42.577 DEBUG content 33900 521b061f-5570-4979-83f1-41914d5ed16f Object transported.
2026-06-03 01:29:42.577 DEBUG content 33901 2d46bb77-81e2-44c3-89e3-f836cd7a3f29 Begin transport.
2026-06-03 01:29:42.577 DEBUG content 33901 2d46bb77-81e2-44c3-89e3-f836cd7a3f29 Retrieving object data.
2026-06-03 01:29:42.584 DEBUG content 33901 2d46bb77-81e2-44c3-89e3-f836cd7a3f29 Setting uuids of object references.
2026-06-03 01:29:42.584 DEBUG content 33901 2d46bb77-81e2-44c3-89e3-f836cd7a3f29 Processing reference: [Content:id=20182,versionId=-1,name=NR_Configuracion_Diferencias_Maximas_Historial,type=32,subtype=5,uuid=2d46bb77-81e2-44c3-89e3-f836cd7a3f29,parent=26209]
2026-06-03 01:29:42.591 DEBUG content 33901 2d46bb77-81e2-44c3-89e3-f836cd7a3f29 Processing reference: OutboundIntegration.forum
2026-06-03 01:29:42.591 DEBUG content 33901 2d46bb77-81e2-44c3-89e3-f836cd7a3f29 Processing reference: OutboundIntegration.integrationOutputsAsTypedValue
2026-06-03 01:29:42.591 DEBUG content 33901 2d46bb77-81e2-44c3-89e3-f836cd7a3f29 Processing reference: OutboundIntegration.parent
2026-06-03 01:29:42.594 DEBUG content 33901 2d46bb77-81e2-44c3-89e3-f836cd7a3f29 Processing reference: com.appiancorp.suiteapi.content.ContentRoleMap@67544f95[
  ContentRole[name=readers,inherit=true,allowForAll=false]
  ContentRole[name=authors,inherit=true,allowForAll=false]
  ContentRole[name=administrators,inherit=true,allowForAll=false]
  ContentRole[name=denyReaders,inherit=false,allowForAll=false]
  ContentRole[name=denyAuthors,inherit=false,allowForAll=false]
  ContentRole[name=denyAdministrators,inherit=false,allowForAll=false]
  securityVector=15:SEC_PUBLIC=true,SEC_CREATOR_ADMIN=false,SEC_INH_ADMIN=true,SEC_INH_EDITOR=true,SEC_INH_VIEWER=true,SEC_ALL_ADMIN=false,SEC_ALL_EDITOR=false,SEC_ALL_VIEWER=false
]
2026-06-03 01:29:42.594 DEBUG content 33901 2d46bb77-81e2-44c3-89e3-f836cd7a3f29 Processing reference: ContentRole[name=readers,inherit=true,allowForAll=false]
2026-06-03 01:29:42.594 DEBUG content 33901 2d46bb77-81e2-44c3-89e3-f836cd7a3f29 Processing reference: ContentRole[name=authors,inherit=true,allowForAll=false]
2026-06-03 01:29:42.594 DEBUG content 33901 2d46bb77-81e2-44c3-89e3-f836cd7a3f29 Processing reference: ContentRole[name=administrators,inherit=true,allowForAll=false]
2026-06-03 01:29:42.594 DEBUG content 33901 2d46bb77-81e2-44c3-89e3-f836cd7a3f29 Processing reference: ContentRole[name=denyReaders,inherit=false,allowForAll=false]
2026-06-03 01:29:42.594 DEBUG content 33901 2d46bb77-81e2-44c3-89e3-f836cd7a3f29 Processing reference: ContentRole[name=denyAuthors,inherit=false,allowForAll=false]
2026-06-03 01:29:42.594 DEBUG content 33901 2d46bb77-81e2-44c3-89e3-f836cd7a3f29 Processing reference: ContentRole[name=denyAdministrators,inherit=false,allowForAll=false]
2026-06-03 01:29:42.594 DEBUG content 33901 2d46bb77-81e2-44c3-89e3-f836cd7a3f29 Exporting binary resources.
2026-06-03 01:29:42.594 DEBUG content 33901 2d46bb77-81e2-44c3-89e3-f836cd7a3f29 Serializing object to XML.
2026-06-03 01:29:42.596 DEBUG content 33901 2d46bb77-81e2-44c3-89e3-f836cd7a3f29 Object transported.
2026-06-03 01:29:42.596 DEBUG content 33902 _a-0000ec60-cceb-8000-9ba6-011c48011c48_69620 Begin transport.
2026-06-03 01:29:42.596 DEBUG content 33902 _a-0000ec60-cceb-8000-9ba6-011c48011c48_69620 Retrieving object data.
2026-06-03 01:29:42.604 DEBUG content 33902 _a-0000ec60-cceb-8000-9ba6-011c48011c48_69620 Setting uuids of object references.
2026-06-03 01:29:42.604 DEBUG content 33902 _a-0000ec60-cceb-8000-9ba6-011c48011c48_69620 Processing reference: [Content:id=4196,versionId=-1,name=NCI_OPER_Notificacion,type=32,subtype=5,uuid=_a-0000ec60-cceb-8000-9ba6-011c48011c48_69620,parent=26173]
2026-06-03 01:29:42.609 DEBUG content 33902 _a-0000ec60-cceb-8000-9ba6-011c48011c48_69620 Processing reference: OutboundIntegration.forum
2026-06-03 01:29:42.609 DEBUG content 33902 _a-0000ec60-cceb-8000-9ba6-011c48011c48_69620 Processing reference: OutboundIntegration.integrationOutputsAsTypedValue
2026-06-03 01:29:42.609 DEBUG content 33902 _a-0000ec60-cceb-8000-9ba6-011c48011c48_69620 Processing reference: TypedVariable[name=request,it=252,v=<null>]
2026-06-03 01:29:42.609 DEBUG content 33902 _a-0000ec60-cceb-8000-9ba6-011c48011c48_69620 Processing reference: TypedVariable[name=onSuccess,it=97,v=<null>]
2026-06-03 01:29:42.609 DEBUG content 33902 _a-0000ec60-cceb-8000-9ba6-011c48011c48_69620 Processing reference: TypedVariable[name=onError,it=97,v=<null>]
2026-06-03 01:29:42.609 DEBUG content 33902 _a-0000ec60-cceb-8000-9ba6-011c48011c48_69620 Processing reference: OutboundIntegration.parent
2026-06-03 01:29:42.611 DEBUG content 33902 _a-0000ec60-cceb-8000-9ba6-011c48011c48_69620 Processing reference: com.appiancorp.suiteapi.content.ContentRoleMap@db95022[
  ContentRole[name=readers,inherit=true,allowForAll=false]
  ContentRole[name=authors,inherit=true,allowForAll=false]
  ContentRole[name=administrators,inherit=true,allowForAll=false]
  ContentRole[name=denyReaders,inherit=false,allowForAll=false]
  ContentRole[name=denyAuthors,inherit=false,allowForAll=false]
  ContentRole[name=denyAdministrators,inherit=false,allowForAll=false]
  securityVector=15:SEC_PUBLIC=true,SEC_CREATOR_ADMIN=false,SEC_INH_ADMIN=true,SEC_INH_EDITOR=true,SEC_INH_VIEWER=true,SEC_ALL_ADMIN=false,SEC_ALL_EDITOR=false,SEC_ALL_VIEWER=false
]
2026-06-03 01:29:42.611 DEBUG content 33902 _a-0000ec60-cceb-8000-9ba6-011c48011c48_69620 Processing reference: ContentRole[name=readers,inherit=true,allowForAll=false]
2026-06-03 01:29:42.611 DEBUG content 33902 _a-0000ec60-cceb-8000-9ba6-011c48011c48_69620 Processing reference: ContentRole[name=authors,inherit=true,allowForAll=false]
2026-06-03 01:29:42.611 DEBUG content 33902 _a-0000ec60-cceb-8000-9ba6-011c48011c48_69620 Processing reference: ContentRole[name=administrators,inherit=true,allowForAll=false]
2026-06-03 01:29:42.611 DEBUG content 33902 _a-0000ec60-cceb-8000-9ba6-011c48011c48_69620 Processing reference: ContentRole[name=denyReaders,inherit=false,allowForAll=false]
2026-06-03 01:29:42.611 DEBUG content 33902 _a-0000ec60-cceb-8000-9ba6-011c48011c48_69620 Processing reference: ContentRole[name=denyAuthors,inherit=false,allowForAll=false]
2026-06-03 01:29:42.611 DEBUG content 33902 _a-0000ec60-cceb-8000-9ba6-011c48011c48_69620 Processing reference: ContentRole[name=denyAdministrators,inherit=false,allowForAll=false]
2026-06-03 01:29:42.612 DEBUG content 33902 _a-0000ec60-cceb-8000-9ba6-011c48011c48_69620 Exporting binary resources.
2026-06-03 01:29:42.612 DEBUG content 33902 _a-0000ec60-cceb-8000-9ba6-011c48011c48_69620 Serializing object to XML.
2026-06-03 01:29:42.615 DEBUG content 33902 _a-0000ec60-cceb-8000-9ba6-011c48011c48_69620 Object transported.
2026-06-03 01:29:42.615 DEBUG content 33903 _a-0000ee45-8509-8000-9bb1-011c48011c48_331701 Begin transport.
2026-06-03 01:29:42.615 DEBUG content 33903 _a-0000ee45-8509-8000-9bb1-011c48011c48_331701 Retrieving object data.
2026-06-03 01:29:42.623 DEBUG content 33903 _a-0000ee45-8509-8000-9bb1-011c48011c48_331701 Setting uuids of object references.
2026-06-03 01:29:42.624 DEBUG content 33903 _a-0000ee45-8509-8000-9bb1-011c48011c48_331701 Processing reference: [Content:id=19704,versionId=-1,name=NCI_OPER_Reporte_Cifras_Control_IS,type=32,subtype=5,uuid=_a-0000ee45-8509-8000-9bb1-011c48011c48_331701,parent=26173]
2026-06-03 01:29:42.631 DEBUG content 33903 _a-0000ee45-8509-8000-9bb1-011c48011c48_331701 Processing reference: OutboundIntegration.forum
2026-06-03 01:29:42.631 DEBUG content 33903 _a-0000ee45-8509-8000-9bb1-011c48011c48_331701 Processing reference: OutboundIntegration.integrationOutputsAsTypedValue
2026-06-03 01:29:42.631 DEBUG content 33903 _a-0000ee45-8509-8000-9bb1-011c48011c48_331701 Processing reference: TypedVariable[name=folioNumber,it=3,v=]
2026-06-03 01:29:42.631 DEBUG content 33903 _a-0000ee45-8509-8000-9bb1-011c48011c48_331701 Processing reference: OutboundIntegration.parent
2026-06-03 01:29:42.633 DEBUG content 33903 _a-0000ee45-8509-8000-9bb1-011c48011c48_331701 Processing reference: com.appiancorp.suiteapi.content.ContentRoleMap@320d2eb7[
  ContentRole[name=readers,inherit=true,allowForAll=false]
  ContentRole[name=authors,inherit=true,allowForAll=false]
  ContentRole[name=administrators,inherit=true,allowForAll=false]
  ContentRole[name=denyReaders,inherit=false,allowForAll=false]
  ContentRole[name=denyAuthors,inherit=false,allowForAll=false]
  ContentRole[name=denyAdministrators,inherit=false,allowForAll=false]
  securityVector=15:SEC_PUBLIC=true,SEC_CREATOR_ADMIN=false,SEC_INH_ADMIN=true,SEC_INH_EDITOR=true,SEC_INH_VIEWER=true,SEC_ALL_ADMIN=false,SEC_ALL_EDITOR=false,SEC_ALL_VIEWER=false
]
2026-06-03 01:29:42.633 DEBUG content 33903 _a-0000ee45-8509-8000-9bb1-011c48011c48_331701 Processing reference: ContentRole[name=readers,inherit=true,allowForAll=false]
2026-06-03 01:29:42.633 DEBUG content 33903 _a-0000ee45-8509-8000-9bb1-011c48011c48_331701 Processing reference: ContentRole[name=authors,inherit=true,allowForAll=false]
2026-06-03 01:29:42.633 DEBUG content 33903 _a-0000ee45-8509-8000-9bb1-011c48011c48_331701 Processing reference: ContentRole[name=administrators,inherit=true,allowForAll=false]
2026-06-03 01:29:42.633 DEBUG content 33903 _a-0000ee45-8509-8000-9bb1-011c48011c48_331701 Processing reference: ContentRole[name=denyReaders,inherit=false,allowForAll=false]
2026-06-03 01:29:42.633 DEBUG content 33903 _a-0000ee45-8509-8000-9bb1-011c48011c48_331701 Processing reference: ContentRole[name=denyAuthors,inherit=false,allowForAll=false]
2026-06-03 01:29:42.633 DEBUG content 33903 _a-0000ee45-8509-8000-9bb1-011c48011c48_331701 Processing reference: ContentRole[name=denyAdministrators,inherit=false,allowForAll=false]
2026-06-03 01:29:42.634 DEBUG content 33903 _a-0000ee45-8509-8000-9bb1-011c48011c48_331701 Exporting binary resources.
2026-06-03 01:29:42.634 DEBUG content 33903 _a-0000ee45-8509-8000-9bb1-011c48011c48_331701 Serializing object to XML.
2026-06-03 01:29:42.636 DEBUG content 33903 _a-0000ee45-8509-8000-9bb1-011c48011c48_331701 Object transported.
2026-06-03 01:29:42.636 DEBUG content 33904 _a-0000ede3-bd80-8000-9baf-011c48011c48_323302 Begin transport.
2026-06-03 01:29:42.636 DEBUG content 33904 _a-0000ede3-bd80-8000-9baf-011c48011c48_323302 Retrieving object data.
2026-06-03 01:29:42.643 DEBUG content 33904 _a-0000ede3-bd80-8000-9baf-011c48011c48_323302 Setting uuids of object references.
2026-06-03 01:29:42.643 DEBUG content 33904 _a-0000ede3-bd80-8000-9baf-011c48011c48_323302 Processing reference: [Content:id=19687,versionId=-1,name=NCI_OPER_CC_Consulta_Vivienda_Detalle_Totales_Cifras_Control,type=32,subtype=5,uuid=_a-0000ede3-bd80-8000-9baf-011c48011c48_323302,parent=26173]
2026-06-03 01:29:42.65 DEBUG content 33904 _a-0000ede3-bd80-8000-9baf-011c48011c48_323302 Processing reference: OutboundIntegration.forum
2026-06-03 01:29:42.65 DEBUG content 33904 _a-0000ede3-bd80-8000-9baf-011c48011c48_323302 Processing reference: OutboundIntegration.integrationOutputsAsTypedValue
2026-06-03 01:29:42.65 DEBUG content 33904 _a-0000ede3-bd80-8000-9baf-011c48011c48_323302 Processing reference: TypedVariable[name=folioNumber,it=3,v=]
2026-06-03 01:29:42.65 DEBUG content 33904 _a-0000ede3-bd80-8000-9baf-011c48011c48_323302 Processing reference: TypedVariable[name=endUpdateFigures,it=3,v=]
2026-06-03 01:29:42.65 DEBUG content 33904 _a-0000ede3-bd80-8000-9baf-011c48011c48_323302 Processing reference: OutboundIntegration.parent
2026-06-03 01:29:42.652 DEBUG content 33904 _a-0000ede3-bd80-8000-9baf-011c48011c48_323302 Processing reference: com.appiancorp.suiteapi.content.ContentRoleMap@3f49bbf4[
  ContentRole[name=readers,inherit=true,allowForAll=false]
  ContentRole[name=authors,inherit=true,allowForAll=false]
  ContentRole[name=administrators,inherit=true,allowForAll=false]
  ContentRole[name=denyReaders,inherit=false,allowForAll=false]
  ContentRole[name=denyAuthors,inherit=false,allowForAll=false]
  ContentRole[name=denyAdministrators,inherit=false,allowForAll=false]
  securityVector=15:SEC_PUBLIC=true,SEC_CREATOR_ADMIN=false,SEC_INH_ADMIN=true,SEC_INH_EDITOR=true,SEC_INH_VIEWER=true,SEC_ALL_ADMIN=false,SEC_ALL_EDITOR=false,SEC_ALL_VIEWER=false
]
2026-06-03 01:29:42.652 DEBUG content 33904 _a-0000ede3-bd80-8000-9baf-011c48011c48_323302 Processing reference: ContentRole[name=readers,inherit=true,allowForAll=false]
2026-06-03 01:29:42.652 DEBUG content 33904 _a-0000ede3-bd80-8000-9baf-011c48011c48_323302 Processing reference: ContentRole[name=authors,inherit=true,allowForAll=false]
2026-06-03 01:29:42.652 DEBUG content 33904 _a-0000ede3-bd80-8000-9baf-011c48011c48_323302 Processing reference: ContentRole[name=administrators,inherit=true,allowForAll=false]
2026-06-03 01:29:42.652 DEBUG content 33904 _a-0000ede3-bd80-8000-9baf-011c48011c48_323302 Processing reference: ContentRole[name=denyReaders,inherit=false,allowForAll=false]
2026-06-03 01:29:42.652 DEBUG content 33904 _a-0000ede3-bd80-8000-9baf-011c48011c48_323302 Processing reference: ContentRole[name=denyAuthors,inherit=false,allowForAll=false]
2026-06-03 01:29:42.652 DEBUG content 33904 _a-0000ede3-bd80-8000-9baf-011c48011c48_323302 Processing reference: ContentRole[name=denyAdministrators,inherit=false,allowForAll=false]
2026-06-03 01:29:42.653 DEBUG content 33904 _a-0000ede3-bd80-8000-9baf-011c48011c48_323302 Exporting binary resources.
2026-06-03 01:29:42.653 DEBUG content 33904 _a-0000ede3-bd80-8000-9baf-011c48011c48_323302 Serializing object to XML.
2026-06-03 01:29:42.656 DEBUG content 33904 _a-0000ede3-bd80-8000-9baf-011c48011c48_323302 Object transported.
2026-06-03 01:29:42.656 DEBUG content 33905 5a0e3917-c679-4238-b9f8-16d9aa949859 Begin transport.
2026-06-03 01:29:42.656 DEBUG content 33905 5a0e3917-c679-4238-b9f8-16d9aa949859 Retrieving object data.
2026-06-03 01:29:42.664 DEBUG content 33905 5a0e3917-c679-4238-b9f8-16d9aa949859 Setting uuids of object references.
2026-06-03 01:29:42.664 DEBUG content 33905 5a0e3917-c679-4238-b9f8-16d9aa949859 Processing reference: [Content:id=19686,versionId=-1,name=NCI_OPER_CC_Consulta_Vivienda_Detalle_Cifras_Control,type=32,subtype=5,uuid=5a0e3917-c679-4238-b9f8-16d9aa949859,parent=26173]
2026-06-03 01:29:42.673 DEBUG content 33905 5a0e3917-c679-4238-b9f8-16d9aa949859 Processing reference: OutboundIntegration.forum
2026-06-03 01:29:42.674 DEBUG content 33905 5a0e3917-c679-4238-b9f8-16d9aa949859 Processing reference: OutboundIntegration.integrationOutputsAsTypedValue
2026-06-03 01:29:42.674 DEBUG content 33905 5a0e3917-c679-4238-b9f8-16d9aa949859 Processing reference: TypedVariable[name=folioNumber,it=3,v=]
2026-06-03 01:29:42.674 DEBUG content 33905 5a0e3917-c679-4238-b9f8-16d9aa949859 Processing reference: OutboundIntegration.parent
2026-06-03 01:29:42.676 DEBUG content 33905 5a0e3917-c679-4238-b9f8-16d9aa949859 Processing reference: com.appiancorp.suiteapi.content.ContentRoleMap@49a9fa55[
  ContentRole[name=readers,inherit=true,allowForAll=false]
  ContentRole[name=authors,inherit=true,allowForAll=false]
  ContentRole[name=administrators,inherit=true,allowForAll=false]
  ContentRole[name=denyReaders,inherit=false,allowForAll=false]
  ContentRole[name=denyAuthors,inherit=false,allowForAll=false]
  ContentRole[name=denyAdministrators,inherit=false,allowForAll=false]
  securityVector=15:SEC_PUBLIC=true,SEC_CREATOR_ADMIN=false,SEC_INH_ADMIN=true,SEC_INH_EDITOR=true,SEC_INH_VIEWER=true,SEC_ALL_ADMIN=false,SEC_ALL_EDITOR=false,SEC_ALL_VIEWER=false
]
2026-06-03 01:29:42.676 DEBUG content 33905 5a0e3917-c679-4238-b9f8-16d9aa949859 Processing reference: ContentRole[name=readers,inherit=true,allowForAll=false]
2026-06-03 01:29:42.676 DEBUG content 33905 5a0e3917-c679-4238-b9f8-16d9aa949859 Processing reference: ContentRole[name=authors,inherit=true,allowForAll=false]
2026-06-03 01:29:42.676 DEBUG content 33905 5a0e3917-c679-4238-b9f8-16d9aa949859 Processing reference: ContentRole[name=administrators,inherit=true,allowForAll=false]
2026-06-03 01:29:42.676 DEBUG content 33905 5a0e3917-c679-4238-b9f8-16d9aa949859 Processing reference: ContentRole[name=denyReaders,inherit=false,allowForAll=false]
2026-06-03 01:29:42.676 DEBUG content 33905 5a0e3917-c679-4238-b9f8-16d9aa949859 Processing reference: ContentRole[name=denyAuthors,inherit=false,allowForAll=false]
2026-06-03 01:29:42.676 DEBUG content 33905 5a0e3917-c679-4238-b9f8-16d9aa949859 Processing reference: ContentRole[name=denyAdministrators,inherit=false,allowForAll=false]
2026-06-03 01:29:42.677 DEBUG content 33905 5a0e3917-c679-4238-b9f8-16d9aa949859 Exporting binary resources.
2026-06-03 01:29:42.677 DEBUG content 33905 5a0e3917-c679-4238-b9f8-16d9aa949859 Serializing object to XML.
2026-06-03 01:29:42.68 DEBUG content 33905 5a0e3917-c679-4238-b9f8-16d9aa949859 Object transported.
2026-06-03 01:29:42.68 DEBUG content 33906 e51266c3-ca10-48ca-9f29-28a803743a9c Begin transport.
2026-06-03 01:29:42.68 DEBUG content 33906 e51266c3-ca10-48ca-9f29-28a803743a9c Retrieving object data.
2026-06-03 01:29:42.689 DEBUG content 33906 e51266c3-ca10-48ca-9f29-28a803743a9c Setting uuids of object references.
2026-06-03 01:29:42.689 DEBUG content 33906 e51266c3-ca10-48ca-9f29-28a803743a9c Processing reference: [Content:id=26205,versionId=-1,name=NTP_ReporteCognos,type=32,subtype=5,uuid=e51266c3-ca10-48ca-9f29-28a803743a9c,parent=26173]
2026-06-03 01:29:42.698 DEBUG content 33906 e51266c3-ca10-48ca-9f29-28a803743a9c Processing reference: OutboundIntegration.forum
2026-06-03 01:29:42.698 DEBUG content 33906 e51266c3-ca10-48ca-9f29-28a803743a9c Processing reference: OutboundIntegration.integrationOutputsAsTypedValue
2026-06-03 01:29:42.698 DEBUG content 33906 e51266c3-ca10-48ca-9f29-28a803743a9c Processing reference: TypedVariable[name=jsonRequest_map,it=252,v=<null>]
2026-06-03 01:29:42.698 DEBUG content 33906 e51266c3-ca10-48ca-9f29-28a803743a9c Processing reference: TypedVariable[name=onSuccess,it=97,v=<null>]
2026-06-03 01:29:42.698 DEBUG content 33906 e51266c3-ca10-48ca-9f29-28a803743a9c Processing reference: TypedVariable[name=onError,it=97,v=<null>]
2026-06-03 01:29:42.698 DEBUG content 33906 e51266c3-ca10-48ca-9f29-28a803743a9c Processing reference: OutboundIntegration.parent
2026-06-03 01:29:42.701 DEBUG content 33906 e51266c3-ca10-48ca-9f29-28a803743a9c Processing reference: com.appiancorp.suiteapi.content.ContentRoleMap@4624e1c9[
  ContentRole[name=readers,inherit=true,allowForAll=false]
  ContentRole[name=authors,inherit=true,allowForAll=false]
  ContentRole[name=administrators,inherit=true,allowForAll=false]
  ContentRole[name=denyReaders,inherit=false,allowForAll=false]
  ContentRole[name=denyAuthors,inherit=false,allowForAll=false]
  ContentRole[name=denyAdministrators,inherit=false,allowForAll=false]
  securityVector=15:SEC_PUBLIC=true,SEC_CREATOR_ADMIN=false,SEC_INH_ADMIN=true,SEC_INH_EDITOR=true,SEC_INH_VIEWER=true,SEC_ALL_ADMIN=false,SEC_ALL_EDITOR=false,SEC_ALL_VIEWER=false
]
2026-06-03 01:29:42.701 DEBUG content 33906 e51266c3-ca10-48ca-9f29-28a803743a9c Processing reference: ContentRole[name=readers,inherit=true,allowForAll=false]
2026-06-03 01:29:42.701 DEBUG content 33906 e51266c3-ca10-48ca-9f29-28a803743a9c Processing reference: ContentRole[name=authors,inherit=true,allowForAll=false]
2026-06-03 01:29:42.701 DEBUG content 33906 e51266c3-ca10-48ca-9f29-28a803743a9c Processing reference: ContentRole[name=administrators,inherit=true,allowForAll=false]
2026-06-03 01:29:42.701 DEBUG content 33906 e51266c3-ca10-48ca-9f29-28a803743a9c Processing reference: ContentRole[name=denyReaders,inherit=false,allowForAll=false]
2026-06-03 01:29:42.701 DEBUG content 33906 e51266c3-ca10-48ca-9f29-28a803743a9c Processing reference: ContentRole[name=denyAuthors,inherit=false,allowForAll=false]
2026-06-03 01:29:42.701 DEBUG content 33906 e51266c3-ca10-48ca-9f29-28a803743a9c Processing reference: ContentRole[name=denyAdministrators,inherit=false,allowForAll=false]
2026-06-03 01:29:42.702 DEBUG content 33906 e51266c3-ca10-48ca-9f29-28a803743a9c Exporting binary resources.
2026-06-03 01:29:42.702 DEBUG content 33906 e51266c3-ca10-48ca-9f29-28a803743a9c Serializing object to XML.
2026-06-03 01:29:42.706 DEBUG content 33906 e51266c3-ca10-48ca-9f29-28a803743a9c Object transported.
2026-06-03 01:29:42.706 DEBUG content 33907 302b1217-09ab-4f75-95dc-c3fc65d540a3 Begin transport.
2026-06-03 01:29:42.706 DEBUG content 33907 302b1217-09ab-4f75-95dc-c3fc65d540a3 Retrieving object data.
2026-06-03 01:29:42.715 DEBUG content 33907 302b1217-09ab-4f75-95dc-c3fc65d540a3 Setting uuids of object references.
2026-06-03 01:29:42.715 DEBUG content 33907 302b1217-09ab-4f75-95dc-c3fc65d540a3 Processing reference: [Content:id=20635,versionId=-1,name=NTP_ConsultaDiaHabil,type=32,subtype=5,uuid=302b1217-09ab-4f75-95dc-c3fc65d540a3,parent=26173]
2026-06-03 01:29:42.724 DEBUG content 33907 302b1217-09ab-4f75-95dc-c3fc65d540a3 Processing reference: OutboundIntegration.forum
2026-06-03 01:29:42.725 DEBUG content 33907 302b1217-09ab-4f75-95dc-c3fc65d540a3 Processing reference: OutboundIntegration.integrationOutputsAsTypedValue
2026-06-03 01:29:42.725 DEBUG content 33907 302b1217-09ab-4f75-95dc-c3fc65d540a3 Processing reference: TypedVariable[name=date,it=3,v=]
2026-06-03 01:29:42.725 DEBUG content 33907 302b1217-09ab-4f75-95dc-c3fc65d540a3 Processing reference: TypedVariable[name=days,it=1,v=<null>]
2026-06-03 01:29:42.725 DEBUG content 33907 302b1217-09ab-4f75-95dc-c3fc65d540a3 Processing reference: OutboundIntegration.parent
2026-06-03 01:29:42.727 DEBUG content 33907 302b1217-09ab-4f75-95dc-c3fc65d540a3 Processing reference: com.appiancorp.suiteapi.content.ContentRoleMap@721f9772[
  ContentRole[name=readers,inherit=true,allowForAll=false]
  ContentRole[name=authors,inherit=true,allowForAll=false]
  ContentRole[name=administrators,inherit=true,allowForAll=false]
  ContentRole[name=denyReaders,inherit=false,allowForAll=false]
  ContentRole[name=denyAuthors,inherit=false,allowForAll=false]
  ContentRole[name=denyAdministrators,inherit=false,allowForAll=false]
  securityVector=15:SEC_PUBLIC=true,SEC_CREATOR_ADMIN=false,SEC_INH_ADMIN=true,SEC_INH_EDITOR=true,SEC_INH_VIEWER=true,SEC_ALL_ADMIN=false,SEC_ALL_EDITOR=false,SEC_ALL_VIEWER=false
]
2026-06-03 01:29:42.727 DEBUG content 33907 302b1217-09ab-4f75-95dc-c3fc65d540a3 Processing reference: ContentRole[name=readers,inherit=true,allowForAll=false]
2026-06-03 01:29:42.727 DEBUG content 33907 302b1217-09ab-4f75-95dc-c3fc65d540a3 Processing reference: ContentRole[name=authors,inherit=true,allowForAll=false]
2026-06-03 01:29:42.727 DEBUG content 33907 302b1217-09ab-4f75-95dc-c3fc65d540a3 Processing reference: ContentRole[name=administrators,inherit=true,allowForAll=false]
2026-06-03 01:29:42.727 DEBUG content 33907 302b1217-09ab-4f75-95dc-c3fc65d540a3 Processing reference: ContentRole[name=denyReaders,inherit=false,allowForAll=false]
2026-06-03 01:29:42.727 DEBUG content 33907 302b1217-09ab-4f75-95dc-c3fc65d540a3 Processing reference: ContentRole[name=denyAuthors,inherit=false,allowForAll=false]
2026-06-03 01:29:42.727 DEBUG content 33907 302b1217-09ab-4f75-95dc-c3fc65d540a3 Processing reference: ContentRole[name=denyAdministrators,inherit=false,allowForAll=false]
2026-06-03 01:29:42.728 DEBUG content 33907 302b1217-09ab-4f75-95dc-c3fc65d540a3 Exporting binary resources.
2026-06-03 01:29:42.728 DEBUG content 33907 302b1217-09ab-4f75-95dc-c3fc65d540a3 Serializing object to XML.
2026-06-03 01:29:42.731 DEBUG content 33907 302b1217-09ab-4f75-95dc-c3fc65d540a3 Object transported.
2026-06-03 01:29:42.731 DEBUG content 33909 50c6276e-b006-4fbf-94a5-c0458eea9980 Begin transport.
2026-06-03 01:29:42.731 DEBUG content 33909 50c6276e-b006-4fbf-94a5-c0458eea9980 Retrieving object data.
2026-06-03 01:29:42.774 DEBUG content 33909 50c6276e-b006-4fbf-94a5-c0458eea9980 Setting uuids of object references.
2026-06-03 01:29:42.774 DEBUG content 33909 50c6276e-b006-4fbf-94a5-c0458eea9980 Processing reference: [Content:id=20979,versionId=-1,name=NTP_TraspasosConsultaCuentasNoConvive,type=32,subtype=5,uuid=50c6276e-b006-4fbf-94a5-c0458eea9980,parent=26173]
2026-06-03 01:29:42.881 DEBUG content 33909 50c6276e-b006-4fbf-94a5-c0458eea9980 Processing reference: OutboundIntegration.forum
2026-06-03 01:29:42.882 DEBUG content 33909 50c6276e-b006-4fbf-94a5-c0458eea9980 Processing reference: OutboundIntegration.integrationOutputsAsTypedValue
2026-06-03 01:29:42.882 DEBUG content 33909 50c6276e-b006-4fbf-94a5-c0458eea9980 Processing reference: TypedVariable[name=processId,it=3,v=]
2026-06-03 01:29:42.882 DEBUG content 33909 50c6276e-b006-4fbf-94a5-c0458eea9980 Processing reference: TypedVariable[name=subprocessId,it=3,v=]
2026-06-03 01:29:42.882 DEBUG content 33909 50c6276e-b006-4fbf-94a5-c0458eea9980 Processing reference: TypedVariable[name=folio,it=3,v=]
2026-06-03 01:29:42.882 DEBUG content 33909 50c6276e-b006-4fbf-94a5-c0458eea9980 Processing reference: OutboundIntegration.parent
2026-06-03 01:29:42.886 DEBUG content 33909 50c6276e-b006-4fbf-94a5-c0458eea9980 Processing reference: com.appiancorp.suiteapi.content.ContentRoleMap@35d3fa6d[
  ContentRole[name=readers,inherit=true,allowForAll=false]
  ContentRole[name=authors,inherit=true,allowForAll=false]
  ContentRole[name=administrators,inherit=true,allowForAll=false]
  ContentRole[name=denyReaders,inherit=false,allowForAll=false]
  ContentRole[name=denyAuthors,inherit=false,allowForAll=false]
  ContentRole[name=denyAdministrators,inherit=false,allowForAll=false]
  securityVector=15:SEC_PUBLIC=true,SEC_CREATOR_ADMIN=false,SEC_INH_ADMIN=true,SEC_INH_EDITOR=true,SEC_INH_VIEWER=true,SEC_ALL_ADMIN=false,SEC_ALL_EDITOR=false,SEC_ALL_VIEWER=false
]
2026-06-03 01:29:42.886 DEBUG content 33909 50c6276e-b006-4fbf-94a5-c0458eea9980 Processing reference: ContentRole[name=readers,inherit=true,allowForAll=false]
2026-06-03 01:29:42.886 DEBUG content 33909 50c6276e-b006-4fbf-94a5-c0458eea9980 Processing reference: ContentRole[name=authors,inherit=true,allowForAll=false]
2026-06-03 01:29:42.886 DEBUG content 33909 50c6276e-b006-4fbf-94a5-c0458eea9980 Processing reference: ContentRole[name=administrators,inherit=true,allowForAll=false]
2026-06-03 01:29:42.886 DEBUG content 33909 50c6276e-b006-4fbf-94a5-c0458eea9980 Processing reference: ContentRole[name=denyReaders,inherit=false,allowForAll=false]
2026-06-03 01:29:42.886 DEBUG content 33909 50c6276e-b006-4fbf-94a5-c0458eea9980 Processing reference: ContentRole[name=denyAuthors,inherit=false,allowForAll=false]
2026-06-03 01:29:42.886 DEBUG content 33909 50c6276e-b006-4fbf-94a5-c0458eea9980 Processing reference: ContentRole[name=denyAdministrators,inherit=false,allowForAll=false]
2026-06-03 01:29:42.887 DEBUG content 33909 50c6276e-b006-4fbf-94a5-c0458eea9980 Exporting binary resources.
2026-06-03 01:29:42.887 DEBUG content 33909 50c6276e-b006-4fbf-94a5-c0458eea9980 Serializing object to XML.
2026-06-03 01:29:42.891 DEBUG content 33909 50c6276e-b006-4fbf-94a5-c0458eea9980 Object transported.
2026-06-03 01:29:42.891 DEBUG content 33910 _a-0000eea9-b7c8-8000-9bbd-011c48011c48_403071 Begin transport.
2026-06-03 01:29:42.891 DEBUG content 33910 _a-0000eea9-b7c8-8000-9bbd-011c48011c48_403071 Retrieving object data.
2026-06-03 01:29:42.899 DEBUG content 33910 _a-0000eea9-b7c8-8000-9bbd-011c48011c48_403071 Setting uuids of object references.
2026-06-03 01:29:42.899 DEBUG content 33910 _a-0000eea9-b7c8-8000-9bbd-011c48011c48_403071 Processing reference: [Content:id=23019,versionId=-1,name=NTP_ConsultaArchivoRechazo,type=32,subtype=5,uuid=_a-0000eea9-b7c8-8000-9bbd-011c48011c48_403071,parent=26173]
2026-06-03 01:29:42.908 DEBUG content 33910 _a-0000eea9-b7c8-8000-9bbd-011c48011c48_403071 Processing reference: OutboundIntegration.forum
2026-06-03 01:29:42.909 DEBUG content 33910 _a-0000eea9-b7c8-8000-9bbd-011c48011c48_403071 Processing reference: OutboundIntegration.integrationOutputsAsTypedValue
2026-06-03 01:29:42.909 DEBUG content 33910 _a-0000eea9-b7c8-8000-9bbd-011c48011c48_403071 Processing reference: TypedVariable[name=idArchivo,it=1,v=<null>]
2026-06-03 01:29:42.909 DEBUG content 33910 _a-0000eea9-b7c8-8000-9bbd-011c48011c48_403071 Processing reference: OutboundIntegration.parent
2026-06-03 01:29:42.915 DEBUG content 33910 _a-0000eea9-b7c8-8000-9bbd-011c48011c48_403071 Processing reference: com.appiancorp.suiteapi.content.ContentRoleMap@4ca79dd5[
  ContentRole[name=readers,inherit=true,allowForAll=false]
  ContentRole[name=authors,inherit=true,allowForAll=false]
  ContentRole[name=administrators,inherit=true,allowForAll=false]
  ContentRole[name=denyReaders,inherit=false,allowForAll=false]
  ContentRole[name=denyAuthors,inherit=false,allowForAll=false]
  ContentRole[name=denyAdministrators,inherit=false,allowForAll=false]
  securityVector=15:SEC_PUBLIC=true,SEC_CREATOR_ADMIN=false,SEC_INH_ADMIN=true,SEC_INH_EDITOR=true,SEC_INH_VIEWER=true,SEC_ALL_ADMIN=false,SEC_ALL_EDITOR=false,SEC_ALL_VIEWER=false
]
2026-06-03 01:29:42.915 DEBUG content 33910 _a-0000eea9-b7c8-8000-9bbd-011c48011c48_403071 Processing reference: ContentRole[name=readers,inherit=true,allowForAll=false]
2026-06-03 01:29:42.915 DEBUG content 33910 _a-0000eea9-b7c8-8000-9bbd-011c48011c48_403071 Processing reference: ContentRole[name=authors,inherit=true,allowForAll=false]
2026-06-03 01:29:42.915 DEBUG content 33910 _a-0000eea9-b7c8-8000-9bbd-011c48011c48_403071 Processing reference: ContentRole[name=administrators,inherit=true,allowForAll=false]
2026-06-03 01:29:42.915 DEBUG content 33910 _a-0000eea9-b7c8-8000-9bbd-011c48011c48_403071 Processing reference: ContentRole[name=denyReaders,inherit=false,allowForAll=false]
2026-06-03 01:29:42.915 DEBUG content 33910 _a-0000eea9-b7c8-8000-9bbd-011c48011c48_403071 Processing reference: ContentRole[name=denyAuthors,inherit=false,allowForAll=false]
2026-06-03 01:29:42.915 DEBUG content 33910 _a-0000eea9-b7c8-8000-9bbd-011c48011c48_403071 Processing reference: ContentRole[name=denyAdministrators,inherit=false,allowForAll=false]
2026-06-03 01:29:42.916 DEBUG content 33910 _a-0000eea9-b7c8-8000-9bbd-011c48011c48_403071 Exporting binary resources.
2026-06-03 01:29:42.916 DEBUG content 33910 _a-0000eea9-b7c8-8000-9bbd-011c48011c48_403071 Serializing object to XML.
2026-06-03 01:29:42.92 DEBUG content 33910 _a-0000eea9-b7c8-8000-9bbd-011c48011c48_403071 Object transported.
2026-06-03 01:29:42.92 DEBUG content 33911 59584ec0-98a9-4f5e-b0d3-dab51676c085 Begin transport.
2026-06-03 01:29:42.92 DEBUG content 33911 59584ec0-98a9-4f5e-b0d3-dab51676c085 Retrieving object data.
2026-06-03 01:29:42.932 DEBUG content 33911 59584ec0-98a9-4f5e-b0d3-dab51676c085 Setting uuids of object references.
2026-06-03 01:29:42.932 DEBUG content 33911 59584ec0-98a9-4f5e-b0d3-dab51676c085 Processing reference: [Content:id=26195,versionId=-1,name=NTP_ConsultaViviendaResumenTotales,type=32,subtype=5,uuid=59584ec0-98a9-4f5e-b0d3-dab51676c085,parent=26173]
2026-06-03 01:29:42.942 DEBUG content 33911 59584ec0-98a9-4f5e-b0d3-dab51676c085 Processing reference: OutboundIntegration.forum
2026-06-03 01:29:42.942 DEBUG content 33911 59584ec0-98a9-4f5e-b0d3-dab51676c085 Processing reference: OutboundIntegration.integrationOutputsAsTypedValue
2026-06-03 01:29:42.942 DEBUG content 33911 59584ec0-98a9-4f5e-b0d3-dab51676c085 Processing reference: TypedVariable[name=folio,it=3,v=]
2026-06-03 01:29:42.942 DEBUG content 33911 59584ec0-98a9-4f5e-b0d3-dab51676c085 Processing reference: TypedVariable[name=fielRejectId,it=1,v=<null>]
2026-06-03 01:29:42.942 DEBUG content 33911 59584ec0-98a9-4f5e-b0d3-dab51676c085 Processing reference: OutboundIntegration.parent
2026-06-03 01:29:42.945 DEBUG content 33911 59584ec0-98a9-4f5e-b0d3-dab51676c085 Processing reference: com.appiancorp.suiteapi.content.ContentRoleMap@64a27531[
  ContentRole[name=readers,inherit=true,allowForAll=false]
  ContentRole[name=authors,inherit=true,allowForAll=false]
  ContentRole[name=administrators,inherit=true,allowForAll=false]
  ContentRole[name=denyReaders,inherit=false,allowForAll=false]
  ContentRole[name=denyAuthors,inherit=false,allowForAll=false]
  ContentRole[name=denyAdministrators,inherit=false,allowForAll=false]
  securityVector=15:SEC_PUBLIC=true,SEC_CREATOR_ADMIN=false,SEC_INH_ADMIN=true,SEC_INH_EDITOR=true,SEC_INH_VIEWER=true,SEC_ALL_ADMIN=false,SEC_ALL_EDITOR=false,SEC_ALL_VIEWER=false
]
2026-06-03 01:29:42.945 DEBUG content 33911 59584ec0-98a9-4f5e-b0d3-dab51676c085 Processing reference: ContentRole[name=readers,inherit=true,allowForAll=false]
2026-06-03 01:29:42.945 DEBUG content 33911 59584ec0-98a9-4f5e-b0d3-dab51676c085 Processing reference: ContentRole[name=authors,inherit=true,allowForAll=false]
2026-06-03 01:29:42.945 DEBUG content 33911 59584ec0-98a9-4f5e-b0d3-dab51676c085 Processing reference: ContentRole[name=administrators,inherit=true,allowForAll=false]
2026-06-03 01:29:42.945 DEBUG content 33911 59584ec0-98a9-4f5e-b0d3-dab51676c085 Processing reference: ContentRole[name=denyReaders,inherit=false,allowForAll=false]
2026-06-03 01:29:42.945 DEBUG content 33911 59584ec0-98a9-4f5e-b0d3-dab51676c085 Processing reference: ContentRole[name=denyAuthors,inherit=false,allowForAll=false]
2026-06-03 01:29:42.945 DEBUG content 33911 59584ec0-98a9-4f5e-b0d3-dab51676c085 Processing reference: ContentRole[name=denyAdministrators,inherit=false,allowForAll=false]
2026-06-03 01:29:42.945 DEBUG content 33911 59584ec0-98a9-4f5e-b0d3-dab51676c085 Exporting binary resources.
2026-06-03 01:29:42.945 DEBUG content 33911 59584ec0-98a9-4f5e-b0d3-dab51676c085 Serializing object to XML.
2026-06-03 01:29:42.948 DEBUG content 33911 59584ec0-98a9-4f5e-b0d3-dab51676c085 Object transported.
2026-06-03 01:29:42.948 DEBUG content 33912 af8ecc75-64e3-4ee3-a998-b84a24500447 Begin transport.
2026-06-03 01:29:42.948 DEBUG content 33912 af8ecc75-64e3-4ee3-a998-b84a24500447 Retrieving object data.
2026-06-03 01:29:42.958 DEBUG content 33912 af8ecc75-64e3-4ee3-a998-b84a24500447 Setting uuids of object references.
2026-06-03 01:29:42.958 DEBUG content 33912 af8ecc75-64e3-4ee3-a998-b84a24500447 Processing reference: [Content:id=23629,versionId=-1,name=NTP_buscarCoincidencias,type=32,subtype=5,uuid=af8ecc75-64e3-4ee3-a998-b84a24500447,parent=26173]
2026-06-03 01:29:42.967 DEBUG content 33912 af8ecc75-64e3-4ee3-a998-b84a24500447 Processing reference: OutboundIntegration.forum
2026-06-03 01:29:42.967 DEBUG content 33912 af8ecc75-64e3-4ee3-a998-b84a24500447 Processing reference: OutboundIntegration.integrationOutputsAsTypedValue
2026-06-03 01:29:42.967 DEBUG content 33912 af8ecc75-64e3-4ee3-a998-b84a24500447 Processing reference: TypedVariable[name=folio,it=3,v=]
2026-06-03 01:29:42.967 DEBUG content 33912 af8ecc75-64e3-4ee3-a998-b84a24500447 Processing reference: TypedVariable[name=subprocesoId,it=3,v=]
2026-06-03 01:29:42.967 DEBUG content 33912 af8ecc75-64e3-4ee3-a998-b84a24500447 Processing reference: TypedVariable[name=tipoArchivo,it=3,v=]
2026-06-03 01:29:42.967 DEBUG content 33912 af8ecc75-64e3-4ee3-a998-b84a24500447 Processing reference: TypedVariable[name=idArchivo,it=3,v=]
2026-06-03 01:29:42.967 DEBUG content 33912 af8ecc75-64e3-4ee3-a998-b84a24500447 Processing reference: OutboundIntegration.parent
2026-06-03 01:29:42.97 DEBUG content 33912 af8ecc75-64e3-4ee3-a998-b84a24500447 Processing reference: com.appiancorp.suiteapi.content.ContentRoleMap@574505e4[
  ContentRole[name=readers,inherit=true,allowForAll=false]
  ContentRole[name=authors,inherit=true,allowForAll=false]
  ContentRole[name=administrators,inherit=true,allowForAll=false]
  ContentRole[name=denyReaders,inherit=false,allowForAll=false]
  ContentRole[name=denyAuthors,inherit=false,allowForAll=false]
  ContentRole[name=denyAdministrators,inherit=false,allowForAll=false]
  securityVector=15:SEC_PUBLIC=true,SEC_CREATOR_ADMIN=false,SEC_INH_ADMIN=true,SEC_INH_EDITOR=true,SEC_INH_VIEWER=true,SEC_ALL_ADMIN=false,SEC_ALL_EDITOR=false,SEC_ALL_VIEWER=false
]
2026-06-03 01:29:42.97 DEBUG content 33912 af8ecc75-64e3-4ee3-a998-b84a24500447 Processing reference: ContentRole[name=readers,inherit=true,allowForAll=false]
2026-06-03 01:29:42.97 DEBUG content 33912 af8ecc75-64e3-4ee3-a998-b84a24500447 Processing reference: ContentRole[name=authors,inherit=true,allowForAll=false]
2026-06-03 01:29:42.97 DEBUG content 33912 af8ecc75-64e3-4ee3-a998-b84a24500447 Processing reference: ContentRole[name=administrators,inherit=true,allowForAll=false]
2026-06-03 01:29:42.97 DEBUG content 33912 af8ecc75-64e3-4ee3-a998-b84a24500447 Processing reference: ContentRole[name=denyReaders,inherit=false,allowForAll=false]
2026-06-03 01:29:42.97 DEBUG content 33912 af8ecc75-64e3-4ee3-a998-b84a24500447 Processing reference: ContentRole[name=denyAuthors,inherit=false,allowForAll=false]
2026-06-03 01:29:42.97 DEBUG content 33912 af8ecc75-64e3-4ee3-a998-b84a24500447 Processing reference: ContentRole[name=denyAdministrators,inherit=false,allowForAll=false]
2026-06-03 01:29:42.971 DEBUG content 33912 af8ecc75-64e3-4ee3-a998-b84a24500447 Exporting binary resources.
2026-06-03 01:29:42.971 DEBUG content 33912 af8ecc75-64e3-4ee3-a998-b84a24500447 Serializing object to XML.
2026-06-03 01:29:42.974 DEBUG content 33912 af8ecc75-64e3-4ee3-a998-b84a24500447 Object transported.
2026-06-03 01:29:42.974 DEBUG content 33913 c965ae0b-8fa5-4f18-8522-61bd67e3a11a Begin transport.
2026-06-03 01:29:42.974 DEBUG content 33913 c965ae0b-8fa5-4f18-8522-61bd67e3a11a Retrieving object data.
2026-06-03 01:29:42.992 DEBUG content 33913 c965ae0b-8fa5-4f18-8522-61bd67e3a11a Setting uuids of object references.
2026-06-03 01:29:42.992 DEBUG content 33913 c965ae0b-8fa5-4f18-8522-61bd67e3a11a Processing reference: [Content:id=22891,versionId=-1,name=NTP_ConsultaCifrasArchivoResp,type=32,subtype=5,uuid=c965ae0b-8fa5-4f18-8522-61bd67e3a11a,parent=26173]
2026-06-03 01:29:43.006 DEBUG content 33913 c965ae0b-8fa5-4f18-8522-61bd67e3a11a Processing reference: OutboundIntegration.forum
2026-06-03 01:29:43.007 DEBUG content 33913 c965ae0b-8fa5-4f18-8522-61bd67e3a11a Processing reference: OutboundIntegration.integrationOutputsAsTypedValue
2026-06-03 01:29:43.007 DEBUG content 33913 c965ae0b-8fa5-4f18-8522-61bd67e3a11a Processing reference: TypedVariable[name=folioNumber,it=3,v=]
2026-06-03 01:29:43.007 DEBUG content 33913 c965ae0b-8fa5-4f18-8522-61bd67e3a11a Processing reference: TypedVariable[name=processId,it=1,v=<null>]
2026-06-03 01:29:43.007 DEBUG content 33913 c965ae0b-8fa5-4f18-8522-61bd67e3a11a Processing reference: TypedVariable[name=subprocessId,it=1,v=<null>]
2026-06-03 01:29:43.007 DEBUG content 33913 c965ae0b-8fa5-4f18-8522-61bd67e3a11a Processing reference: OutboundIntegration.parent
2026-06-03 01:29:43.011 DEBUG content 33913 c965ae0b-8fa5-4f18-8522-61bd67e3a11a Processing reference: com.appiancorp.suiteapi.content.ContentRoleMap@3f8bfb39[
  ContentRole[name=readers,inherit=true,allowForAll=false]
  ContentRole[name=authors,inherit=true,allowForAll=false]
  ContentRole[name=administrators,inherit=true,allowForAll=false]
  ContentRole[name=denyReaders,inherit=false,allowForAll=false]
  ContentRole[name=denyAuthors,inherit=false,allowForAll=false]
  ContentRole[name=denyAdministrators,inherit=false,allowForAll=false]
  securityVector=15:SEC_PUBLIC=true,SEC_CREATOR_ADMIN=false,SEC_INH_ADMIN=true,SEC_INH_EDITOR=true,SEC_INH_VIEWER=true,SEC_ALL_ADMIN=false,SEC_ALL_EDITOR=false,SEC_ALL_VIEWER=false
]
2026-06-03 01:29:43.011 DEBUG content 33913 c965ae0b-8fa5-4f18-8522-61bd67e3a11a Processing reference: ContentRole[name=readers,inherit=true,allowForAll=false]
2026-06-03 01:29:43.011 DEBUG content 33913 c965ae0b-8fa5-4f18-8522-61bd67e3a11a Processing reference: ContentRole[name=authors,inherit=true,allowForAll=false]
2026-06-03 01:29:43.011 DEBUG content 33913 c965ae0b-8fa5-4f18-8522-61bd67e3a11a Processing reference: ContentRole[name=administrators,inherit=true,allowForAll=false]
2026-06-03 01:29:43.011 DEBUG content 33913 c965ae0b-8fa5-4f18-8522-61bd67e3a11a Processing reference: ContentRole[name=denyReaders,inherit=false,allowForAll=false]
2026-06-03 01:29:43.011 DEBUG content 33913 c965ae0b-8fa5-4f18-8522-61bd67e3a11a Processing reference: ContentRole[name=denyAuthors,inherit=false,allowForAll=false]
2026-06-03 01:29:43.011 DEBUG content 33913 c965ae0b-8fa5-4f18-8522-61bd67e3a11a Processing reference: ContentRole[name=denyAdministrators,inherit=false,allowForAll=false]
2026-06-03 01:29:43.012 DEBUG content 33913 c965ae0b-8fa5-4f18-8522-61bd67e3a11a Exporting binary resources.
2026-06-03 01:29:43.012 DEBUG content 33913 c965ae0b-8fa5-4f18-8522-61bd67e3a11a Serializing object to XML.
2026-06-03 01:29:43.018 DEBUG content 33913 c965ae0b-8fa5-4f18-8522-61bd67e3a11a Object transported.
2026-06-03 01:29:43.018 DEBUG content 33914 29f55ffc-7b36-4615-ba18-a02f350d9f66 Begin transport.
2026-06-03 01:29:43.018 DEBUG content 33914 29f55ffc-7b36-4615-ba18-a02f350d9f66 Retrieving object data.
2026-06-03 01:29:43.028 DEBUG content 33914 29f55ffc-7b36-4615-ba18-a02f350d9f66 Setting uuids of object references.
2026-06-03 01:29:43.028 DEBUG content 33914 29f55ffc-7b36-4615-ba18-a02f350d9f66 Processing reference: [Content:id=23631,versionId=-1,name=NTP_SendEventArch,type=32,subtype=5,uuid=29f55ffc-7b36-4615-ba18-a02f350d9f66,parent=26173]
2026-06-03 01:29:43.033 DEBUG content 33914 29f55ffc-7b36-4615-ba18-a02f350d9f66 Processing reference: OutboundIntegration.forum
2026-06-03 01:29:43.034 DEBUG content 33914 29f55ffc-7b36-4615-ba18-a02f350d9f66 Processing reference: OutboundIntegration.integrationOutputsAsTypedValue
2026-06-03 01:29:43.034 DEBUG content 33914 29f55ffc-7b36-4615-ba18-a02f350d9f66 Processing reference: TypedVariable[name=bodyMap,it=252,v=<null>]
2026-06-03 01:29:43.034 DEBUG content 33914 29f55ffc-7b36-4615-ba18-a02f350d9f66 Processing reference: TypedVariable[name=action,it=1,v=<null>]
2026-06-03 01:29:43.034 DEBUG content 33914 29f55ffc-7b36-4615-ba18-a02f350d9f66 Processing reference: OutboundIntegration.parent
2026-06-03 01:29:43.036 DEBUG content 33914 29f55ffc-7b36-4615-ba18-a02f350d9f66 Processing reference: com.appiancorp.suiteapi.content.ContentRoleMap@2a6991a2[
  ContentRole[name=readers,inherit=true,allowForAll=false]
  ContentRole[name=authors,inherit=true,allowForAll=false]
  ContentRole[name=administrators,inherit=true,allowForAll=false]
  ContentRole[name=denyReaders,inherit=false,allowForAll=false]
  ContentRole[name=denyAuthors,inherit=false,allowForAll=false]
  ContentRole[name=denyAdministrators,inherit=false,allowForAll=false]
  securityVector=15:SEC_PUBLIC=true,SEC_CREATOR_ADMIN=false,SEC_INH_ADMIN=true,SEC_INH_EDITOR=true,SEC_INH_VIEWER=true,SEC_ALL_ADMIN=false,SEC_ALL_EDITOR=false,SEC_ALL_VIEWER=false
]
2026-06-03 01:29:43.036 DEBUG content 33914 29f55ffc-7b36-4615-ba18-a02f350d9f66 Processing reference: ContentRole[name=readers,inherit=true,allowForAll=false]
2026-06-03 01:29:43.036 DEBUG content 33914 29f55ffc-7b36-4615-ba18-a02f350d9f66 Processing reference: ContentRole[name=authors,inherit=true,allowForAll=false]
2026-06-03 01:29:43.036 DEBUG content 33914 29f55ffc-7b36-4615-ba18-a02f350d9f66 Processing reference: ContentRole[name=administrators,inherit=true,allowForAll=false]
2026-06-03 01:29:43.036 DEBUG content 33914 29f55ffc-7b36-4615-ba18-a02f350d9f66 Processing reference: ContentRole[name=denyReaders,inherit=false,allowForAll=false]
2026-06-03 01:29:43.036 DEBUG content 33914 29f55ffc-7b36-4615-ba18-a02f350d9f66 Processing reference: ContentRole[name=denyAuthors,inherit=false,allowForAll=false]
2026-06-03 01:29:43.036 DEBUG content 33914 29f55ffc-7b36-4615-ba18-a02f350d9f66 Processing reference: ContentRole[name=denyAdministrators,inherit=false,allowForAll=false]
2026-06-03 01:29:43.037 DEBUG content 33914 29f55ffc-7b36-4615-ba18-a02f350d9f66 Exporting binary resources.
2026-06-03 01:29:43.037 DEBUG content 33914 29f55ffc-7b36-4615-ba18-a02f350d9f66 Serializing object to XML.
2026-06-03 01:29:43.04 DEBUG content 33914 29f55ffc-7b36-4615-ba18-a02f350d9f66 Object transported.
2026-06-03 01:29:43.04 DEBUG content 33915 _a-0000eeb4-c217-8000-9bbf-011c48011c48_412505 Begin transport.
2026-06-03 01:29:43.04 DEBUG content 33915 _a-0000eeb4-c217-8000-9bbf-011c48011c48_412505 Retrieving object data.
2026-06-03 01:29:43.048 DEBUG content 33915 _a-0000eeb4-c217-8000-9bbf-011c48011c48_412505 Setting uuids of object references.
2026-06-03 01:29:43.048 DEBUG content 33915 _a-0000eeb4-c217-8000-9bbf-011c48011c48_412505 Processing reference: [Content:id=23490,versionId=-1,name=NCI_OPER_Consulta_Cifras_DPSJL,type=32,subtype=5,uuid=_a-0000eeb4-c217-8000-9bbf-011c48011c48_412505,parent=9669]
2026-06-03 01:29:43.055 DEBUG content 33915 _a-0000eeb4-c217-8000-9bbf-011c48011c48_412505 Processing reference: OutboundIntegration.forum
2026-06-03 01:29:43.056 DEBUG content 33915 _a-0000eeb4-c217-8000-9bbf-011c48011c48_412505 Processing reference: OutboundIntegration.integrationOutputsAsTypedValue
2026-06-03 01:29:43.056 DEBUG content 33915 _a-0000eeb4-c217-8000-9bbf-011c48011c48_412505 Processing reference: TypedVariable[name=folioNumber,it=3,v=]
2026-06-03 01:29:43.056 DEBUG content 33915 _a-0000eeb4-c217-8000-9bbf-011c48011c48_412505 Processing reference: TypedVariable[name=endUpdateFigures,it=3,v=]
2026-06-03 01:29:43.056 DEBUG content 33915 _a-0000eeb4-c217-8000-9bbf-011c48011c48_412505 Processing reference: OutboundIntegration.parent
2026-06-03 01:29:43.058 DEBUG content 33915 _a-0000eeb4-c217-8000-9bbf-011c48011c48_412505 Processing reference: com.appiancorp.suiteapi.content.ContentRoleMap@e173715[
  ContentRole[name=readers,inherit=true,allowForAll=false]
  ContentRole[name=authors,inherit=true,allowForAll=false]
  ContentRole[name=administrators,inherit=true,allowForAll=false]
  ContentRole[name=denyReaders,inherit=false,allowForAll=false]
  ContentRole[name=denyAuthors,inherit=false,allowForAll=false]
  ContentRole[name=denyAdministrators,inherit=false,allowForAll=false]
  securityVector=15:SEC_PUBLIC=true,SEC_CREATOR_ADMIN=false,SEC_INH_ADMIN=true,SEC_INH_EDITOR=true,SEC_INH_VIEWER=true,SEC_ALL_ADMIN=false,SEC_ALL_EDITOR=false,SEC_ALL_VIEWER=false
]
2026-06-03 01:29:43.058 DEBUG content 33915 _a-0000eeb4-c217-8000-9bbf-011c48011c48_412505 Processing reference: ContentRole[name=readers,inherit=true,allowForAll=false]
2026-06-03 01:29:43.058 DEBUG content 33915 _a-0000eeb4-c217-8000-9bbf-011c48011c48_412505 Processing reference: ContentRole[name=authors,inherit=true,allowForAll=false]
2026-06-03 01:29:43.058 DEBUG content 33915 _a-0000eeb4-c217-8000-9bbf-011c48011c48_412505 Processing reference: ContentRole[name=administrators,inherit=true,allowForAll=false]
2026-06-03 01:29:43.058 DEBUG content 33915 _a-0000eeb4-c217-8000-9bbf-011c48011c48_412505 Processing reference: ContentRole[name=denyReaders,inherit=false,allowForAll=false]
2026-06-03 01:29:43.058 DEBUG content 33915 _a-0000eeb4-c217-8000-9bbf-011c48011c48_412505 Processing reference: ContentRole[name=denyAuthors,inherit=false,allowForAll=false]
2026-06-03 01:29:43.058 DEBUG content 33915 _a-0000eeb4-c217-8000-9bbf-011c48011c48_412505 Processing reference: ContentRole[name=denyAdministrators,inherit=false,allowForAll=false]
2026-06-03 01:29:43.059 DEBUG content 33915 _a-0000eeb4-c217-8000-9bbf-011c48011c48_412505 Exporting binary resources.
2026-06-03 01:29:43.059 DEBUG content 33915 _a-0000eeb4-c217-8000-9bbf-011c48011c48_412505 Serializing object to XML.
2026-06-03 01:29:43.062 DEBUG content 33915 _a-0000eeb4-c217-8000-9bbf-011c48011c48_412505 Object transported.
2026-06-03 01:29:43.062 DEBUG content 33916 45fe7efa-0bf7-4ee2-b03a-cbd7c69c2286 Begin transport.
2026-06-03 01:29:43.062 DEBUG content 33916 45fe7efa-0bf7-4ee2-b03a-cbd7c69c2286 Retrieving object data.
2026-06-03 01:29:43.07 DEBUG content 33916 45fe7efa-0bf7-4ee2-b03a-cbd7c69c2286 Setting uuids of object references.
2026-06-03 01:29:43.07 DEBUG content 33916 45fe7efa-0bf7-4ee2-b03a-cbd7c69c2286 Processing reference: [Content:id=18876,versionId=-1,name=NCI_INT_getDiaHabilTR,type=32,subtype=5,uuid=45fe7efa-0bf7-4ee2-b03a-cbd7c69c2286,parent=9669]
2026-06-03 01:29:43.078 DEBUG content 33916 45fe7efa-0bf7-4ee2-b03a-cbd7c69c2286 Processing reference: OutboundIntegration.forum
2026-06-03 01:29:43.079 DEBUG content 33916 45fe7efa-0bf7-4ee2-b03a-cbd7c69c2286 Processing reference: OutboundIntegration.integrationOutputsAsTypedValue
2026-06-03 01:29:43.079 DEBUG content 33916 45fe7efa-0bf7-4ee2-b03a-cbd7c69c2286 Processing reference: TypedVariable[name=date,it=3,v=]
2026-06-03 01:29:43.079 DEBUG content 33916 45fe7efa-0bf7-4ee2-b03a-cbd7c69c2286 Processing reference: OutboundIntegration.parent
2026-06-03 01:29:43.081 DEBUG content 33916 45fe7efa-0bf7-4ee2-b03a-cbd7c69c2286 Processing reference: com.appiancorp.suiteapi.content.ContentRoleMap@515475db[
  ContentRole[name=readers,inherit=true,allowForAll=false]
  ContentRole[name=authors,inherit=true,allowForAll=false]
  ContentRole[name=administrators,inherit=true,allowForAll=false]
  ContentRole[name=denyReaders,inherit=false,allowForAll=false]
  ContentRole[name=denyAuthors,inherit=false,allowForAll=false]
  ContentRole[name=denyAdministrators,inherit=false,allowForAll=false]
  securityVector=15:SEC_PUBLIC=true,SEC_CREATOR_ADMIN=false,SEC_INH_ADMIN=true,SEC_INH_EDITOR=true,SEC_INH_VIEWER=true,SEC_ALL_ADMIN=false,SEC_ALL_EDITOR=false,SEC_ALL_VIEWER=false
]
2026-06-03 01:29:43.081 DEBUG content 33916 45fe7efa-0bf7-4ee2-b03a-cbd7c69c2286 Processing reference: ContentRole[name=readers,inherit=true,allowForAll=false]
2026-06-03 01:29:43.081 DEBUG content 33916 45fe7efa-0bf7-4ee2-b03a-cbd7c69c2286 Processing reference: ContentRole[name=authors,inherit=true,allowForAll=false]
2026-06-03 01:29:43.081 DEBUG content 33916 45fe7efa-0bf7-4ee2-b03a-cbd7c69c2286 Processing reference: ContentRole[name=administrators,inherit=true,allowForAll=false]
2026-06-03 01:29:43.081 DEBUG content 33916 45fe7efa-0bf7-4ee2-b03a-cbd7c69c2286 Processing reference: ContentRole[name=denyReaders,inherit=false,allowForAll=false]
2026-06-03 01:29:43.081 DEBUG content 33916 45fe7efa-0bf7-4ee2-b03a-cbd7c69c2286 Processing reference: ContentRole[name=denyAuthors,inherit=false,allowForAll=false]
2026-06-03 01:29:43.081 DEBUG content 33916 45fe7efa-0bf7-4ee2-b03a-cbd7c69c2286 Processing reference: ContentRole[name=denyAdministrators,inherit=false,allowForAll=false]
2026-06-03 01:29:43.082 DEBUG content 33916 45fe7efa-0bf7-4ee2-b03a-cbd7c69c2286 Exporting binary resources.
2026-06-03 01:29:43.082 DEBUG content 33916 45fe7efa-0bf7-4ee2-b03a-cbd7c69c2286 Serializing object to XML.
2026-06-03 01:29:43.085 DEBUG content 33916 45fe7efa-0bf7-4ee2-b03a-cbd7c69c2286 Object transported.
2026-06-03 01:29:43.085 DEBUG content 33917 f7ddaaab-168c-47f2-891c-40cc9b2399f8 Begin transport.
2026-06-03 01:29:43.085 DEBUG content 33917 f7ddaaab-168c-47f2-891c-40cc9b2399f8 Retrieving object data.
2026-06-03 01:29:43.093 DEBUG content 33917 f7ddaaab-168c-47f2-891c-40cc9b2399f8 Setting uuids of object references.
2026-06-03 01:29:43.093 DEBUG content 33917 f7ddaaab-168c-47f2-891c-40cc9b2399f8 Processing reference: [Content:id=23251,versionId=-1,name=NCI_OPER_URL_DETAIL_INTEGRATION,type=32,subtype=5,uuid=f7ddaaab-168c-47f2-891c-40cc9b2399f8,parent=1660]
2026-06-03 01:29:43.101 DEBUG content 33917 f7ddaaab-168c-47f2-891c-40cc9b2399f8 Processing reference: OutboundIntegration.forum
2026-06-03 01:29:43.102 DEBUG content 33917 f7ddaaab-168c-47f2-891c-40cc9b2399f8 Processing reference: OutboundIntegration.integrationOutputsAsTypedValue
2026-06-03 01:29:43.102 DEBUG content 33917 f7ddaaab-168c-47f2-891c-40cc9b2399f8 Processing reference: TypedVariable[name=fileName,it=3,v=]
2026-06-03 01:29:43.102 DEBUG content 33917 f7ddaaab-168c-47f2-891c-40cc9b2399f8 Processing reference: TypedVariable[name=path,it=3,v=]
2026-06-03 01:29:43.102 DEBUG content 33917 f7ddaaab-168c-47f2-891c-40cc9b2399f8 Processing reference: TypedVariable[name=user,it=3,v=]
2026-06-03 01:29:43.102 DEBUG content 33917 f7ddaaab-168c-47f2-891c-40cc9b2399f8 Processing reference: OutboundIntegration.parent
2026-06-03 01:29:43.104 DEBUG content 33917 f7ddaaab-168c-47f2-891c-40cc9b2399f8 Processing reference: com.appiancorp.suiteapi.content.ContentRoleMap@3acdc40a[
  ContentRole[name=readers,inherit=true,allowForAll=false]
  ContentRole[name=authors,inherit=true,allowForAll=false]
  ContentRole[name=administrators,inherit=true,allowForAll=false]
  ContentRole[name=denyReaders,inherit=false,allowForAll=false]
  ContentRole[name=denyAuthors,inherit=false,allowForAll=false]
  ContentRole[name=denyAdministrators,inherit=false,allowForAll=false]
  securityVector=15:SEC_PUBLIC=true,SEC_CREATOR_ADMIN=false,SEC_INH_ADMIN=true,SEC_INH_EDITOR=true,SEC_INH_VIEWER=true,SEC_ALL_ADMIN=false,SEC_ALL_EDITOR=false,SEC_ALL_VIEWER=false
]
2026-06-03 01:29:43.104 DEBUG content 33917 f7ddaaab-168c-47f2-891c-40cc9b2399f8 Processing reference: ContentRole[name=readers,inherit=true,allowForAll=false]
2026-06-03 01:29:43.104 DEBUG content 33917 f7ddaaab-168c-47f2-891c-40cc9b2399f8 Processing reference: ContentRole[name=authors,inherit=true,allowForAll=false]
2026-06-03 01:29:43.104 DEBUG content 33917 f7ddaaab-168c-47f2-891c-40cc9b2399f8 Processing reference: ContentRole[name=administrators,inherit=true,allowForAll=false]
2026-06-03 01:29:43.104 DEBUG content 33917 f7ddaaab-168c-47f2-891c-40cc9b2399f8 Processing reference: ContentRole[name=denyReaders,inherit=false,allowForAll=false]
2026-06-03 01:29:43.104 DEBUG content 33917 f7ddaaab-168c-47f2-891c-40cc9b2399f8 Processing reference: ContentRole[name=denyAuthors,inherit=false,allowForAll=false]
2026-06-03 01:29:43.104 DEBUG content 33917 f7ddaaab-168c-47f2-891c-40cc9b2399f8 Processing reference: ContentRole[name=denyAdministrators,inherit=false,allowForAll=false]
2026-06-03 01:29:43.105 DEBUG content 33917 f7ddaaab-168c-47f2-891c-40cc9b2399f8 Exporting binary resources.
2026-06-03 01:29:43.105 DEBUG content 33917 f7ddaaab-168c-47f2-891c-40cc9b2399f8 Serializing object to XML.
2026-06-03 01:29:43.109 DEBUG content 33917 f7ddaaab-168c-47f2-891c-40cc9b2399f8 Object transported.
2026-06-03 01:29:43.109 DEBUG content 33918 86a55ad3-3f0c-4e22-a29c-c6bde815149f Begin transport.
2026-06-03 01:29:43.109 DEBUG content 33918 86a55ad3-3f0c-4e22-a29c-c6bde815149f Retrieving object data.
2026-06-03 01:29:43.117 DEBUG content 33918 86a55ad3-3f0c-4e22-a29c-c6bde815149f Setting uuids of object references.
2026-06-03 01:29:43.117 DEBUG content 33918 86a55ad3-3f0c-4e22-a29c-c6bde815149f Processing reference: [Content:id=3376,versionId=-1,name=NCI_OPER_IndentificacionClientes,type=32,subtype=5,uuid=86a55ad3-3f0c-4e22-a29c-c6bde815149f,parent=1660]
2026-06-03 01:29:43.125 DEBUG content 33918 86a55ad3-3f0c-4e22-a29c-c6bde815149f Processing reference: OutboundIntegration.forum
2026-06-03 01:29:43.125 DEBUG content 33918 86a55ad3-3f0c-4e22-a29c-c6bde815149f Processing reference: OutboundIntegration.integrationOutputsAsTypedValue
2026-06-03 01:29:43.125 DEBUG content 33918 86a55ad3-3f0c-4e22-a29c-c6bde815149f Processing reference: TypedVariable[name=filterData_map,it=252,v=<null>]
2026-06-03 01:29:43.125 DEBUG content 33918 86a55ad3-3f0c-4e22-a29c-c6bde815149f Processing reference: OutboundIntegration.parent
2026-06-03 01:29:43.128 DEBUG content 33918 86a55ad3-3f0c-4e22-a29c-c6bde815149f Processing reference: com.appiancorp.suiteapi.content.ContentRoleMap@bc93824[
  ContentRole[name=readers,inherit=true,allowForAll=false]
  ContentRole[name=authors,inherit=true,allowForAll=false]
  ContentRole[name=administrators,inherit=true,allowForAll=false]
  ContentRole[name=denyReaders,inherit=false,allowForAll=false]
  ContentRole[name=denyAuthors,inherit=false,allowForAll=false]
  ContentRole[name=denyAdministrators,inherit=false,allowForAll=false]
  securityVector=15:SEC_PUBLIC=true,SEC_CREATOR_ADMIN=false,SEC_INH_ADMIN=true,SEC_INH_EDITOR=true,SEC_INH_VIEWER=true,SEC_ALL_ADMIN=false,SEC_ALL_EDITOR=false,SEC_ALL_VIEWER=false
]
2026-06-03 01:29:43.128 DEBUG content 33918 86a55ad3-3f0c-4e22-a29c-c6bde815149f Processing reference: ContentRole[name=readers,inherit=true,allowForAll=false]
2026-06-03 01:29:43.128 DEBUG content 33918 86a55ad3-3f0c-4e22-a29c-c6bde815149f Processing reference: ContentRole[name=authors,inherit=true,allowForAll=false]
2026-06-03 01:29:43.128 DEBUG content 33918 86a55ad3-3f0c-4e22-a29c-c6bde815149f Processing reference: ContentRole[name=administrators,inherit=true,allowForAll=false]
2026-06-03 01:29:43.128 DEBUG content 33918 86a55ad3-3f0c-4e22-a29c-c6bde815149f Processing reference: ContentRole[name=denyReaders,inherit=false,allowForAll=false]
2026-06-03 01:29:43.128 DEBUG content 33918 86a55ad3-3f0c-4e22-a29c-c6bde815149f Processing reference: ContentRole[name=denyAuthors,inherit=false,allowForAll=false]
2026-06-03 01:29:43.128 DEBUG content 33918 86a55ad3-3f0c-4e22-a29c-c6bde815149f Processing reference: ContentRole[name=denyAdministrators,inherit=false,allowForAll=false]
2026-06-03 01:29:43.129 DEBUG content 33918 86a55ad3-3f0c-4e22-a29c-c6bde815149f Exporting binary resources.
2026-06-03 01:29:43.129 DEBUG content 33918 86a55ad3-3f0c-4e22-a29c-c6bde815149f Serializing object to XML.
2026-06-03 01:29:43.132 DEBUG content 33918 86a55ad3-3f0c-4e22-a29c-c6bde815149f Object transported.
2026-06-03 01:29:43.132 DEBUG content 33919 82367313-aac7-4932-8c65-3f3ddf6ae6b5 Begin transport.
2026-06-03 01:29:43.132 DEBUG content 33919 82367313-aac7-4932-8c65-3f3ddf6ae6b5 Retrieving object data.
2026-06-03 01:29:43.14 DEBUG content 33919 82367313-aac7-4932-8c65-3f3ddf6ae6b5 Setting uuids of object references.
2026-06-03 01:29:43.14 DEBUG content 33919 82367313-aac7-4932-8c65-3f3ddf6ae6b5 Processing reference: [Content:id=22454,versionId=-1,name=NCI_OPER_Insufficient_Balances_Exist,type=32,subtype=5,uuid=82367313-aac7-4932-8c65-3f3ddf6ae6b5,parent=9669]
2026-06-03 01:29:43.148 DEBUG content 33919 82367313-aac7-4932-8c65-3f3ddf6ae6b5 Processing reference: OutboundIntegration.forum
2026-06-03 01:29:43.149 DEBUG content 33919 82367313-aac7-4932-8c65-3f3ddf6ae6b5 Processing reference: OutboundIntegration.integrationOutputsAsTypedValue
2026-06-03 01:29:43.149 DEBUG content 33919 82367313-aac7-4932-8c65-3f3ddf6ae6b5 Processing reference: TypedVariable[name=data_map,it=252,v=<null>]
2026-06-03 01:29:43.149 DEBUG content 33919 82367313-aac7-4932-8c65-3f3ddf6ae6b5 Processing reference: OutboundIntegration.parent
2026-06-03 01:29:43.151 DEBUG content 33919 82367313-aac7-4932-8c65-3f3ddf6ae6b5 Processing reference: com.appiancorp.suiteapi.content.ContentRoleMap@78a45b20[
  ContentRole[name=readers,inherit=true,allowForAll=false]
  ContentRole[name=authors,inherit=true,allowForAll=false]
  ContentRole[name=administrators,inherit=true,allowForAll=false]
  ContentRole[name=denyReaders,inherit=false,allowForAll=false]
  ContentRole[name=denyAuthors,inherit=false,allowForAll=false]
  ContentRole[name=denyAdministrators,inherit=false,allowForAll=false]
  securityVector=15:SEC_PUBLIC=true,SEC_CREATOR_ADMIN=false,SEC_INH_ADMIN=true,SEC_INH_EDITOR=true,SEC_INH_VIEWER=true,SEC_ALL_ADMIN=false,SEC_ALL_EDITOR=false,SEC_ALL_VIEWER=false
]
2026-06-03 01:29:43.151 DEBUG content 33919 82367313-aac7-4932-8c65-3f3ddf6ae6b5 Processing reference: ContentRole[name=readers,inherit=true,allowForAll=false]
2026-06-03 01:29:43.151 DEBUG content 33919 82367313-aac7-4932-8c65-3f3ddf6ae6b5 Processing reference: ContentRole[name=authors,inherit=true,allowForAll=false]
2026-06-03 01:29:43.151 DEBUG content 33919 82367313-aac7-4932-8c65-3f3ddf6ae6b5 Processing reference: ContentRole[name=administrators,inherit=true,allowForAll=false]
2026-06-03 01:29:43.151 DEBUG content 33919 82367313-aac7-4932-8c65-3f3ddf6ae6b5 Processing reference: ContentRole[name=denyReaders,inherit=false,allowForAll=false]
2026-06-03 01:29:43.151 DEBUG content 33919 82367313-aac7-4932-8c65-3f3ddf6ae6b5 Processing reference: ContentRole[name=denyAuthors,inherit=false,allowForAll=false]
2026-06-03 01:29:43.151 DEBUG content 33919 82367313-aac7-4932-8c65-3f3ddf6ae6b5 Processing reference: ContentRole[name=denyAdministrators,inherit=false,allowForAll=false]
2026-06-03 01:29:43.152 DEBUG content 33919 82367313-aac7-4932-8c65-3f3ddf6ae6b5 Exporting binary resources.
2026-06-03 01:29:43.152 DEBUG content 33919 82367313-aac7-4932-8c65-3f3ddf6ae6b5 Serializing object to XML.
2026-06-03 01:29:43.155 DEBUG content 33919 82367313-aac7-4932-8c65-3f3ddf6ae6b5 Object transported.
2026-06-03 01:29:43.155 DEBUG content 33920 4e6680ab-d80e-4b2a-baea-61eee9cbc19a Begin transport.
2026-06-03 01:29:43.155 DEBUG content 33920 4e6680ab-d80e-4b2a-baea-61eee9cbc19a Retrieving object data.
2026-06-03 01:29:43.163 DEBUG content 33920 4e6680ab-d80e-4b2a-baea-61eee9cbc19a Setting uuids of object references.
2026-06-03 01:29:43.163 DEBUG content 33920 4e6680ab-d80e-4b2a-baea-61eee9cbc19a Processing reference: [Content:id=3436,versionId=-1,name=NCI_MONIT_generar_reporteDoc,type=32,subtype=5,uuid=4e6680ab-d80e-4b2a-baea-61eee9cbc19a,parent=1655]
2026-06-03 01:29:43.174 DEBUG content 33920 4e6680ab-d80e-4b2a-baea-61eee9cbc19a Processing reference: OutboundIntegration.forum
2026-06-03 01:29:43.174 DEBUG content 33920 4e6680ab-d80e-4b2a-baea-61eee9cbc19a Processing reference: OutboundIntegration.integrationOutputsAsTypedValue
2026-06-03 01:29:43.174 DEBUG content 33920 4e6680ab-d80e-4b2a-baea-61eee9cbc19a Processing reference: TypedVariable[name=folioNumber,it=3,v=]
2026-06-03 01:29:43.174 DEBUG content 33920 4e6680ab-d80e-4b2a-baea-61eee9cbc19a Processing reference: TypedVariable[name=onSuccess,it=97,v=<null>]
2026-06-03 01:29:43.174 DEBUG content 33920 4e6680ab-d80e-4b2a-baea-61eee9cbc19a Processing reference: TypedVariable[name=onError,it=97,v=<null>]
2026-06-03 01:29:43.174 DEBUG content 33920 4e6680ab-d80e-4b2a-baea-61eee9cbc19a Processing reference: OutboundIntegration.parent
2026-06-03 01:29:43.176 DEBUG content 33920 4e6680ab-d80e-4b2a-baea-61eee9cbc19a Processing reference: com.appiancorp.suiteapi.content.ContentRoleMap@297a59de[
  ContentRole[name=readers,inherit=true,allowForAll=false]
  ContentRole[name=authors,inherit=true,allowForAll=false]
  ContentRole[name=administrators,inherit=true,allowForAll=false]
  ContentRole[name=denyReaders,inherit=false,allowForAll=false]
  ContentRole[name=denyAuthors,inherit=false,allowForAll=false]
  ContentRole[name=denyAdministrators,inherit=false,allowForAll=false]
  securityVector=15:SEC_PUBLIC=true,SEC_CREATOR_ADMIN=false,SEC_INH_ADMIN=true,SEC_INH_EDITOR=true,SEC_INH_VIEWER=true,SEC_ALL_ADMIN=false,SEC_ALL_EDITOR=false,SEC_ALL_VIEWER=false
]
2026-06-03 01:29:43.176 DEBUG content 33920 4e6680ab-d80e-4b2a-baea-61eee9cbc19a Processing reference: ContentRole[name=readers,inherit=true,allowForAll=false]
2026-06-03 01:29:43.176 DEBUG content 33920 4e6680ab-d80e-4b2a-baea-61eee9cbc19a Processing reference: ContentRole[name=authors,inherit=true,allowForAll=false]
2026-06-03 01:29:43.176 DEBUG content 33920 4e6680ab-d80e-4b2a-baea-61eee9cbc19a Processing reference: ContentRole[name=administrators,inherit=true,allowForAll=false]
2026-06-03 01:29:43.176 DEBUG content 33920 4e6680ab-d80e-4b2a-baea-61eee9cbc19a Processing reference: ContentRole[name=denyReaders,inherit=false,allowForAll=false]
2026-06-03 01:29:43.176 DEBUG content 33920 4e6680ab-d80e-4b2a-baea-61eee9cbc19a Processing reference: ContentRole[name=denyAuthors,inherit=false,allowForAll=false]
2026-06-03 01:29:43.176 DEBUG content 33920 4e6680ab-d80e-4b2a-baea-61eee9cbc19a Processing reference: ContentRole[name=denyAdministrators,inherit=false,allowForAll=false]
2026-06-03 01:29:43.177 DEBUG content 33920 4e6680ab-d80e-4b2a-baea-61eee9cbc19a Exporting binary resources.
2026-06-03 01:29:43.177 DEBUG content 33920 4e6680ab-d80e-4b2a-baea-61eee9cbc19a Serializing object to XML.
2026-06-03 01:29:43.18 DEBUG content 33920 4e6680ab-d80e-4b2a-baea-61eee9cbc19a Object transported.
2026-06-03 01:29:43.18 DEBUG content 33921 b9bae984-0588-45f4-b269-0c932e83ca5f Begin transport.
2026-06-03 01:29:43.18 DEBUG content 33921 b9bae984-0588-45f4-b269-0c932e83ca5f Retrieving object data.
2026-06-03 01:29:43.189 DEBUG content 33921 b9bae984-0588-45f4-b269-0c932e83ca5f Setting uuids of object references.
2026-06-03 01:29:43.189 DEBUG content 33921 b9bae984-0588-45f4-b269-0c932e83ca5f Processing reference: [Content:id=18847,versionId=-1,name=NCI_OPER_getEmailDistributionList,type=32,subtype=5,uuid=b9bae984-0588-45f4-b269-0c932e83ca5f,parent=1660]
2026-06-03 01:29:43.198 DEBUG content 33921 b9bae984-0588-45f4-b269-0c932e83ca5f Processing reference: OutboundIntegration.forum
2026-06-03 01:29:43.198 DEBUG content 33921 b9bae984-0588-45f4-b269-0c932e83ca5f Processing reference: OutboundIntegration.integrationOutputsAsTypedValue
2026-06-03 01:29:43.198 DEBUG content 33921 b9bae984-0588-45f4-b269-0c932e83ca5f Processing reference: TypedVariable[name=processId_int,it=1,v=<null>]
2026-06-03 01:29:43.198 DEBUG content 33921 b9bae984-0588-45f4-b269-0c932e83ca5f Processing reference: TypedVariable[name=subprocessId_int,it=1,v=<null>]
2026-06-03 01:29:43.198 DEBUG content 33921 b9bae984-0588-45f4-b269-0c932e83ca5f Processing reference: TypedVariable[name=environment_txt,it=3,v=]
2026-06-03 01:29:43.198 DEBUG content 33921 b9bae984-0588-45f4-b269-0c932e83ca5f Processing reference: TypedVariable[name=substageId_int,it=1,v=<null>]
2026-06-03 01:29:43.198 DEBUG content 33921 b9bae984-0588-45f4-b269-0c932e83ca5f Processing reference: OutboundIntegration.parent
2026-06-03 01:29:43.2 DEBUG content 33921 b9bae984-0588-45f4-b269-0c932e83ca5f Processing reference: com.appiancorp.suiteapi.content.ContentRoleMap@5514ccdb[
  ContentRole[name=readers,inherit=true,allowForAll=false]
  ContentRole[name=authors,inherit=true,allowForAll=false]
  ContentRole[name=administrators,inherit=true,allowForAll=false]
  ContentRole[name=denyReaders,inherit=false,allowForAll=false]
  ContentRole[name=denyAuthors,inherit=false,allowForAll=false]
  ContentRole[name=denyAdministrators,inherit=false,allowForAll=false]
  securityVector=15:SEC_PUBLIC=true,SEC_CREATOR_ADMIN=false,SEC_INH_ADMIN=true,SEC_INH_EDITOR=true,SEC_INH_VIEWER=true,SEC_ALL_ADMIN=false,SEC_ALL_EDITOR=false,SEC_ALL_VIEWER=false
]
2026-06-03 01:29:43.2 DEBUG content 33921 b9bae984-0588-45f4-b269-0c932e83ca5f Processing reference: ContentRole[name=readers,inherit=true,allowForAll=false]
2026-06-03 01:29:43.2 DEBUG content 33921 b9bae984-0588-45f4-b269-0c932e83ca5f Processing reference: ContentRole[name=authors,inherit=true,allowForAll=false]
2026-06-03 01:29:43.2 DEBUG content 33921 b9bae984-0588-45f4-b269-0c932e83ca5f Processing reference: ContentRole[name=administrators,inherit=true,allowForAll=false]
2026-06-03 01:29:43.2 DEBUG content 33921 b9bae984-0588-45f4-b269-0c932e83ca5f Processing reference: ContentRole[name=denyReaders,inherit=false,allowForAll=false]
2026-06-03 01:29:43.2 DEBUG content 33921 b9bae984-0588-45f4-b269-0c932e83ca5f Processing reference: ContentRole[name=denyAuthors,inherit=false,allowForAll=false]
2026-06-03 01:29:43.2 DEBUG content 33921 b9bae984-0588-45f4-b269-0c932e83ca5f Processing reference: ContentRole[name=denyAdministrators,inherit=false,allowForAll=false]
2026-06-03 01:29:43.201 DEBUG content 33921 b9bae984-0588-45f4-b269-0c932e83ca5f Exporting binary resources.
2026-06-03 01:29:43.201 DEBUG content 33921 b9bae984-0588-45f4-b269-0c932e83ca5f Serializing object to XML.
2026-06-03 01:29:43.205 DEBUG content 33921 b9bae984-0588-45f4-b269-0c932e83ca5f Object transported.
2026-06-03 01:29:43.205 DEBUG content 33922 31123de0-30fd-4a86-96ee-6dc23df9b7da Begin transport.
2026-06-03 01:29:43.205 DEBUG content 33922 31123de0-30fd-4a86-96ee-6dc23df9b7da Retrieving object data.
2026-06-03 01:29:43.215 DEBUG content 33922 31123de0-30fd-4a86-96ee-6dc23df9b7da Setting uuids of object references.
2026-06-03 01:29:43.215 DEBUG content 33922 31123de0-30fd-4a86-96ee-6dc23df9b7da Processing reference: [Content:id=17621,versionId=-1,name=NCI_OPER_GetAuditControlRecordsFile,type=32,subtype=5,uuid=31123de0-30fd-4a86-96ee-6dc23df9b7da,parent=1660]
2026-06-03 01:29:43.225 DEBUG content 33922 31123de0-30fd-4a86-96ee-6dc23df9b7da Processing reference: OutboundIntegration.forum
2026-06-03 01:29:43.225 DEBUG content 33922 31123de0-30fd-4a86-96ee-6dc23df9b7da Processing reference: OutboundIntegration.integrationOutputsAsTypedValue
2026-06-03 01:29:43.225 DEBUG content 33922 31123de0-30fd-4a86-96ee-6dc23df9b7da Processing reference: TypedVariable[name=folio_txt,it=3,v=]
2026-06-03 01:29:43.225 DEBUG content 33922 31123de0-30fd-4a86-96ee-6dc23df9b7da Processing reference: TypedVariable[name=processId_txt,it=3,v=]
2026-06-03 01:29:43.225 DEBUG content 33922 31123de0-30fd-4a86-96ee-6dc23df9b7da Processing reference: TypedVariable[name=subProcessId_txt,it=3,v=]
2026-06-03 01:29:43.225 DEBUG content 33922 31123de0-30fd-4a86-96ee-6dc23df9b7da Processing reference: OutboundIntegration.parent
2026-06-03 01:29:43.229 DEBUG content 33922 31123de0-30fd-4a86-96ee-6dc23df9b7da Processing reference: com.appiancorp.suiteapi.content.ContentRoleMap@2902baa[
  ContentRole[name=readers,inherit=true,allowForAll=false]
  ContentRole[name=authors,inherit=true,allowForAll=false]
  ContentRole[name=administrators,inherit=true,allowForAll=false]
  ContentRole[name=denyReaders,inherit=false,allowForAll=false]
  ContentRole[name=denyAuthors,inherit=false,allowForAll=false]
  ContentRole[name=denyAdministrators,inherit=false,allowForAll=false]
  securityVector=15:SEC_PUBLIC=true,SEC_CREATOR_ADMIN=false,SEC_INH_ADMIN=true,SEC_INH_EDITOR=true,SEC_INH_VIEWER=true,SEC_ALL_ADMIN=false,SEC_ALL_EDITOR=false,SEC_ALL_VIEWER=false
]
2026-06-03 01:29:43.229 DEBUG content 33922 31123de0-30fd-4a86-96ee-6dc23df9b7da Processing reference: ContentRole[name=readers,inherit=true,allowForAll=false]
2026-06-03 01:29:43.229 DEBUG content 33922 31123de0-30fd-4a86-96ee-6dc23df9b7da Processing reference: ContentRole[name=authors,inherit=true,allowForAll=false]
2026-06-03 01:29:43.229 DEBUG content 33922 31123de0-30fd-4a86-96ee-6dc23df9b7da Processing reference: ContentRole[name=administrators,inherit=true,allowForAll=false]
2026-06-03 01:29:43.229 DEBUG content 33922 31123de0-30fd-4a86-96ee-6dc23df9b7da Processing reference: ContentRole[name=denyReaders,inherit=false,allowForAll=false]
2026-06-03 01:29:43.229 DEBUG content 33922 31123de0-30fd-4a86-96ee-6dc23df9b7da Processing reference: ContentRole[name=denyAuthors,inherit=false,allowForAll=false]
2026-06-03 01:29:43.229 DEBUG content 33922 31123de0-30fd-4a86-96ee-6dc23df9b7da Processing reference: ContentRole[name=denyAdministrators,inherit=false,allowForAll=false]
2026-06-03 01:29:43.23 DEBUG content 33922 31123de0-30fd-4a86-96ee-6dc23df9b7da Exporting binary resources.
2026-06-03 01:29:43.23 DEBUG content 33922 31123de0-30fd-4a86-96ee-6dc23df9b7da Serializing object to XML.
2026-06-03 01:29:43.233 DEBUG content 33922 31123de0-30fd-4a86-96ee-6dc23df9b7da Object transported.
2026-06-03 01:29:43.233 DEBUG content 33923 11f1380f-0cc6-4af2-8733-485ac4ce6891 Begin transport.
2026-06-03 01:29:43.233 DEBUG content 33923 11f1380f-0cc6-4af2-8733-485ac4ce6891 Retrieving object data.
2026-06-03 01:29:43.242 DEBUG content 33923 11f1380f-0cc6-4af2-8733-485ac4ce6891 Setting uuids of object references.
2026-06-03 01:29:43.242 DEBUG content 33923 11f1380f-0cc6-4af2-8733-485ac4ce6891 Processing reference: [Content:id=11868,versionId=-1,name=NCI_MONIT_Marcar_todas_MarcasConvivencia,type=32,subtype=5,uuid=11f1380f-0cc6-4af2-8733-485ac4ce6891,parent=1655]
2026-06-03 01:29:43.25 DEBUG content 33923 11f1380f-0cc6-4af2-8733-485ac4ce6891 Processing reference: OutboundIntegration.forum
2026-06-03 01:29:43.25 DEBUG content 33923 11f1380f-0cc6-4af2-8733-485ac4ce6891 Processing reference: OutboundIntegration.integrationOutputsAsTypedValue
2026-06-03 01:29:43.251 DEBUG content 33923 11f1380f-0cc6-4af2-8733-485ac4ce6891 Processing reference: TypedVariable[name=data,it=97,v=<null>]
2026-06-03 01:29:43.251 DEBUG content 33923 11f1380f-0cc6-4af2-8733-485ac4ce6891 Processing reference: TypedVariable[name=onSuccess,it=97,v=<null>]
2026-06-03 01:29:43.251 DEBUG content 33923 11f1380f-0cc6-4af2-8733-485ac4ce6891 Processing reference: TypedVariable[name=onError,it=97,v=<null>]
2026-06-03 01:29:43.251 DEBUG content 33923 11f1380f-0cc6-4af2-8733-485ac4ce6891 Processing reference: OutboundIntegration.parent
2026-06-03 01:29:43.253 DEBUG content 33923 11f1380f-0cc6-4af2-8733-485ac4ce6891 Processing reference: com.appiancorp.suiteapi.content.ContentRoleMap@79fa9ec4[
  ContentRole[name=readers,inherit=true,allowForAll=false]
  ContentRole[name=authors,inherit=true,allowForAll=false]
  ContentRole[name=administrators,inherit=true,allowForAll=false]
  ContentRole[name=denyReaders,inherit=false,allowForAll=false]
  ContentRole[name=denyAuthors,inherit=false,allowForAll=false]
  ContentRole[name=denyAdministrators,inherit=false,allowForAll=false]
  securityVector=15:SEC_PUBLIC=true,SEC_CREATOR_ADMIN=false,SEC_INH_ADMIN=true,SEC_INH_EDITOR=true,SEC_INH_VIEWER=true,SEC_ALL_ADMIN=false,SEC_ALL_EDITOR=false,SEC_ALL_VIEWER=false
]
2026-06-03 01:29:43.253 DEBUG content 33923 11f1380f-0cc6-4af2-8733-485ac4ce6891 Processing reference: ContentRole[name=readers,inherit=true,allowForAll=false]
2026-06-03 01:29:43.253 DEBUG content 33923 11f1380f-0cc6-4af2-8733-485ac4ce6891 Processing reference: ContentRole[name=authors,inherit=true,allowForAll=false]
2026-06-03 01:29:43.253 DEBUG content 33923 11f1380f-0cc6-4af2-8733-485ac4ce6891 Processing reference: ContentRole[name=administrators,inherit=true,allowForAll=false]
2026-06-03 01:29:43.253 DEBUG content 33923 11f1380f-0cc6-4af2-8733-485ac4ce6891 Processing reference: ContentRole[name=denyReaders,inherit=false,allowForAll=false]
2026-06-03 01:29:43.253 DEBUG content 33923 11f1380f-0cc6-4af2-8733-485ac4ce6891 Processing reference: ContentRole[name=denyAuthors,inherit=false,allowForAll=false]
2026-06-03 01:29:43.253 DEBUG content 33923 11f1380f-0cc6-4af2-8733-485ac4ce6891 Processing reference: ContentRole[name=denyAdministrators,inherit=false,allowForAll=false]
2026-06-03 01:29:43.254 DEBUG content 33923 11f1380f-0cc6-4af2-8733-485ac4ce6891 Exporting binary resources.
2026-06-03 01:29:43.254 DEBUG content 33923 11f1380f-0cc6-4af2-8733-485ac4ce6891 Serializing object to XML.
2026-06-03 01:29:43.258 DEBUG content 33923 11f1380f-0cc6-4af2-8733-485ac4ce6891 Object transported.
2026-06-03 01:29:43.258 DEBUG content 33924 344e2611-09d1-4d86-b4aa-3351dad1ea69 Begin transport.
2026-06-03 01:29:43.258 DEBUG content 33924 344e2611-09d1-4d86-b4aa-3351dad1ea69 Retrieving object data.
2026-06-03 01:29:43.267 DEBUG content 33924 344e2611-09d1-4d86-b4aa-3351dad1ea69 Setting uuids of object references.
2026-06-03 01:29:43.268 DEBUG content 33924 344e2611-09d1-4d86-b4aa-3351dad1ea69 Processing reference: [Content:id=3282,versionId=-1,name=NCI_MONIT_ProcessLogs,type=32,subtype=5,uuid=344e2611-09d1-4d86-b4aa-3351dad1ea69,parent=1655]
2026-06-03 01:29:43.279 DEBUG content 33924 344e2611-09d1-4d86-b4aa-3351dad1ea69 Processing reference: OutboundIntegration.forum
2026-06-03 01:29:43.28 DEBUG content 33924 344e2611-09d1-4d86-b4aa-3351dad1ea69 Processing reference: OutboundIntegration.integrationOutputsAsTypedValue
2026-06-03 01:29:43.28 DEBUG content 33924 344e2611-09d1-4d86-b4aa-3351dad1ea69 Processing reference: TypedVariable[name=filterData_map,it=252,v=<null>]
2026-06-03 01:29:43.28 DEBUG content 33924 344e2611-09d1-4d86-b4aa-3351dad1ea69 Processing reference: TypedVariable[name=onSuccess,it=97,v=<null>]
2026-06-03 01:29:43.28 DEBUG content 33924 344e2611-09d1-4d86-b4aa-3351dad1ea69 Processing reference: TypedVariable[name=onError,it=97,v=<null>]
2026-06-03 01:29:43.28 DEBUG content 33924 344e2611-09d1-4d86-b4aa-3351dad1ea69 Processing reference: OutboundIntegration.parent
2026-06-03 01:29:43.284 DEBUG content 33924 344e2611-09d1-4d86-b4aa-3351dad1ea69 Processing reference: com.appiancorp.suiteapi.content.ContentRoleMap@2263091f[
  ContentRole[name=readers,inherit=true,allowForAll=false]
  ContentRole[name=authors,inherit=true,allowForAll=false]
  ContentRole[name=administrators,inherit=true,allowForAll=false]
  ContentRole[name=denyReaders,inherit=false,allowForAll=false]
  ContentRole[name=denyAuthors,inherit=false,allowForAll=false]
  ContentRole[name=denyAdministrators,inherit=false,allowForAll=false]
  securityVector=15:SEC_PUBLIC=true,SEC_CREATOR_ADMIN=false,SEC_INH_ADMIN=true,SEC_INH_EDITOR=true,SEC_INH_VIEWER=true,SEC_ALL_ADMIN=false,SEC_ALL_EDITOR=false,SEC_ALL_VIEWER=false
]
2026-06-03 01:29:43.284 DEBUG content 33924 344e2611-09d1-4d86-b4aa-3351dad1ea69 Processing reference: ContentRole[name=readers,inherit=true,allowForAll=false]
2026-06-03 01:29:43.284 DEBUG content 33924 344e2611-09d1-4d86-b4aa-3351dad1ea69 Processing reference: ContentRole[name=authors,inherit=true,allowForAll=false]
2026-06-03 01:29:43.284 DEBUG content 33924 344e2611-09d1-4d86-b4aa-3351dad1ea69 Processing reference: ContentRole[name=administrators,inherit=true,allowForAll=false]
2026-06-03 01:29:43.284 DEBUG content 33924 344e2611-09d1-4d86-b4aa-3351dad1ea69 Processing reference: ContentRole[name=denyReaders,inherit=false,allowForAll=false]
2026-06-03 01:29:43.284 DEBUG content 33924 344e2611-09d1-4d86-b4aa-3351dad1ea69 Processing reference: ContentRole[name=denyAuthors,inherit=false,allowForAll=false]
2026-06-03 01:29:43.284 DEBUG content 33924 344e2611-09d1-4d86-b4aa-3351dad1ea69 Processing reference: ContentRole[name=denyAdministrators,inherit=false,allowForAll=false]
2026-06-03 01:29:43.285 DEBUG content 33924 344e2611-09d1-4d86-b4aa-3351dad1ea69 Exporting binary resources.
2026-06-03 01:29:43.285 DEBUG content 33924 344e2611-09d1-4d86-b4aa-3351dad1ea69 Serializing object to XML.
2026-06-03 01:29:43.291 DEBUG content 33924 344e2611-09d1-4d86-b4aa-3351dad1ea69 Object transported.
2026-06-03 01:29:43.291 DEBUG content 33925 1a05f799-cf19-4ce1-90d5-aaf772921e48 Begin transport.
2026-06-03 01:29:43.291 DEBUG content 33925 1a05f799-cf19-4ce1-90d5-aaf772921e48 Retrieving object data.
2026-06-03 01:29:43.305 DEBUG content 33925 1a05f799-cf19-4ce1-90d5-aaf772921e48 Setting uuids of object references.
2026-06-03 01:29:43.305 DEBUG content 33925 1a05f799-cf19-4ce1-90d5-aaf772921e48 Processing reference: [Content:id=15737,versionId=-1,name=NCI_OPER_getCuentasDesmarcadas,type=32,subtype=5,uuid=1a05f799-cf19-4ce1-90d5-aaf772921e48,parent=1660]
2026-06-03 01:29:43.314 DEBUG content 33925 1a05f799-cf19-4ce1-90d5-aaf772921e48 Processing reference: OutboundIntegration.forum
2026-06-03 01:29:43.314 DEBUG content 33925 1a05f799-cf19-4ce1-90d5-aaf772921e48 Processing reference: OutboundIntegration.integrationOutputsAsTypedValue
2026-06-03 01:29:43.314 DEBUG content 33925 1a05f799-cf19-4ce1-90d5-aaf772921e48 Processing reference: TypedVariable[name=folioNumber,it=3,v=]
2026-06-03 01:29:43.314 DEBUG content 33925 1a05f799-cf19-4ce1-90d5-aaf772921e48 Processing reference: TypedVariable[name=brandStatus,it=1,v=<null>]
2026-06-03 01:29:43.314 DEBUG content 33925 1a05f799-cf19-4ce1-90d5-aaf772921e48 Processing reference: TypedVariable[name=page,it=1,v=<null>]
2026-06-03 01:29:43.314 DEBUG content 33925 1a05f799-cf19-4ce1-90d5-aaf772921e48 Processing reference: TypedVariable[name=limit,it=1,v=<null>]
2026-06-03 01:29:43.314 DEBUG content 33925 1a05f799-cf19-4ce1-90d5-aaf772921e48 Processing reference: OutboundIntegration.parent
2026-06-03 01:29:43.317 DEBUG content 33925 1a05f799-cf19-4ce1-90d5-aaf772921e48 Processing reference: com.appiancorp.suiteapi.content.ContentRoleMap@50b220db[
  ContentRole[name=readers,inherit=true,allowForAll=false]
  ContentRole[name=authors,inherit=true,allowForAll=false]
  ContentRole[name=administrators,inherit=true,allowForAll=false]
  ContentRole[name=denyReaders,inherit=false,allowForAll=false]
  ContentRole[name=denyAuthors,inherit=false,allowForAll=false]
  ContentRole[name=denyAdministrators,inherit=false,allowForAll=false]
  securityVector=15:SEC_PUBLIC=true,SEC_CREATOR_ADMIN=false,SEC_INH_ADMIN=true,SEC_INH_EDITOR=true,SEC_INH_VIEWER=true,SEC_ALL_ADMIN=false,SEC_ALL_EDITOR=false,SEC_ALL_VIEWER=false
]
2026-06-03 01:29:43.317 DEBUG content 33925 1a05f799-cf19-4ce1-90d5-aaf772921e48 Processing reference: ContentRole[name=readers,inherit=true,allowForAll=false]
2026-06-03 01:29:43.317 DEBUG content 33925 1a05f799-cf19-4ce1-90d5-aaf772921e48 Processing reference: ContentRole[name=authors,inherit=true,allowForAll=false]
2026-06-03 01:29:43.317 DEBUG content 33925 1a05f799-cf19-4ce1-90d5-aaf772921e48 Processing reference: ContentRole[name=administrators,inherit=true,allowForAll=false]
2026-06-03 01:29:43.317 DEBUG content 33925 1a05f799-cf19-4ce1-90d5-aaf772921e48 Processing reference: ContentRole[name=denyReaders,inherit=false,allowForAll=false]
2026-06-03 01:29:43.317 DEBUG content 33925 1a05f799-cf19-4ce1-90d5-aaf772921e48 Processing reference: ContentRole[name=denyAuthors,inherit=false,allowForAll=false]
2026-06-03 01:29:43.317 DEBUG content 33925 1a05f799-cf19-4ce1-90d5-aaf772921e48 Processing reference: ContentRole[name=denyAdministrators,inherit=false,allowForAll=false]
2026-06-03 01:29:43.318 DEBUG content 33925 1a05f799-cf19-4ce1-90d5-aaf772921e48 Exporting binary resources.
2026-06-03 01:29:43.318 DEBUG content 33925 1a05f799-cf19-4ce1-90d5-aaf772921e48 Serializing object to XML.
2026-06-03 01:29:43.323 DEBUG content 33925 1a05f799-cf19-4ce1-90d5-aaf772921e48 Object transported.
2026-06-03 01:29:43.323 DEBUG content 33926 73b999b5-379a-4d7f-8d62-1796f120dce3 Begin transport.
2026-06-03 01:29:43.323 DEBUG content 33926 73b999b5-379a-4d7f-8d62-1796f120dce3 Retrieving object data.
2026-06-03 01:29:43.333 DEBUG content 33926 73b999b5-379a-4d7f-8d62-1796f120dce3 Setting uuids of object references.
2026-06-03 01:29:43.333 DEBUG content 33926 73b999b5-379a-4d7f-8d62-1796f120dce3 Processing reference: [Content:id=2060,versionId=-1,name=NCI_OPER_BuscarCifrasControlHistorica,type=32,subtype=5,uuid=73b999b5-379a-4d7f-8d62-1796f120dce3,parent=1660]
2026-06-03 01:29:43.343 DEBUG content 33926 73b999b5-379a-4d7f-8d62-1796f120dce3 Processing reference: OutboundIntegration.forum
2026-06-03 01:29:43.343 DEBUG content 33926 73b999b5-379a-4d7f-8d62-1796f120dce3 Processing reference: OutboundIntegration.integrationOutputsAsTypedValue
2026-06-03 01:29:43.343 DEBUG content 33926 73b999b5-379a-4d7f-8d62-1796f120dce3 Processing reference: TypedVariable[name=processId_int,it=1,v=<null>]
2026-06-03 01:29:43.344 DEBUG content 33926 73b999b5-379a-4d7f-8d62-1796f120dce3 Processing reference: TypedVariable[name=subProcessId_int,it=1,v=<null>]
2026-06-03 01:29:43.344 DEBUG content 33926 73b999b5-379a-4d7f-8d62-1796f120dce3 Processing reference: TypedVariable[name=startDate_dat,it=3,v=]
2026-06-03 01:29:43.344 DEBUG content 33926 73b999b5-379a-4d7f-8d62-1796f120dce3 Processing reference: TypedVariable[name=endDate_dat,it=3,v=]
2026-06-03 01:29:43.344 DEBUG content 33926 73b999b5-379a-4d7f-8d62-1796f120dce3 Processing reference: TypedVariable[name=folioNumber_text,it=3,v=]
2026-06-03 01:29:43.344 DEBUG content 33926 73b999b5-379a-4d7f-8d62-1796f120dce3 Processing reference: TypedVariable[name=page_int,it=1,v=<null>]
2026-06-03 01:29:43.344 DEBUG content 33926 73b999b5-379a-4d7f-8d62-1796f120dce3 Processing reference: TypedVariable[name=limit_int,it=1,v=<null>]
2026-06-03 01:29:43.344 DEBUG content 33926 73b999b5-379a-4d7f-8d62-1796f120dce3 Processing reference: OutboundIntegration.parent
2026-06-03 01:29:43.346 DEBUG content 33926 73b999b5-379a-4d7f-8d62-1796f120dce3 Processing reference: com.appiancorp.suiteapi.content.ContentRoleMap@745e317c[
  ContentRole[name=readers,inherit=true,allowForAll=false]
  ContentRole[name=authors,inherit=true,allowForAll=false]
  ContentRole[name=administrators,inherit=true,allowForAll=false]
  ContentRole[name=denyReaders,inherit=false,allowForAll=false]
  ContentRole[name=denyAuthors,inherit=false,allowForAll=false]
  ContentRole[name=denyAdministrators,inherit=false,allowForAll=false]
  securityVector=15:SEC_PUBLIC=true,SEC_CREATOR_ADMIN=false,SEC_INH_ADMIN=true,SEC_INH_EDITOR=true,SEC_INH_VIEWER=true,SEC_ALL_ADMIN=false,SEC_ALL_EDITOR=false,SEC_ALL_VIEWER=false
]
2026-06-03 01:29:43.346 DEBUG content 33926 73b999b5-379a-4d7f-8d62-1796f120dce3 Processing reference: ContentRole[name=readers,inherit=true,allowForAll=false]
2026-06-03 01:29:43.346 DEBUG content 33926 73b999b5-379a-4d7f-8d62-1796f120dce3 Processing reference: ContentRole[name=authors,inherit=true,allowForAll=false]
2026-06-03 01:29:43.346 DEBUG content 33926 73b999b5-379a-4d7f-8d62-1796f120dce3 Processing reference: ContentRole[name=administrators,inherit=true,allowForAll=false]
2026-06-03 01:29:43.346 DEBUG content 33926 73b999b5-379a-4d7f-8d62-1796f120dce3 Processing reference: ContentRole[name=denyReaders,inherit=false,allowForAll=false]
2026-06-03 01:29:43.346 DEBUG content 33926 73b999b5-379a-4d7f-8d62-1796f120dce3 Processing reference: ContentRole[name=denyAuthors,inherit=false,allowForAll=false]
2026-06-03 01:29:43.346 DEBUG content 33926 73b999b5-379a-4d7f-8d62-1796f120dce3 Processing reference: ContentRole[name=denyAdministrators,inherit=false,allowForAll=false]
2026-06-03 01:29:43.347 DEBUG content 33926 73b999b5-379a-4d7f-8d62-1796f120dce3 Exporting binary resources.
2026-06-03 01:29:43.347 DEBUG content 33926 73b999b5-379a-4d7f-8d62-1796f120dce3 Serializing object to XML.
2026-06-03 01:29:43.351 DEBUG content 33926 73b999b5-379a-4d7f-8d62-1796f120dce3 Object transported.
2026-06-03 01:29:43.351 DEBUG content 33927 a1058566-53a4-4e42-bc7d-12b2e918b3ba Begin transport.
2026-06-03 01:29:43.351 DEBUG content 33927 a1058566-53a4-4e42-bc7d-12b2e918b3ba Retrieving object data.
2026-06-03 01:29:43.36 DEBUG content 33927 a1058566-53a4-4e42-bc7d-12b2e918b3ba Setting uuids of object references.
2026-06-03 01:29:43.36 DEBUG content 33927 a1058566-53a4-4e42-bc7d-12b2e918b3ba Processing reference: [Content:id=7038,versionId=-1,name=NCI_OPER_getCustomerInfoDetail,type=32,subtype=5,uuid=a1058566-53a4-4e42-bc7d-12b2e918b3ba,parent=1660]
2026-06-03 01:29:43.368 DEBUG content 33927 a1058566-53a4-4e42-bc7d-12b2e918b3ba Processing reference: OutboundIntegration.forum
2026-06-03 01:29:43.368 DEBUG content 33927 a1058566-53a4-4e42-bc7d-12b2e918b3ba Processing reference: OutboundIntegration.integrationOutputsAsTypedValue
2026-06-03 01:29:43.368 DEBUG content 33927 a1058566-53a4-4e42-bc7d-12b2e918b3ba Processing reference: TypedVariable[name=ctaNssCurp,it=3,v=]
2026-06-03 01:29:43.368 DEBUG content 33927 a1058566-53a4-4e42-bc7d-12b2e918b3ba Processing reference: OutboundIntegration.parent
2026-06-03 01:29:43.37 DEBUG content 33927 a1058566-53a4-4e42-bc7d-12b2e918b3ba Processing reference: com.appiancorp.suiteapi.content.ContentRoleMap@48a8464e[
  ContentRole[name=readers,inherit=true,allowForAll=false]
  ContentRole[name=authors,inherit=true,allowForAll=false]
  ContentRole[name=administrators,inherit=true,allowForAll=false]
  ContentRole[name=denyReaders,inherit=false,allowForAll=false]
  ContentRole[name=denyAuthors,inherit=false,allowForAll=false]
  ContentRole[name=denyAdministrators,inherit=false,allowForAll=false]
  securityVector=15:SEC_PUBLIC=true,SEC_CREATOR_ADMIN=false,SEC_INH_ADMIN=true,SEC_INH_EDITOR=true,SEC_INH_VIEWER=true,SEC_ALL_ADMIN=false,SEC_ALL_EDITOR=false,SEC_ALL_VIEWER=false
]
2026-06-03 01:29:43.37 DEBUG content 33927 a1058566-53a4-4e42-bc7d-12b2e918b3ba Processing reference: ContentRole[name=readers,inherit=true,allowForAll=false]
2026-06-03 01:29:43.37 DEBUG content 33927 a1058566-53a4-4e42-bc7d-12b2e918b3ba Processing reference: ContentRole[name=authors,inherit=true,allowForAll=false]
2026-06-03 01:29:43.371 DEBUG content 33927 a1058566-53a4-4e42-bc7d-12b2e918b3ba Processing reference: ContentRole[name=administrators,inherit=true,allowForAll=false]
2026-06-03 01:29:43.371 DEBUG content 33927 a1058566-53a4-4e42-bc7d-12b2e918b3ba Processing reference: ContentRole[name=denyReaders,inherit=false,allowForAll=false]
2026-06-03 01:29:43.371 DEBUG content 33927 a1058566-53a4-4e42-bc7d-12b2e918b3ba Processing reference: ContentRole[name=denyAuthors,inherit=false,allowForAll=false]
2026-06-03 01:29:43.371 DEBUG content 33927 a1058566-53a4-4e42-bc7d-12b2e918b3ba Processing reference: ContentRole[name=denyAdministrators,inherit=false,allowForAll=false]
2026-06-03 01:29:43.371 DEBUG content 33927 a1058566-53a4-4e42-bc7d-12b2e918b3ba Exporting binary resources.
2026-06-03 01:29:43.371 DEBUG content 33927 a1058566-53a4-4e42-bc7d-12b2e918b3ba Serializing object to XML.
2026-06-03 01:29:43.374 DEBUG content 33927 a1058566-53a4-4e42-bc7d-12b2e918b3ba Object transported.
2026-06-03 01:29:43.374 DEBUG content 33928 3a3a5ee7-8413-43cc-89d1-6680ff758f9f Begin transport.
2026-06-03 01:29:43.374 DEBUG content 33928 3a3a5ee7-8413-43cc-89d1-6680ff758f9f Retrieving object data.
2026-06-03 01:29:43.382 DEBUG content 33928 3a3a5ee7-8413-43cc-89d1-6680ff758f9f Setting uuids of object references.
2026-06-03 01:29:43.382 DEBUG content 33928 3a3a5ee7-8413-43cc-89d1-6680ff758f9f Processing reference: [Content:id=3602,versionId=-1,name=NCI_OPER_CustomersProcessTracking,type=32,subtype=5,uuid=3a3a5ee7-8413-43cc-89d1-6680ff758f9f,parent=1660]
2026-06-03 01:29:43.39 DEBUG content 33928 3a3a5ee7-8413-43cc-89d1-6680ff758f9f Processing reference: OutboundIntegration.forum
2026-06-03 01:29:43.39 DEBUG content 33928 3a3a5ee7-8413-43cc-89d1-6680ff758f9f Processing reference: OutboundIntegration.integrationOutputsAsTypedValue
2026-06-03 01:29:43.391 DEBUG content 33928 3a3a5ee7-8413-43cc-89d1-6680ff758f9f Processing reference: TypedVariable[name=customerCorrelationId_txt,it=3,v=]
2026-06-03 01:29:43.391 DEBUG content 33928 3a3a5ee7-8413-43cc-89d1-6680ff758f9f Processing reference: TypedVariable[name=page,it=1,v=<null>]
2026-06-03 01:29:43.391 DEBUG content 33928 3a3a5ee7-8413-43cc-89d1-6680ff758f9f Processing reference: TypedVariable[name=limit,it=1,v=<null>]
2026-06-03 01:29:43.391 DEBUG content 33928 3a3a5ee7-8413-43cc-89d1-6680ff758f9f Processing reference: OutboundIntegration.parent
2026-06-03 01:29:43.393 DEBUG content 33928 3a3a5ee7-8413-43cc-89d1-6680ff758f9f Processing reference: com.appiancorp.suiteapi.content.ContentRoleMap@2dfef2d0[
  ContentRole[name=readers,inherit=true,allowForAll=false]
  ContentRole[name=authors,inherit=true,allowForAll=false]
  ContentRole[name=administrators,inherit=true,allowForAll=false]
  ContentRole[name=denyReaders,inherit=false,allowForAll=false]
  ContentRole[name=denyAuthors,inherit=false,allowForAll=false]
  ContentRole[name=denyAdministrators,inherit=false,allowForAll=false]
  securityVector=15:SEC_PUBLIC=true,SEC_CREATOR_ADMIN=false,SEC_INH_ADMIN=true,SEC_INH_EDITOR=true,SEC_INH_VIEWER=true,SEC_ALL_ADMIN=false,SEC_ALL_EDITOR=false,SEC_ALL_VIEWER=false
]
2026-06-03 01:29:43.393 DEBUG content 33928 3a3a5ee7-8413-43cc-89d1-6680ff758f9f Processing reference: ContentRole[name=readers,inherit=true,allowForAll=false]
2026-06-03 01:29:43.393 DEBUG content 33928 3a3a5ee7-8413-43cc-89d1-6680ff758f9f Processing reference: ContentRole[name=authors,inherit=true,allowForAll=false]
2026-06-03 01:29:43.393 DEBUG content 33928 3a3a5ee7-8413-43cc-89d1-6680ff758f9f Processing reference: ContentRole[name=administrators,inherit=true,allowForAll=false]
2026-06-03 01:29:43.393 DEBUG content 33928 3a3a5ee7-8413-43cc-89d1-6680ff758f9f Processing reference: ContentRole[name=denyReaders,inherit=false,allowForAll=false]
2026-06-03 01:29:43.393 DEBUG content 33928 3a3a5ee7-8413-43cc-89d1-6680ff758f9f Processing reference: ContentRole[name=denyAuthors,inherit=false,allowForAll=false]
2026-06-03 01:29:43.393 DEBUG content 33928 3a3a5ee7-8413-43cc-89d1-6680ff758f9f Processing reference: ContentRole[name=denyAdministrators,inherit=false,allowForAll=false]
2026-06-03 01:29:43.394 DEBUG content 33928 3a3a5ee7-8413-43cc-89d1-6680ff758f9f Exporting binary resources.
2026-06-03 01:29:43.394 DEBUG content 33928 3a3a5ee7-8413-43cc-89d1-6680ff758f9f Serializing object to XML.
2026-06-03 01:29:43.409 DEBUG content 33928 3a3a5ee7-8413-43cc-89d1-6680ff758f9f Object transported.
2026-06-03 01:29:43.409 DEBUG content 33929 bf7e38ad-85ff-4372-a790-1d16c3e24ebf Begin transport.
2026-06-03 01:29:43.409 DEBUG content 33929 bf7e38ad-85ff-4372-a790-1d16c3e24ebf Retrieving object data.
2026-06-03 01:29:43.418 DEBUG content 33929 bf7e38ad-85ff-4372-a790-1d16c3e24ebf Setting uuids of object references.
2026-06-03 01:29:43.418 DEBUG content 33929 bf7e38ad-85ff-4372-a790-1d16c3e24ebf Processing reference: [Content:id=7149,versionId=-1,name=NCI_OPER_getFamilySubaccounts,type=32,subtype=5,uuid=bf7e38ad-85ff-4372-a790-1d16c3e24ebf,parent=1660]
2026-06-03 01:29:43.426 DEBUG content 33929 bf7e38ad-85ff-4372-a790-1d16c3e24ebf Processing reference: OutboundIntegration.forum
2026-06-03 01:29:43.426 DEBUG content 33929 bf7e38ad-85ff-4372-a790-1d16c3e24ebf Processing reference: OutboundIntegration.integrationOutputsAsTypedValue
2026-06-03 01:29:43.426 DEBUG content 33929 bf7e38ad-85ff-4372-a790-1d16c3e24ebf Processing reference: TypedVariable[name=regimen_txt,it=3,v=]
2026-06-03 01:29:43.426 DEBUG content 33929 bf7e38ad-85ff-4372-a790-1d16c3e24ebf Processing reference: OutboundIntegration.parent
2026-06-03 01:29:43.429 DEBUG content 33929 bf7e38ad-85ff-4372-a790-1d16c3e24ebf Processing reference: com.appiancorp.suiteapi.content.ContentRoleMap@7ff339ec[
  ContentRole[name=readers,inherit=true,allowForAll=false]
  ContentRole[name=authors,inherit=true,allowForAll=false]
  ContentRole[name=administrators,inherit=true,allowForAll=false]
  ContentRole[name=denyReaders,inherit=false,allowForAll=false]
  ContentRole[name=denyAuthors,inherit=false,allowForAll=false]
  ContentRole[name=denyAdministrators,inherit=false,allowForAll=false]
  securityVector=15:SEC_PUBLIC=true,SEC_CREATOR_ADMIN=false,SEC_INH_ADMIN=true,SEC_INH_EDITOR=true,SEC_INH_VIEWER=true,SEC_ALL_ADMIN=false,SEC_ALL_EDITOR=false,SEC_ALL_VIEWER=false
]
2026-06-03 01:29:43.429 DEBUG content 33929 bf7e38ad-85ff-4372-a790-1d16c3e24ebf Processing reference: ContentRole[name=readers,inherit=true,allowForAll=false]
2026-06-03 01:29:43.429 DEBUG content 33929 bf7e38ad-85ff-4372-a790-1d16c3e24ebf Processing reference: ContentRole[name=authors,inherit=true,allowForAll=false]
2026-06-03 01:29:43.429 DEBUG content 33929 bf7e38ad-85ff-4372-a790-1d16c3e24ebf Processing reference: ContentRole[name=administrators,inherit=true,allowForAll=false]
2026-06-03 01:29:43.429 DEBUG content 33929 bf7e38ad-85ff-4372-a790-1d16c3e24ebf Processing reference: ContentRole[name=denyReaders,inherit=false,allowForAll=false]
2026-06-03 01:29:43.429 DEBUG content 33929 bf7e38ad-85ff-4372-a790-1d16c3e24ebf Processing reference: ContentRole[name=denyAuthors,inherit=false,allowForAll=false]
2026-06-03 01:29:43.429 DEBUG content 33929 bf7e38ad-85ff-4372-a790-1d16c3e24ebf Processing reference: ContentRole[name=denyAdministrators,inherit=false,allowForAll=false]
2026-06-03 01:29:43.429 DEBUG content 33929 bf7e38ad-85ff-4372-a790-1d16c3e24ebf Exporting binary resources.
2026-06-03 01:29:43.429 DEBUG content 33929 bf7e38ad-85ff-4372-a790-1d16c3e24ebf Serializing object to XML.
2026-06-03 01:29:43.431 DEBUG content 33929 bf7e38ad-85ff-4372-a790-1d16c3e24ebf Object transported.
2026-06-03 01:29:43.431 DEBUG content 33930 bbef43f4-e093-4e1c-b47b-ca32a0b205e8 Begin transport.
2026-06-03 01:29:43.431 DEBUG content 33930 bbef43f4-e093-4e1c-b47b-ca32a0b205e8 Retrieving object data.
2026-06-03 01:29:43.439 DEBUG content 33930 bbef43f4-e093-4e1c-b47b-ca32a0b205e8 Setting uuids of object references.
2026-06-03 01:29:43.439 DEBUG content 33930 bbef43f4-e093-4e1c-b47b-ca32a0b205e8 Processing reference: [Content:id=2066,versionId=-1,name=NCI_OPER_FolioGenerate,type=32,subtype=5,uuid=bbef43f4-e093-4e1c-b47b-ca32a0b205e8,parent=1660]
2026-06-03 01:29:43.447 DEBUG content 33930 bbef43f4-e093-4e1c-b47b-ca32a0b205e8 Processing reference: OutboundIntegration.forum
2026-06-03 01:29:43.447 DEBUG content 33930 bbef43f4-e093-4e1c-b47b-ca32a0b205e8 Processing reference: OutboundIntegration.integrationOutputsAsTypedValue
2026-06-03 01:29:43.447 DEBUG content 33930 bbef43f4-e093-4e1c-b47b-ca32a0b205e8 Processing reference: TypedVariable[name=processId_int,it=1,v=<null>]
2026-06-03 01:29:43.447 DEBUG content 33930 bbef43f4-e093-4e1c-b47b-ca32a0b205e8 Processing reference: TypedVariable[name=subprocessId_int,it=1,v=<null>]
2026-06-03 01:29:43.447 DEBUG content 33930 bbef43f4-e093-4e1c-b47b-ca32a0b205e8 Processing reference: TypedVariable[name=channelId,it=1,v=<null>]
2026-06-03 01:29:43.447 DEBUG content 33930 bbef43f4-e093-4e1c-b47b-ca32a0b205e8 Processing reference: TypedVariable[name=onSuccess,it=97,v=<null>]
2026-06-03 01:29:43.447 DEBUG content 33930 bbef43f4-e093-4e1c-b47b-ca32a0b205e8 Processing reference: TypedVariable[name=onError,it=97,v=<null>]
2026-06-03 01:29:43.447 DEBUG content 33930 bbef43f4-e093-4e1c-b47b-ca32a0b205e8 Processing reference: OutboundIntegration.parent
2026-06-03 01:29:43.45 DEBUG content 33930 bbef43f4-e093-4e1c-b47b-ca32a0b205e8 Processing reference: com.appiancorp.suiteapi.content.ContentRoleMap@2bb72119[
  ContentRole[name=readers,inherit=true,allowForAll=false]
  ContentRole[name=authors,inherit=true,allowForAll=false]
  ContentRole[name=administrators,inherit=true,allowForAll=false]
  ContentRole[name=denyReaders,inherit=false,allowForAll=false]
  ContentRole[name=denyAuthors,inherit=false,allowForAll=false]
  ContentRole[name=denyAdministrators,inherit=false,allowForAll=false]
  securityVector=15:SEC_PUBLIC=true,SEC_CREATOR_ADMIN=false,SEC_INH_ADMIN=true,SEC_INH_EDITOR=true,SEC_INH_VIEWER=true,SEC_ALL_ADMIN=false,SEC_ALL_EDITOR=false,SEC_ALL_VIEWER=false
]
2026-06-03 01:29:43.451 DEBUG content 33930 bbef43f4-e093-4e1c-b47b-ca32a0b205e8 Processing reference: ContentRole[name=readers,inherit=true,allowForAll=false]
2026-06-03 01:29:43.451 DEBUG content 33930 bbef43f4-e093-4e1c-b47b-ca32a0b205e8 Processing reference: ContentRole[name=authors,inherit=true,allowForAll=false]
2026-06-03 01:29:43.451 DEBUG content 33930 bbef43f4-e093-4e1c-b47b-ca32a0b205e8 Processing reference: ContentRole[name=administrators,inherit=true,allowForAll=false]
2026-06-03 01:29:43.451 DEBUG content 33930 bbef43f4-e093-4e1c-b47b-ca32a0b205e8 Processing reference: ContentRole[name=denyReaders,inherit=false,allowForAll=false]
2026-06-03 01:29:43.451 DEBUG content 33930 bbef43f4-e093-4e1c-b47b-ca32a0b205e8 Processing reference: ContentRole[name=denyAuthors,inherit=false,allowForAll=false]
2026-06-03 01:29:43.451 DEBUG content 33930 bbef43f4-e093-4e1c-b47b-ca32a0b205e8 Processing reference: ContentRole[name=denyAdministrators,inherit=false,allowForAll=false]
2026-06-03 01:29:43.452 DEBUG content 33930 bbef43f4-e093-4e1c-b47b-ca32a0b205e8 Exporting binary resources.
2026-06-03 01:29:43.452 DEBUG content 33930 bbef43f4-e093-4e1c-b47b-ca32a0b205e8 Serializing object to XML.
2026-06-03 01:29:43.456 DEBUG content 33930 bbef43f4-e093-4e1c-b47b-ca32a0b205e8 Object transported.
2026-06-03 01:29:43.456 DEBUG content 33931 93747358-d471-4405-9d93-d1d09aab2223 Begin transport.
2026-06-03 01:29:43.456 DEBUG content 33931 93747358-d471-4405-9d93-d1d09aab2223 Retrieving object data.
2026-06-03 01:29:43.466 DEBUG content 33931 93747358-d471-4405-9d93-d1d09aab2223 Setting uuids of object references.
2026-06-03 01:29:43.466 DEBUG content 33931 93747358-d471-4405-9d93-d1d09aab2223 Processing reference: [Content:id=6775,versionId=-1,name=NCI_OPER_getMovimientosPrevRel,type=32,subtype=5,uuid=93747358-d471-4405-9d93-d1d09aab2223,parent=1660]
2026-06-03 01:29:43.476 DEBUG content 33931 93747358-d471-4405-9d93-d1d09aab2223 Processing reference: OutboundIntegration.forum
2026-06-03 01:29:43.477 DEBUG content 33931 93747358-d471-4405-9d93-d1d09aab2223 Processing reference: OutboundIntegration.integrationOutputsAsTypedValue
2026-06-03 01:29:43.477 DEBUG content 33931 93747358-d471-4405-9d93-d1d09aab2223 Processing reference: TypedVariable[name=folio_txt,it=3,v=]
2026-06-03 01:29:43.477 DEBUG content 33931 93747358-d471-4405-9d93-d1d09aab2223 Processing reference: OutboundIntegration.parent
2026-06-03 01:29:43.48 DEBUG content 33931 93747358-d471-4405-9d93-d1d09aab2223 Processing reference: com.appiancorp.suiteapi.content.ContentRoleMap@248f35d6[
  ContentRole[name=readers,inherit=true,allowForAll=false]
  ContentRole[name=authors,inherit=true,allowForAll=false]
  ContentRole[name=administrators,inherit=true,allowForAll=false]
  ContentRole[name=denyReaders,inherit=false,allowForAll=false]
  ContentRole[name=denyAuthors,inherit=false,allowForAll=false]
  ContentRole[name=denyAdministrators,inherit=false,allowForAll=false]
  securityVector=15:SEC_PUBLIC=true,SEC_CREATOR_ADMIN=false,SEC_INH_ADMIN=true,SEC_INH_EDITOR=true,SEC_INH_VIEWER=true,SEC_ALL_ADMIN=false,SEC_ALL_EDITOR=false,SEC_ALL_VIEWER=false
]
2026-06-03 01:29:43.48 DEBUG content 33931 93747358-d471-4405-9d93-d1d09aab2223 Processing reference: ContentRole[name=readers,inherit=true,allowForAll=false]
2026-06-03 01:29:43.48 DEBUG content 33931 93747358-d471-4405-9d93-d1d09aab2223 Processing reference: ContentRole[name=authors,inherit=true,allowForAll=false]
2026-06-03 01:29:43.48 DEBUG content 33931 93747358-d471-4405-9d93-d1d09aab2223 Processing reference: ContentRole[name=administrators,inherit=true,allowForAll=false]
2026-06-03 01:29:43.48 DEBUG content 33931 93747358-d471-4405-9d93-d1d09aab2223 Processing reference: ContentRole[name=denyReaders,inherit=false,allowForAll=false]
2026-06-03 01:29:43.48 DEBUG content 33931 93747358-d471-4405-9d93-d1d09aab2223 Processing reference: ContentRole[name=denyAuthors,inherit=false,allowForAll=false]
2026-06-03 01:29:43.48 DEBUG content 33931 93747358-d471-4405-9d93-d1d09aab2223 Processing reference: ContentRole[name=denyAdministrators,inherit=false,allowForAll=false]
2026-06-03 01:29:43.48 DEBUG content 33931 93747358-d471-4405-9d93-d1d09aab2223 Exporting binary resources.
2026-06-03 01:29:43.48 DEBUG content 33931 93747358-d471-4405-9d93-d1d09aab2223 Serializing object to XML.
2026-06-03 01:29:43.483 DEBUG content 33931 93747358-d471-4405-9d93-d1d09aab2223 Object transported.
2026-06-03 01:29:43.483 DEBUG content 33932 e81641c0-baf7-43e5-9936-b21405e5c1ba Begin transport.
2026-06-03 01:29:43.483 DEBUG content 33932 e81641c0-baf7-43e5-9936-b21405e5c1ba Retrieving object data.
2026-06-03 01:29:43.492 DEBUG content 33932 e81641c0-baf7-43e5-9936-b21405e5c1ba Setting uuids of object references.
2026-06-03 01:29:43.492 DEBUG content 33932 e81641c0-baf7-43e5-9936-b21405e5c1ba Processing reference: [Content:id=6023,versionId=-1,name=NCI_OPER_getInsuficienciadeSaldos,type=32,subtype=5,uuid=e81641c0-baf7-43e5-9936-b21405e5c1ba,parent=1660]
2026-06-03 01:29:43.505 DEBUG content 33932 e81641c0-baf7-43e5-9936-b21405e5c1ba Processing reference: OutboundIntegration.forum
2026-06-03 01:29:43.505 DEBUG content 33932 e81641c0-baf7-43e5-9936-b21405e5c1ba Processing reference: OutboundIntegration.integrationOutputsAsTypedValue
2026-06-03 01:29:43.505 DEBUG content 33932 e81641c0-baf7-43e5-9936-b21405e5c1ba Processing reference: TypedVariable[name=data_map,it=252,v=<null>]
2026-06-03 01:29:43.505 DEBUG content 33932 e81641c0-baf7-43e5-9936-b21405e5c1ba Processing reference: OutboundIntegration.parent
2026-06-03 01:29:43.508 DEBUG content 33932 e81641c0-baf7-43e5-9936-b21405e5c1ba Processing reference: com.appiancorp.suiteapi.content.ContentRoleMap@4bdb19e9[
  ContentRole[name=readers,inherit=true,allowForAll=false]
  ContentRole[name=authors,inherit=true,allowForAll=false]
  ContentRole[name=administrators,inherit=true,allowForAll=false]
  ContentRole[name=denyReaders,inherit=false,allowForAll=false]
  ContentRole[name=denyAuthors,inherit=false,allowForAll=false]
  ContentRole[name=denyAdministrators,inherit=false,allowForAll=false]
  securityVector=15:SEC_PUBLIC=true,SEC_CREATOR_ADMIN=false,SEC_INH_ADMIN=true,SEC_INH_EDITOR=true,SEC_INH_VIEWER=true,SEC_ALL_ADMIN=false,SEC_ALL_EDITOR=false,SEC_ALL_VIEWER=false
]
2026-06-03 01:29:43.508 DEBUG content 33932 e81641c0-baf7-43e5-9936-b21405e5c1ba Processing reference: ContentRole[name=readers,inherit=true,allowForAll=false]
2026-06-03 01:29:43.508 DEBUG content 33932 e81641c0-baf7-43e5-9936-b21405e5c1ba Processing reference: ContentRole[name=authors,inherit=true,allowForAll=false]
2026-06-03 01:29:43.508 DEBUG content 33932 e81641c0-baf7-43e5-9936-b21405e5c1ba Processing reference: ContentRole[name=administrators,inherit=true,allowForAll=false]
2026-06-03 01:29:43.508 DEBUG content 33932 e81641c0-baf7-43e5-9936-b21405e5c1ba Processing reference: ContentRole[name=denyReaders,inherit=false,allowForAll=false]
2026-06-03 01:29:43.508 DEBUG content 33932 e81641c0-baf7-43e5-9936-b21405e5c1ba Processing reference: ContentRole[name=denyAuthors,inherit=false,allowForAll=false]
2026-06-03 01:29:43.508 DEBUG content 33932 e81641c0-baf7-43e5-9936-b21405e5c1ba Processing reference: ContentRole[name=denyAdministrators,inherit=false,allowForAll=false]
2026-06-03 01:29:43.509 DEBUG content 33932 e81641c0-baf7-43e5-9936-b21405e5c1ba Exporting binary resources.
2026-06-03 01:29:43.509 DEBUG content 33932 e81641c0-baf7-43e5-9936-b21405e5c1ba Serializing object to XML.
2026-06-03 01:29:43.513 DEBUG content 33932 e81641c0-baf7-43e5-9936-b21405e5c1ba Object transported.
2026-06-03 01:29:43.513 DEBUG content 33933 cefdd441-7704-4c3d-b4df-0adfac239e9d Begin transport.
2026-06-03 01:29:43.513 DEBUG content 33933 cefdd441-7704-4c3d-b4df-0adfac239e9d Retrieving object data.
2026-06-03 01:29:43.524 DEBUG content 33933 cefdd441-7704-4c3d-b4df-0adfac239e9d Setting uuids of object references.
2026-06-03 01:29:43.524 DEBUG content 33933 cefdd441-7704-4c3d-b4df-0adfac239e9d Processing reference: [Content:id=6024,versionId=-1,name=NCI_OPER_getMovimientosPrevios,type=32,subtype=5,uuid=cefdd441-7704-4c3d-b4df-0adfac239e9d,parent=1660]
2026-06-03 01:29:43.534 DEBUG content 33933 cefdd441-7704-4c3d-b4df-0adfac239e9d Processing reference: OutboundIntegration.forum
2026-06-03 01:29:43.534 DEBUG content 33933 cefdd441-7704-4c3d-b4df-0adfac239e9d Processing reference: OutboundIntegration.integrationOutputsAsTypedValue
2026-06-03 01:29:43.534 DEBUG content 33933 cefdd441-7704-4c3d-b4df-0adfac239e9d Processing reference: TypedVariable[name=instance,it=1,v=<null>]
2026-06-03 01:29:43.534 DEBUG content 33933 cefdd441-7704-4c3d-b4df-0adfac239e9d Processing reference: TypedVariable[name=folioNumbers,it=3,v=]
2026-06-03 01:29:43.534 DEBUG content 33933 cefdd441-7704-4c3d-b4df-0adfac239e9d Processing reference: OutboundIntegration.parent
2026-06-03 01:29:43.538 DEBUG content 33933 cefdd441-7704-4c3d-b4df-0adfac239e9d Processing reference: com.appiancorp.suiteapi.content.ContentRoleMap@15c26ff1[
  ContentRole[name=readers,inherit=true,allowForAll=false]
  ContentRole[name=authors,inherit=true,allowForAll=false]
  ContentRole[name=administrators,inherit=true,allowForAll=false]
  ContentRole[name=denyReaders,inherit=false,allowForAll=false]
  ContentRole[name=denyAuthors,inherit=false,allowForAll=false]
  ContentRole[name=denyAdministrators,inherit=false,allowForAll=false]
  securityVector=15:SEC_PUBLIC=true,SEC_CREATOR_ADMIN=false,SEC_INH_ADMIN=true,SEC_INH_EDITOR=true,SEC_INH_VIEWER=true,SEC_ALL_ADMIN=false,SEC_ALL_EDITOR=false,SEC_ALL_VIEWER=false
]
2026-06-03 01:29:43.538 DEBUG content 33933 cefdd441-7704-4c3d-b4df-0adfac239e9d Processing reference: ContentRole[name=readers,inherit=true,allowForAll=false]
2026-06-03 01:29:43.538 DEBUG content 33933 cefdd441-7704-4c3d-b4df-0adfac239e9d Processing reference: ContentRole[name=authors,inherit=true,allowForAll=false]
2026-06-03 01:29:43.538 DEBUG content 33933 cefdd441-7704-4c3d-b4df-0adfac239e9d Processing reference: ContentRole[name=administrators,inherit=true,allowForAll=false]
2026-06-03 01:29:43.538 DEBUG content 33933 cefdd441-7704-4c3d-b4df-0adfac239e9d Processing reference: ContentRole[name=denyReaders,inherit=false,allowForAll=false]
2026-06-03 01:29:43.538 DEBUG content 33933 cefdd441-7704-4c3d-b4df-0adfac239e9d Processing reference: ContentRole[name=denyAuthors,inherit=false,allowForAll=false]
2026-06-03 01:29:43.538 DEBUG content 33933 cefdd441-7704-4c3d-b4df-0adfac239e9d Processing reference: ContentRole[name=denyAdministrators,inherit=false,allowForAll=false]
2026-06-03 01:29:43.539 DEBUG content 33933 cefdd441-7704-4c3d-b4df-0adfac239e9d Exporting binary resources.
2026-06-03 01:29:43.539 DEBUG content 33933 cefdd441-7704-4c3d-b4df-0adfac239e9d Serializing object to XML.
2026-06-03 01:29:43.542 DEBUG content 33933 cefdd441-7704-4c3d-b4df-0adfac239e9d Object transported.
2026-06-03 01:29:43.542 DEBUG content 33934 f2e378a3-2278-4892-8c4a-611ff93ce898 Begin transport.
2026-06-03 01:29:43.542 DEBUG content 33934 f2e378a3-2278-4892-8c4a-611ff93ce898 Retrieving object data.
2026-06-03 01:29:43.553 DEBUG content 33934 f2e378a3-2278-4892-8c4a-611ff93ce898 Setting uuids of object references.
2026-06-03 01:29:43.553 DEBUG content 33934 f2e378a3-2278-4892-8c4a-611ff93ce898 Processing reference: [Content:id=5537,versionId=-1,name=NCI_OPER_GetAportacionesCCbySiefore,type=32,subtype=5,uuid=f2e378a3-2278-4892-8c4a-611ff93ce898,parent=1660]
2026-06-03 01:29:43.562 DEBUG content 33934 f2e378a3-2278-4892-8c4a-611ff93ce898 Processing reference: OutboundIntegration.forum
2026-06-03 01:29:43.562 DEBUG content 33934 f2e378a3-2278-4892-8c4a-611ff93ce898 Processing reference: OutboundIntegration.integrationOutputsAsTypedValue
2026-06-03 01:29:43.562 DEBUG content 33934 f2e378a3-2278-4892-8c4a-611ff93ce898 Processing reference: TypedVariable[name=folio,it=3,v=]
2026-06-03 01:29:43.562 DEBUG content 33934 f2e378a3-2278-4892-8c4a-611ff93ce898 Processing reference: TypedVariable[name=fileId,it=3,v=]
2026-06-03 01:29:43.562 DEBUG content 33934 f2e378a3-2278-4892-8c4a-611ff93ce898 Processing reference: TypedVariable[name=depositTypes,it=3,v=]
2026-06-03 01:29:43.562 DEBUG content 33934 f2e378a3-2278-4892-8c4a-611ff93ce898 Processing reference: OutboundIntegration.parent
2026-06-03 01:29:43.565 DEBUG content 33934 f2e378a3-2278-4892-8c4a-611ff93ce898 Processing reference: com.appiancorp.suiteapi.content.ContentRoleMap@7137174[
  ContentRole[name=readers,inherit=true,allowForAll=false]
  ContentRole[name=authors,inherit=true,allowForAll=false]
  ContentRole[name=administrators,inherit=true,allowForAll=false]
  ContentRole[name=denyReaders,inherit=false,allowForAll=false]
  ContentRole[name=denyAuthors,inherit=false,allowForAll=false]
  ContentRole[name=denyAdministrators,inherit=false,allowForAll=false]
  securityVector=15:SEC_PUBLIC=true,SEC_CREATOR_ADMIN=false,SEC_INH_ADMIN=true,SEC_INH_EDITOR=true,SEC_INH_VIEWER=true,SEC_ALL_ADMIN=false,SEC_ALL_EDITOR=false,SEC_ALL_VIEWER=false
]
2026-06-03 01:29:43.565 DEBUG content 33934 f2e378a3-2278-4892-8c4a-611ff93ce898 Processing reference: ContentRole[name=readers,inherit=true,allowForAll=false]
2026-06-03 01:29:43.565 DEBUG content 33934 f2e378a3-2278-4892-8c4a-611ff93ce898 Processing reference: ContentRole[name=authors,inherit=true,allowForAll=false]
2026-06-03 01:29:43.565 DEBUG content 33934 f2e378a3-2278-4892-8c4a-611ff93ce898 Processing reference: ContentRole[name=administrators,inherit=true,allowForAll=false]
2026-06-03 01:29:43.565 DEBUG content 33934 f2e378a3-2278-4892-8c4a-611ff93ce898 Processing reference: ContentRole[name=denyReaders,inherit=false,allowForAll=false]
2026-06-03 01:29:43.565 DEBUG content 33934 f2e378a3-2278-4892-8c4a-611ff93ce898 Processing reference: ContentRole[name=denyAuthors,inherit=false,allowForAll=false]
2026-06-03 01:29:43.565 DEBUG content 33934 f2e378a3-2278-4892-8c4a-611ff93ce898 Processing reference: ContentRole[name=denyAdministrators,inherit=false,allowForAll=false]
2026-06-03 01:29:43.566 DEBUG content 33934 f2e378a3-2278-4892-8c4a-611ff93ce898 Exporting binary resources.
2026-06-03 01:29:43.566 DEBUG content 33934 f2e378a3-2278-4892-8c4a-611ff93ce898 Serializing object to XML.
2026-06-03 01:29:43.569 DEBUG content 33934 f2e378a3-2278-4892-8c4a-611ff93ce898 Object transported.
2026-06-03 01:29:43.569 DEBUG content 33935 13649d1b-36a8-4c34-96d6-a74f9be37d0c Begin transport.
2026-06-03 01:29:43.569 DEBUG content 33935 13649d1b-36a8-4c34-96d6-a74f9be37d0c Retrieving object data.
2026-06-03 01:29:43.578 DEBUG content 33935 13649d1b-36a8-4c34-96d6-a74f9be37d0c Setting uuids of object references.
2026-06-03 01:29:43.578 DEBUG content 33935 13649d1b-36a8-4c34-96d6-a74f9be37d0c Processing reference: [Content:id=3981,versionId=-1,name=NCI_OPER_cifrasControlVivienda,type=32,subtype=5,uuid=13649d1b-36a8-4c34-96d6-a74f9be37d0c,parent=1660]
2026-06-03 01:29:43.585 DEBUG content 33935 13649d1b-36a8-4c34-96d6-a74f9be37d0c Processing reference: OutboundIntegration.forum
2026-06-03 01:29:43.585 DEBUG content 33935 13649d1b-36a8-4c34-96d6-a74f9be37d0c Processing reference: OutboundIntegration.integrationOutputsAsTypedValue
2026-06-03 01:29:43.585 DEBUG content 33935 13649d1b-36a8-4c34-96d6-a74f9be37d0c Processing reference: TypedVariable[name=folio,it=3,v=]
2026-06-03 01:29:43.585 DEBUG content 33935 13649d1b-36a8-4c34-96d6-a74f9be37d0c Processing reference: TypedVariable[name=fileId,it=3,v=]
2026-06-03 01:29:43.585 DEBUG content 33935 13649d1b-36a8-4c34-96d6-a74f9be37d0c Processing reference: OutboundIntegration.parent
2026-06-03 01:29:43.587 DEBUG content 33935 13649d1b-36a8-4c34-96d6-a74f9be37d0c Processing reference: com.appiancorp.suiteapi.content.ContentRoleMap@694afe7b[
  ContentRole[name=readers,inherit=true,allowForAll=false]
  ContentRole[name=authors,inherit=true,allowForAll=false]
  ContentRole[name=administrators,inherit=true,allowForAll=false]
  ContentRole[name=denyReaders,inherit=false,allowForAll=false]
  ContentRole[name=denyAuthors,inherit=false,allowForAll=false]
  ContentRole[name=denyAdministrators,inherit=false,allowForAll=false]
  securityVector=15:SEC_PUBLIC=true,SEC_CREATOR_ADMIN=false,SEC_INH_ADMIN=true,SEC_INH_EDITOR=true,SEC_INH_VIEWER=true,SEC_ALL_ADMIN=false,SEC_ALL_EDITOR=false,SEC_ALL_VIEWER=false
]
2026-06-03 01:29:43.587 DEBUG content 33935 13649d1b-36a8-4c34-96d6-a74f9be37d0c Processing reference: ContentRole[name=readers,inherit=true,allowForAll=false]
2026-06-03 01:29:43.587 DEBUG content 33935 13649d1b-36a8-4c34-96d6-a74f9be37d0c Processing reference: ContentRole[name=authors,inherit=true,allowForAll=false]
2026-06-03 01:29:43.587 DEBUG content 33935 13649d1b-36a8-4c34-96d6-a74f9be37d0c Processing reference: ContentRole[name=administrators,inherit=true,allowForAll=false]
2026-06-03 01:29:43.587 DEBUG content 33935 13649d1b-36a8-4c34-96d6-a74f9be37d0c Processing reference: ContentRole[name=denyReaders,inherit=false,allowForAll=false]
2026-06-03 01:29:43.587 DEBUG content 33935 13649d1b-36a8-4c34-96d6-a74f9be37d0c Processing reference: ContentRole[name=denyAuthors,inherit=false,allowForAll=false]
2026-06-03 01:29:43.587 DEBUG content 33935 13649d1b-36a8-4c34-96d6-a74f9be37d0c Processing reference: ContentRole[name=denyAdministrators,inherit=false,allowForAll=false]
2026-06-03 01:29:43.587 DEBUG content 33935 13649d1b-36a8-4c34-96d6-a74f9be37d0c Exporting binary resources.
2026-06-03 01:29:43.587 DEBUG content 33935 13649d1b-36a8-4c34-96d6-a74f9be37d0c Serializing object to XML.
2026-06-03 01:29:43.59 DEBUG content 33935 13649d1b-36a8-4c34-96d6-a74f9be37d0c Object transported.
2026-06-03 01:29:43.59 DEBUG content 33936 a354f02b-6f44-47c3-997b-55c4a1b0ca02 Begin transport.
2026-06-03 01:29:43.59 DEBUG content 33936 a354f02b-6f44-47c3-997b-55c4a1b0ca02 Retrieving object data.
2026-06-03 01:29:43.599 DEBUG content 33936 a354f02b-6f44-47c3-997b-55c4a1b0ca02 Setting uuids of object references.
2026-06-03 01:29:43.599 DEBUG content 33936 a354f02b-6f44-47c3-997b-55c4a1b0ca02 Processing reference: [Content:id=3982,versionId=-1,name=NCI_OPER_getConsultaRegistrosTDF,type=32,subtype=5,uuid=a354f02b-6f44-47c3-997b-55c4a1b0ca02,parent=1660]
2026-06-03 01:29:43.606 DEBUG content 33936 a354f02b-6f44-47c3-997b-55c4a1b0ca02 Processing reference: OutboundIntegration.forum
2026-06-03 01:29:43.607 DEBUG content 33936 a354f02b-6f44-47c3-997b-55c4a1b0ca02 Processing reference: OutboundIntegration.integrationOutputsAsTypedValue
2026-06-03 01:29:43.607 DEBUG content 33936 a354f02b-6f44-47c3-997b-55c4a1b0ca02 Processing reference: TypedVariable[name=folio,it=3,v=]
2026-06-03 01:29:43.607 DEBUG content 33936 a354f02b-6f44-47c3-997b-55c4a1b0ca02 Processing reference: OutboundIntegration.parent
2026-06-03 01:29:43.609 DEBUG content 33936 a354f02b-6f44-47c3-997b-55c4a1b0ca02 Processing reference: com.appiancorp.suiteapi.content.ContentRoleMap@377b934[
  ContentRole[name=readers,inherit=true,allowForAll=false]
  ContentRole[name=authors,inherit=true,allowForAll=false]
  ContentRole[name=administrators,inherit=true,allowForAll=false]
  ContentRole[name=denyReaders,inherit=false,allowForAll=false]
  ContentRole[name=denyAuthors,inherit=false,allowForAll=false]
  ContentRole[name=denyAdministrators,inherit=false,allowForAll=false]
  securityVector=15:SEC_PUBLIC=true,SEC_CREATOR_ADMIN=false,SEC_INH_ADMIN=true,SEC_INH_EDITOR=true,SEC_INH_VIEWER=true,SEC_ALL_ADMIN=false,SEC_ALL_EDITOR=false,SEC_ALL_VIEWER=false
]
2026-06-03 01:29:43.609 DEBUG content 33936 a354f02b-6f44-47c3-997b-55c4a1b0ca02 Processing reference: ContentRole[name=readers,inherit=true,allowForAll=false]
2026-06-03 01:29:43.609 DEBUG content 33936 a354f02b-6f44-47c3-997b-55c4a1b0ca02 Processing reference: ContentRole[name=authors,inherit=true,allowForAll=false]
2026-06-03 01:29:43.609 DEBUG content 33936 a354f02b-6f44-47c3-997b-55c4a1b0ca02 Processing reference: ContentRole[name=administrators,inherit=true,allowForAll=false]
2026-06-03 01:29:43.609 DEBUG content 33936 a354f02b-6f44-47c3-997b-55c4a1b0ca02 Processing reference: ContentRole[name=denyReaders,inherit=false,allowForAll=false]
2026-06-03 01:29:43.609 DEBUG content 33936 a354f02b-6f44-47c3-997b-55c4a1b0ca02 Processing reference: ContentRole[name=denyAuthors,inherit=false,allowForAll=false]
2026-06-03 01:29:43.609 DEBUG content 33936 a354f02b-6f44-47c3-997b-55c4a1b0ca02 Processing reference: ContentRole[name=denyAdministrators,inherit=false,allowForAll=false]
2026-06-03 01:29:43.61 DEBUG content 33936 a354f02b-6f44-47c3-997b-55c4a1b0ca02 Exporting binary resources.
2026-06-03 01:29:43.61 DEBUG content 33936 a354f02b-6f44-47c3-997b-55c4a1b0ca02 Serializing object to XML.
2026-06-03 01:29:43.612 DEBUG content 33936 a354f02b-6f44-47c3-997b-55c4a1b0ca02 Object transported.
2026-06-03 01:29:43.612 DEBUG content 33937 078adbee-2126-42e7-848b-18bb494853ca Begin transport.
2026-06-03 01:29:43.612 DEBUG content 33937 078adbee-2126-42e7-848b-18bb494853ca Retrieving object data.
2026-06-03 01:29:43.62 DEBUG content 33937 078adbee-2126-42e7-848b-18bb494853ca Setting uuids of object references.
2026-06-03 01:29:43.62 DEBUG content 33937 078adbee-2126-42e7-848b-18bb494853ca Processing reference: [Content:id=3980,versionId=-1,name=NCI_OPER_CifrasControlSumarizadas,type=32,subtype=5,uuid=078adbee-2126-42e7-848b-18bb494853ca,parent=1660]
2026-06-03 01:29:43.628 DEBUG content 33937 078adbee-2126-42e7-848b-18bb494853ca Processing reference: OutboundIntegration.forum
2026-06-03 01:29:43.628 DEBUG content 33937 078adbee-2126-42e7-848b-18bb494853ca Processing reference: OutboundIntegration.integrationOutputsAsTypedValue
2026-06-03 01:29:43.628 DEBUG content 33937 078adbee-2126-42e7-848b-18bb494853ca Processing reference: TypedVariable[name=folio,it=3,v=]
2026-06-03 01:29:43.628 DEBUG content 33937 078adbee-2126-42e7-848b-18bb494853ca Processing reference: TypedVariable[name=fileId,it=3,v=]
2026-06-03 01:29:43.628 DEBUG content 33937 078adbee-2126-42e7-848b-18bb494853ca Processing reference: TypedVariable[name=depositType,it=3,v=]
2026-06-03 01:29:43.628 DEBUG content 33937 078adbee-2126-42e7-848b-18bb494853ca Processing reference: OutboundIntegration.parent
2026-06-03 01:29:43.63 DEBUG content 33937 078adbee-2126-42e7-848b-18bb494853ca Processing reference: com.appiancorp.suiteapi.content.ContentRoleMap@add9a91[
  ContentRole[name=readers,inherit=true,allowForAll=false]
  ContentRole[name=authors,inherit=true,allowForAll=false]
  ContentRole[name=administrators,inherit=true,allowForAll=false]
  ContentRole[name=denyReaders,inherit=false,allowForAll=false]
  ContentRole[name=denyAuthors,inherit=false,allowForAll=false]
  ContentRole[name=denyAdministrators,inherit=false,allowForAll=false]
  securityVector=15:SEC_PUBLIC=true,SEC_CREATOR_ADMIN=false,SEC_INH_ADMIN=true,SEC_INH_EDITOR=true,SEC_INH_VIEWER=true,SEC_ALL_ADMIN=false,SEC_ALL_EDITOR=false,SEC_ALL_VIEWER=false
]
2026-06-03 01:29:43.63 DEBUG content 33937 078adbee-2126-42e7-848b-18bb494853ca Processing reference: ContentRole[name=readers,inherit=true,allowForAll=false]
2026-06-03 01:29:43.63 DEBUG content 33937 078adbee-2126-42e7-848b-18bb494853ca Processing reference: ContentRole[name=authors,inherit=true,allowForAll=false]
2026-06-03 01:29:43.63 DEBUG content 33937 078adbee-2126-42e7-848b-18bb494853ca Processing reference: ContentRole[name=administrators,inherit=true,allowForAll=false]
2026-06-03 01:29:43.63 DEBUG content 33937 078adbee-2126-42e7-848b-18bb494853ca Processing reference: ContentRole[name=denyReaders,inherit=false,allowForAll=false]
2026-06-03 01:29:43.63 DEBUG content 33937 078adbee-2126-42e7-848b-18bb494853ca Processing reference: ContentRole[name=denyAuthors,inherit=false,allowForAll=false]
2026-06-03 01:29:43.63 DEBUG content 33937 078adbee-2126-42e7-848b-18bb494853ca Processing reference: ContentRole[name=denyAdministrators,inherit=false,allowForAll=false]
2026-06-03 01:29:43.631 DEBUG content 33937 078adbee-2126-42e7-848b-18bb494853ca Exporting binary resources.
2026-06-03 01:29:43.631 DEBUG content 33937 078adbee-2126-42e7-848b-18bb494853ca Serializing object to XML.
2026-06-03 01:29:43.634 DEBUG content 33937 078adbee-2126-42e7-848b-18bb494853ca Object transported.
2026-06-03 01:29:43.634 DEBUG content 33938 d17557aa-b8d2-42f3-9386-a508cc87796e Begin transport.
2026-06-03 01:29:43.634 DEBUG content 33938 d17557aa-b8d2-42f3-9386-a508cc87796e Retrieving object data.
2026-06-03 01:29:43.641 DEBUG content 33938 d17557aa-b8d2-42f3-9386-a508cc87796e Setting uuids of object references.
2026-06-03 01:29:43.641 DEBUG content 33938 d17557aa-b8d2-42f3-9386-a508cc87796e Processing reference: [Content:id=3983,versionId=-1,name=NCI_OPER_ConsultaCuentasNoConvive,type=32,subtype=5,uuid=d17557aa-b8d2-42f3-9386-a508cc87796e,parent=1660]
2026-06-03 01:29:43.648 DEBUG content 33938 d17557aa-b8d2-42f3-9386-a508cc87796e Processing reference: OutboundIntegration.forum
2026-06-03 01:29:43.648 DEBUG content 33938 d17557aa-b8d2-42f3-9386-a508cc87796e Processing reference: OutboundIntegration.integrationOutputsAsTypedValue
2026-06-03 01:29:43.648 DEBUG content 33938 d17557aa-b8d2-42f3-9386-a508cc87796e Processing reference: TypedVariable[name=folio_txt,it=3,v=]
2026-06-03 01:29:43.648 DEBUG content 33938 d17557aa-b8d2-42f3-9386-a508cc87796e Processing reference: TypedVariable[name=folioRel,it=3,v=]
2026-06-03 01:29:43.648 DEBUG content 33938 d17557aa-b8d2-42f3-9386-a508cc87796e Processing reference: OutboundIntegration.parent
2026-06-03 01:29:43.65 DEBUG content 33938 d17557aa-b8d2-42f3-9386-a508cc87796e Processing reference: com.appiancorp.suiteapi.content.ContentRoleMap@7cbf3b3a[
  ContentRole[name=readers,inherit=true,allowForAll=false]
  ContentRole[name=authors,inherit=true,allowForAll=false]
  ContentRole[name=administrators,inherit=true,allowForAll=false]
  ContentRole[name=denyReaders,inherit=false,allowForAll=false]
  ContentRole[name=denyAuthors,inherit=false,allowForAll=false]
  ContentRole[name=denyAdministrators,inherit=false,allowForAll=false]
  securityVector=15:SEC_PUBLIC=true,SEC_CREATOR_ADMIN=false,SEC_INH_ADMIN=true,SEC_INH_EDITOR=true,SEC_INH_VIEWER=true,SEC_ALL_ADMIN=false,SEC_ALL_EDITOR=false,SEC_ALL_VIEWER=false
]
2026-06-03 01:29:43.65 DEBUG content 33938 d17557aa-b8d2-42f3-9386-a508cc87796e Processing reference: ContentRole[name=readers,inherit=true,allowForAll=false]
2026-06-03 01:29:43.65 DEBUG content 33938 d17557aa-b8d2-42f3-9386-a508cc87796e Processing reference: ContentRole[name=authors,inherit=true,allowForAll=false]
2026-06-03 01:29:43.65 DEBUG content 33938 d17557aa-b8d2-42f3-9386-a508cc87796e Processing reference: ContentRole[name=administrators,inherit=true,allowForAll=false]
2026-06-03 01:29:43.65 DEBUG content 33938 d17557aa-b8d2-42f3-9386-a508cc87796e Processing reference: ContentRole[name=denyReaders,inherit=false,allowForAll=false]
2026-06-03 01:29:43.65 DEBUG content 33938 d17557aa-b8d2-42f3-9386-a508cc87796e Processing reference: ContentRole[name=denyAuthors,inherit=false,allowForAll=false]
2026-06-03 01:29:43.65 DEBUG content 33938 d17557aa-b8d2-42f3-9386-a508cc87796e Processing reference: ContentRole[name=denyAdministrators,inherit=false,allowForAll=false]
2026-06-03 01:29:43.651 DEBUG content 33938 d17557aa-b8d2-42f3-9386-a508cc87796e Exporting binary resources.
2026-06-03 01:29:43.651 DEBUG content 33938 d17557aa-b8d2-42f3-9386-a508cc87796e Serializing object to XML.
2026-06-03 01:29:43.653 DEBUG content 33938 d17557aa-b8d2-42f3-9386-a508cc87796e Object transported.
2026-06-03 01:29:43.653 DEBUG content 33939 9d28ca13-a4f5-4fb5-96d6-6421cebb69c0 Begin transport.
2026-06-03 01:29:43.653 DEBUG content 33939 9d28ca13-a4f5-4fb5-96d6-6421cebb69c0 Retrieving object data.
2026-06-03 01:29:43.661 DEBUG content 33939 9d28ca13-a4f5-4fb5-96d6-6421cebb69c0 Setting uuids of object references.
2026-06-03 01:29:43.661 DEBUG content 33939 9d28ca13-a4f5-4fb5-96d6-6421cebb69c0 Processing reference: [Content:id=7271,versionId=-1,name=NCI_OPER_getPrecifrasSumOrdenadas,type=32,subtype=5,uuid=9d28ca13-a4f5-4fb5-96d6-6421cebb69c0,parent=1660]
2026-06-03 01:29:43.669 DEBUG content 33939 9d28ca13-a4f5-4fb5-96d6-6421cebb69c0 Processing reference: OutboundIntegration.forum
2026-06-03 01:29:43.669 DEBUG content 33939 9d28ca13-a4f5-4fb5-96d6-6421cebb69c0 Processing reference: OutboundIntegration.integrationOutputsAsTypedValue
2026-06-03 01:29:43.669 DEBUG content 33939 9d28ca13-a4f5-4fb5-96d6-6421cebb69c0 Processing reference: TypedVariable[name=folio,it=3,v=]
2026-06-03 01:29:43.669 DEBUG content 33939 9d28ca13-a4f5-4fb5-96d6-6421cebb69c0 Processing reference: TypedVariable[name=fileId,it=1,v=<null>]
2026-06-03 01:29:43.669 DEBUG content 33939 9d28ca13-a4f5-4fb5-96d6-6421cebb69c0 Processing reference: TypedVariable[name=depositTypes,it=3,v=]
2026-06-03 01:29:43.669 DEBUG content 33939 9d28ca13-a4f5-4fb5-96d6-6421cebb69c0 Processing reference: OutboundIntegration.parent
2026-06-03 01:29:43.671 DEBUG content 33939 9d28ca13-a4f5-4fb5-96d6-6421cebb69c0 Processing reference: com.appiancorp.suiteapi.content.ContentRoleMap@46adde7[
  ContentRole[name=readers,inherit=true,allowForAll=false]
  ContentRole[name=authors,inherit=true,allowForAll=false]
  ContentRole[name=administrators,inherit=true,allowForAll=false]
  ContentRole[name=denyReaders,inherit=false,allowForAll=false]
  ContentRole[name=denyAuthors,inherit=false,allowForAll=false]
  ContentRole[name=denyAdministrators,inherit=false,allowForAll=false]
  securityVector=15:SEC_PUBLIC=true,SEC_CREATOR_ADMIN=false,SEC_INH_ADMIN=true,SEC_INH_EDITOR=true,SEC_INH_VIEWER=true,SEC_ALL_ADMIN=false,SEC_ALL_EDITOR=false,SEC_ALL_VIEWER=false
]
2026-06-03 01:29:43.671 DEBUG content 33939 9d28ca13-a4f5-4fb5-96d6-6421cebb69c0 Processing reference: ContentRole[name=readers,inherit=true,allowForAll=false]
2026-06-03 01:29:43.672 DEBUG content 33939 9d28ca13-a4f5-4fb5-96d6-6421cebb69c0 Processing reference: ContentRole[name=authors,inherit=true,allowForAll=false]
2026-06-03 01:29:43.672 DEBUG content 33939 9d28ca13-a4f5-4fb5-96d6-6421cebb69c0 Processing reference: ContentRole[name=administrators,inherit=true,allowForAll=false]
2026-06-03 01:29:43.672 DEBUG content 33939 9d28ca13-a4f5-4fb5-96d6-6421cebb69c0 Processing reference: ContentRole[name=denyReaders,inherit=false,allowForAll=false]
2026-06-03 01:29:43.672 DEBUG content 33939 9d28ca13-a4f5-4fb5-96d6-6421cebb69c0 Processing reference: ContentRole[name=denyAuthors,inherit=false,allowForAll=false]
2026-06-03 01:29:43.672 DEBUG content 33939 9d28ca13-a4f5-4fb5-96d6-6421cebb69c0 Processing reference: ContentRole[name=denyAdministrators,inherit=false,allowForAll=false]
2026-06-03 01:29:43.672 DEBUG content 33939 9d28ca13-a4f5-4fb5-96d6-6421cebb69c0 Exporting binary resources.
2026-06-03 01:29:43.672 DEBUG content 33939 9d28ca13-a4f5-4fb5-96d6-6421cebb69c0 Serializing object to XML.
2026-06-03 01:29:43.675 DEBUG content 33939 9d28ca13-a4f5-4fb5-96d6-6421cebb69c0 Object transported.
2026-06-03 01:29:43.675 DEBUG content 33940 54770868-24ee-4fa7-a3b9-e9b34ddfd584 Begin transport.
2026-06-03 01:29:43.675 DEBUG content 33940 54770868-24ee-4fa7-a3b9-e9b34ddfd584 Retrieving object data.
2026-06-03 01:29:43.682 DEBUG content 33940 54770868-24ee-4fa7-a3b9-e9b34ddfd584 Setting uuids of object references.
2026-06-03 01:29:43.682 DEBUG content 33940 54770868-24ee-4fa7-a3b9-e9b34ddfd584 Processing reference: [Content:id=3290,versionId=-1,name=NCI_OPER_TotalPreCifras_Sumarizadas,type=32,subtype=5,uuid=54770868-24ee-4fa7-a3b9-e9b34ddfd584,parent=1660]
2026-06-03 01:29:43.689 DEBUG content 33940 54770868-24ee-4fa7-a3b9-e9b34ddfd584 Processing reference: OutboundIntegration.forum
2026-06-03 01:29:43.689 DEBUG content 33940 54770868-24ee-4fa7-a3b9-e9b34ddfd584 Processing reference: OutboundIntegration.integrationOutputsAsTypedValue
2026-06-03 01:29:43.69 DEBUG content 33940 54770868-24ee-4fa7-a3b9-e9b34ddfd584 Processing reference: TypedVariable[name=folio_txt,it=3,v=]
2026-06-03 01:29:43.69 DEBUG content 33940 54770868-24ee-4fa7-a3b9-e9b34ddfd584 Processing reference: TypedVariable[name=fileId_txt,it=3,v=]
2026-06-03 01:29:43.69 DEBUG content 33940 54770868-24ee-4fa7-a3b9-e9b34ddfd584 Processing reference: TypedVariable[name=depositType_txt,it=3,v=]
2026-06-03 01:29:43.69 DEBUG content 33940 54770868-24ee-4fa7-a3b9-e9b34ddfd584 Processing reference: OutboundIntegration.parent
2026-06-03 01:29:43.692 DEBUG content 33940 54770868-24ee-4fa7-a3b9-e9b34ddfd584 Processing reference: com.appiancorp.suiteapi.content.ContentRoleMap@e8ea7e3[
  ContentRole[name=readers,inherit=true,allowForAll=false]
  ContentRole[name=authors,inherit=true,allowForAll=false]
  ContentRole[name=administrators,inherit=true,allowForAll=false]
  ContentRole[name=denyReaders,inherit=false,allowForAll=false]
  ContentRole[name=denyAuthors,inherit=false,allowForAll=false]
  ContentRole[name=denyAdministrators,inherit=false,allowForAll=false]
  securityVector=15:SEC_PUBLIC=true,SEC_CREATOR_ADMIN=false,SEC_INH_ADMIN=true,SEC_INH_EDITOR=true,SEC_INH_VIEWER=true,SEC_ALL_ADMIN=false,SEC_ALL_EDITOR=false,SEC_ALL_VIEWER=false
]
2026-06-03 01:29:43.692 DEBUG content 33940 54770868-24ee-4fa7-a3b9-e9b34ddfd584 Processing reference: ContentRole[name=readers,inherit=true,allowForAll=false]
2026-06-03 01:29:43.692 DEBUG content 33940 54770868-24ee-4fa7-a3b9-e9b34ddfd584 Processing reference: ContentRole[name=authors,inherit=true,allowForAll=false]
2026-06-03 01:29:43.692 DEBUG content 33940 54770868-24ee-4fa7-a3b9-e9b34ddfd584 Processing reference: ContentRole[name=administrators,inherit=true,allowForAll=false]
2026-06-03 01:29:43.692 DEBUG content 33940 54770868-24ee-4fa7-a3b9-e9b34ddfd584 Processing reference: ContentRole[name=denyReaders,inherit=false,allowForAll=false]
2026-06-03 01:29:43.692 DEBUG content 33940 54770868-24ee-4fa7-a3b9-e9b34ddfd584 Processing reference: ContentRole[name=denyAuthors,inherit=false,allowForAll=false]
2026-06-03 01:29:43.692 DEBUG content 33940 54770868-24ee-4fa7-a3b9-e9b34ddfd584 Processing reference: ContentRole[name=denyAdministrators,inherit=false,allowForAll=false]
2026-06-03 01:29:43.693 DEBUG content 33940 54770868-24ee-4fa7-a3b9-e9b34ddfd584 Exporting binary resources.
2026-06-03 01:29:43.693 DEBUG content 33940 54770868-24ee-4fa7-a3b9-e9b34ddfd584 Serializing object to XML.
2026-06-03 01:29:43.695 DEBUG content 33940 54770868-24ee-4fa7-a3b9-e9b34ddfd584 Object transported.
2026-06-03 01:29:43.695 DEBUG content 33941 a9318d03-0adc-40d8-91f2-b8dbea7e6ceb Begin transport.
2026-06-03 01:29:43.695 DEBUG content 33941 a9318d03-0adc-40d8-91f2-b8dbea7e6ceb Retrieving object data.
2026-06-03 01:29:43.703 DEBUG content 33941 a9318d03-0adc-40d8-91f2-b8dbea7e6ceb Setting uuids of object references.
2026-06-03 01:29:43.703 DEBUG content 33941 a9318d03-0adc-40d8-91f2-b8dbea7e6ceb Processing reference: [Content:id=3285,versionId=-1,name=NCI_OPER_PrecifrasSumarizadasVivienda,type=32,subtype=5,uuid=a9318d03-0adc-40d8-91f2-b8dbea7e6ceb,parent=1660]
2026-06-03 01:29:43.71 DEBUG content 33941 a9318d03-0adc-40d8-91f2-b8dbea7e6ceb Processing reference: OutboundIntegration.forum
2026-06-03 01:29:43.71 DEBUG content 33941 a9318d03-0adc-40d8-91f2-b8dbea7e6ceb Processing reference: OutboundIntegration.integrationOutputsAsTypedValue
2026-06-03 01:29:43.71 DEBUG content 33941 a9318d03-0adc-40d8-91f2-b8dbea7e6ceb Processing reference: TypedVariable[name=idArchivo,it=1,v=<null>]
2026-06-03 01:29:43.71 DEBUG content 33941 a9318d03-0adc-40d8-91f2-b8dbea7e6ceb Processing reference: TypedVariable[name=folio,it=3,v=]
2026-06-03 01:29:43.71 DEBUG content 33941 a9318d03-0adc-40d8-91f2-b8dbea7e6ceb Processing reference: OutboundIntegration.parent
2026-06-03 01:29:43.712 DEBUG content 33941 a9318d03-0adc-40d8-91f2-b8dbea7e6ceb Processing reference: com.appiancorp.suiteapi.content.ContentRoleMap@489e8c45[
  ContentRole[name=readers,inherit=true,allowForAll=false]
  ContentRole[name=authors,inherit=true,allowForAll=false]
  ContentRole[name=administrators,inherit=true,allowForAll=false]
  ContentRole[name=denyReaders,inherit=false,allowForAll=false]
  ContentRole[name=denyAuthors,inherit=false,allowForAll=false]
  ContentRole[name=denyAdministrators,inherit=false,allowForAll=false]
  securityVector=15:SEC_PUBLIC=true,SEC_CREATOR_ADMIN=false,SEC_INH_ADMIN=true,SEC_INH_EDITOR=true,SEC_INH_VIEWER=true,SEC_ALL_ADMIN=false,SEC_ALL_EDITOR=false,SEC_ALL_VIEWER=false
]
2026-06-03 01:29:43.712 DEBUG content 33941 a9318d03-0adc-40d8-91f2-b8dbea7e6ceb Processing reference: ContentRole[name=readers,inherit=true,allowForAll=false]
2026-06-03 01:29:43.712 DEBUG content 33941 a9318d03-0adc-40d8-91f2-b8dbea7e6ceb Processing reference: ContentRole[name=authors,inherit=true,allowForAll=false]
2026-06-03 01:29:43.712 DEBUG content 33941 a9318d03-0adc-40d8-91f2-b8dbea7e6ceb Processing reference: ContentRole[name=administrators,inherit=true,allowForAll=false]
2026-06-03 01:29:43.712 DEBUG content 33941 a9318d03-0adc-40d8-91f2-b8dbea7e6ceb Processing reference: ContentRole[name=denyReaders,inherit=false,allowForAll=false]
2026-06-03 01:29:43.712 DEBUG content 33941 a9318d03-0adc-40d8-91f2-b8dbea7e6ceb Processing reference: ContentRole[name=denyAuthors,inherit=false,allowForAll=false]
2026-06-03 01:29:43.712 DEBUG content 33941 a9318d03-0adc-40d8-91f2-b8dbea7e6ceb Processing reference: ContentRole[name=denyAdministrators,inherit=false,allowForAll=false]
2026-06-03 01:29:43.713 DEBUG content 33941 a9318d03-0adc-40d8-91f2-b8dbea7e6ceb Exporting binary resources.
2026-06-03 01:29:43.713 DEBUG content 33941 a9318d03-0adc-40d8-91f2-b8dbea7e6ceb Serializing object to XML.
2026-06-03 01:29:43.716 DEBUG content 33941 a9318d03-0adc-40d8-91f2-b8dbea7e6ceb Object transported.
2026-06-03 01:29:43.716 DEBUG content 33942 31ca7437-24a4-4704-bb4a-4a632162359c Begin transport.
2026-06-03 01:29:43.716 DEBUG content 33942 31ca7437-24a4-4704-bb4a-4a632162359c Retrieving object data.
2026-06-03 01:29:43.724 DEBUG content 33942 31ca7437-24a4-4704-bb4a-4a632162359c Setting uuids of object references.
2026-06-03 01:29:43.724 DEBUG content 33942 31ca7437-24a4-4704-bb4a-4a632162359c Processing reference: [Content:id=3284,versionId=-1,name=NCI_OPER_PrecifrasSumarizadas,type=32,subtype=5,uuid=31ca7437-24a4-4704-bb4a-4a632162359c,parent=1660]
2026-06-03 01:29:43.731 DEBUG content 33942 31ca7437-24a4-4704-bb4a-4a632162359c Processing reference: OutboundIntegration.forum
2026-06-03 01:29:43.731 DEBUG content 33942 31ca7437-24a4-4704-bb4a-4a632162359c Processing reference: OutboundIntegration.integrationOutputsAsTypedValue
2026-06-03 01:29:43.731 DEBUG content 33942 31ca7437-24a4-4704-bb4a-4a632162359c Processing reference: TypedVariable[name=folio,it=3,v=]
2026-06-03 01:29:43.731 DEBUG content 33942 31ca7437-24a4-4704-bb4a-4a632162359c Processing reference: TypedVariable[name=idArchivo,it=1,v=<null>]
2026-06-03 01:29:43.731 DEBUG content 33942 31ca7437-24a4-4704-bb4a-4a632162359c Processing reference: TypedVariable[name=idsLiberacion,it=101,v=<null>]
2026-06-03 01:29:43.731 DEBUG content 33942 31ca7437-24a4-4704-bb4a-4a632162359c Processing reference: OutboundIntegration.parent
2026-06-03 01:29:43.733 DEBUG content 33942 31ca7437-24a4-4704-bb4a-4a632162359c Processing reference: com.appiancorp.suiteapi.content.ContentRoleMap@4d062400[
  ContentRole[name=readers,inherit=true,allowForAll=false]
  ContentRole[name=authors,inherit=true,allowForAll=false]
  ContentRole[name=administrators,inherit=true,allowForAll=false]
  ContentRole[name=denyReaders,inherit=false,allowForAll=false]
  ContentRole[name=denyAuthors,inherit=false,allowForAll=false]
  ContentRole[name=denyAdministrators,inherit=false,allowForAll=false]
  securityVector=15:SEC_PUBLIC=true,SEC_CREATOR_ADMIN=false,SEC_INH_ADMIN=true,SEC_INH_EDITOR=true,SEC_INH_VIEWER=true,SEC_ALL_ADMIN=false,SEC_ALL_EDITOR=false,SEC_ALL_VIEWER=false
]
2026-06-03 01:29:43.733 DEBUG content 33942 31ca7437-24a4-4704-bb4a-4a632162359c Processing reference: ContentRole[name=readers,inherit=true,allowForAll=false]
2026-06-03 01:29:43.733 DEBUG content 33942 31ca7437-24a4-4704-bb4a-4a632162359c Processing reference: ContentRole[name=authors,inherit=true,allowForAll=false]
2026-06-03 01:29:43.733 DEBUG content 33942 31ca7437-24a4-4704-bb4a-4a632162359c Processing reference: ContentRole[name=administrators,inherit=true,allowForAll=false]
2026-06-03 01:29:43.733 DEBUG content 33942 31ca7437-24a4-4704-bb4a-4a632162359c Processing reference: ContentRole[name=denyReaders,inherit=false,allowForAll=false]
2026-06-03 01:29:43.733 DEBUG content 33942 31ca7437-24a4-4704-bb4a-4a632162359c Processing reference: ContentRole[name=denyAuthors,inherit=false,allowForAll=false]
2026-06-03 01:29:43.733 DEBUG content 33942 31ca7437-24a4-4704-bb4a-4a632162359c Processing reference: ContentRole[name=denyAdministrators,inherit=false,allowForAll=false]
2026-06-03 01:29:43.734 DEBUG content 33942 31ca7437-24a4-4704-bb4a-4a632162359c Exporting binary resources.
2026-06-03 01:29:43.734 DEBUG content 33942 31ca7437-24a4-4704-bb4a-4a632162359c Serializing object to XML.
2026-06-03 01:29:43.737 DEBUG content 33942 31ca7437-24a4-4704-bb4a-4a632162359c Object transported.
2026-06-03 01:29:43.737 DEBUG content 33943 ff126c30-5e25-4539-a03c-703cbbebab64 Begin transport.
2026-06-03 01:29:43.737 DEBUG content 33943 ff126c30-5e25-4539-a03c-703cbbebab64 Retrieving object data.
2026-06-03 01:29:43.745 DEBUG content 33943 ff126c30-5e25-4539-a03c-703cbbebab64 Setting uuids of object references.
2026-06-03 01:29:43.745 DEBUG content 33943 ff126c30-5e25-4539-a03c-703cbbebab64 Processing reference: [Content:id=3724,versionId=-1,name=NCI_OPER_ClientesNoIdentificados,type=32,subtype=5,uuid=ff126c30-5e25-4539-a03c-703cbbebab64,parent=1660]
2026-06-03 01:29:43.752 DEBUG content 33943 ff126c30-5e25-4539-a03c-703cbbebab64 Processing reference: OutboundIntegration.forum
2026-06-03 01:29:43.752 DEBUG content 33943 ff126c30-5e25-4539-a03c-703cbbebab64 Processing reference: OutboundIntegration.integrationOutputsAsTypedValue
2026-06-03 01:29:43.752 DEBUG content 33943 ff126c30-5e25-4539-a03c-703cbbebab64 Processing reference: TypedVariable[name=dataFilter_map,it=252,v=<null>]
2026-06-03 01:29:43.752 DEBUG content 33943 ff126c30-5e25-4539-a03c-703cbbebab64 Processing reference: OutboundIntegration.parent
2026-06-03 01:29:43.754 DEBUG content 33943 ff126c30-5e25-4539-a03c-703cbbebab64 Processing reference: com.appiancorp.suiteapi.content.ContentRoleMap@fbe273d[
  ContentRole[name=readers,inherit=true,allowForAll=false]
  ContentRole[name=authors,inherit=true,allowForAll=false]
  ContentRole[name=administrators,inherit=true,allowForAll=false]
  ContentRole[name=denyReaders,inherit=false,allowForAll=false]
  ContentRole[name=denyAuthors,inherit=false,allowForAll=false]
  ContentRole[name=denyAdministrators,inherit=false,allowForAll=false]
  securityVector=15:SEC_PUBLIC=true,SEC_CREATOR_ADMIN=false,SEC_INH_ADMIN=true,SEC_INH_EDITOR=true,SEC_INH_VIEWER=true,SEC_ALL_ADMIN=false,SEC_ALL_EDITOR=false,SEC_ALL_VIEWER=false
]
2026-06-03 01:29:43.754 DEBUG content 33943 ff126c30-5e25-4539-a03c-703cbbebab64 Processing reference: ContentRole[name=readers,inherit=true,allowForAll=false]
2026-06-03 01:29:43.755 DEBUG content 33943 ff126c30-5e25-4539-a03c-703cbbebab64 Processing reference: ContentRole[name=authors,inherit=true,allowForAll=false]
2026-06-03 01:29:43.755 DEBUG content 33943 ff126c30-5e25-4539-a03c-703cbbebab64 Processing reference: ContentRole[name=administrators,inherit=true,allowForAll=false]
2026-06-03 01:29:43.755 DEBUG content 33943 ff126c30-5e25-4539-a03c-703cbbebab64 Processing reference: ContentRole[name=denyReaders,inherit=false,allowForAll=false]
2026-06-03 01:29:43.755 DEBUG content 33943 ff126c30-5e25-4539-a03c-703cbbebab64 Processing reference: ContentRole[name=denyAuthors,inherit=false,allowForAll=false]
2026-06-03 01:29:43.755 DEBUG content 33943 ff126c30-5e25-4539-a03c-703cbbebab64 Processing reference: ContentRole[name=denyAdministrators,inherit=false,allowForAll=false]
2026-06-03 01:29:43.755 DEBUG content 33943 ff126c30-5e25-4539-a03c-703cbbebab64 Exporting binary resources.
2026-06-03 01:29:43.755 DEBUG content 33943 ff126c30-5e25-4539-a03c-703cbbebab64 Serializing object to XML.
2026-06-03 01:29:43.758 DEBUG content 33943 ff126c30-5e25-4539-a03c-703cbbebab64 Object transported.
2026-06-03 01:29:43.758 DEBUG content 33944 a56580ea-1660-411b-8055-73f37f3db0db Begin transport.
2026-06-03 01:29:43.758 DEBUG content 33944 a56580ea-1660-411b-8055-73f37f3db0db Retrieving object data.
2026-06-03 01:29:43.767 DEBUG content 33944 a56580ea-1660-411b-8055-73f37f3db0db Setting uuids of object references.
2026-06-03 01:29:43.767 DEBUG content 33944 a56580ea-1660-411b-8055-73f37f3db0db Processing reference: [Content:id=7045,versionId=-1,name=NCI_OPER_GetSaldoHistorial,type=32,subtype=5,uuid=a56580ea-1660-411b-8055-73f37f3db0db,parent=1660]
2026-06-03 01:29:43.776 DEBUG content 33944 a56580ea-1660-411b-8055-73f37f3db0db Processing reference: OutboundIntegration.forum
2026-06-03 01:29:43.777 DEBUG content 33944 a56580ea-1660-411b-8055-73f37f3db0db Processing reference: OutboundIntegration.integrationOutputsAsTypedValue
2026-06-03 01:29:43.777 DEBUG content 33944 a56580ea-1660-411b-8055-73f37f3db0db Processing reference: TypedVariable[name=listSelectFamilyACR,it=103,v=<null>]
2026-06-03 01:29:43.777 DEBUG content 33944 a56580ea-1660-411b-8055-73f37f3db0db Processing reference: TypedVariable[name=listSelectFamilyGOB,it=103,v=<null>]
2026-06-03 01:29:43.777 DEBUG content 33944 a56580ea-1660-411b-8055-73f37f3db0db Processing reference: TypedVariable[name=listSelectFamilyBONO,it=103,v=<null>]
2026-06-03 01:29:43.777 DEBUG content 33944 a56580ea-1660-411b-8055-73f37f3db0db Processing reference: TypedVariable[name=listSelectFamilyRCV,it=103,v=<null>]
2026-06-03 01:29:43.777 DEBUG content 33944 a56580ea-1660-411b-8055-73f37f3db0db Processing reference: TypedVariable[name=listSelectFamilySAR,it=103,v=<null>]
2026-06-03 01:29:43.777 DEBUG content 33944 a56580ea-1660-411b-8055-73f37f3db0db Processing reference: TypedVariable[name=listSelectFamilyVIV,it=103,v=<null>]
2026-06-03 01:29:43.777 DEBUG content 33944 a56580ea-1660-411b-8055-73f37f3db0db Processing reference: TypedVariable[name=listSelectFamilyVOL,it=103,v=<null>]
2026-06-03 01:29:43.777 DEBUG content 33944 a56580ea-1660-411b-8055-73f37f3db0db Processing reference: TypedVariable[name=sieforeMovementHistory,it=103,v=<null>]
2026-06-03 01:29:43.777 DEBUG content 33944 a56580ea-1660-411b-8055-73f37f3db0db Processing reference: TypedVariable[name=startDateMovementHistory,it=7,v=<null>]
2026-06-03 01:29:43.777 DEBUG content 33944 a56580ea-1660-411b-8055-73f37f3db0db Processing reference: TypedVariable[name=endDateMovementHistory,it=7,v=<null>]
2026-06-03 01:29:43.777 DEBUG content 33944 a56580ea-1660-411b-8055-73f37f3db0db Processing reference: TypedVariable[name=accountNumber,it=3,v=]
2026-06-03 01:29:43.777 DEBUG content 33944 a56580ea-1660-411b-8055-73f37f3db0db Processing reference: OutboundIntegration.parent
2026-06-03 01:29:43.779 DEBUG content 33944 a56580ea-1660-411b-8055-73f37f3db0db Processing reference: com.appiancorp.suiteapi.content.ContentRoleMap@4048f02e[
  ContentRole[name=readers,inherit=true,allowForAll=false]
  ContentRole[name=authors,inherit=true,allowForAll=false]
  ContentRole[name=administrators,inherit=true,allowForAll=false]
  ContentRole[name=denyReaders,inherit=false,allowForAll=false]
  ContentRole[name=denyAuthors,inherit=false,allowForAll=false]
  ContentRole[name=denyAdministrators,inherit=false,allowForAll=false]
  securityVector=15:SEC_PUBLIC=true,SEC_CREATOR_ADMIN=false,SEC_INH_ADMIN=true,SEC_INH_EDITOR=true,SEC_INH_VIEWER=true,SEC_ALL_ADMIN=false,SEC_ALL_EDITOR=false,SEC_ALL_VIEWER=false
]
2026-06-03 01:29:43.779 DEBUG content 33944 a56580ea-1660-411b-8055-73f37f3db0db Processing reference: ContentRole[name=readers,inherit=true,allowForAll=false]
2026-06-03 01:29:43.78 DEBUG content 33944 a56580ea-1660-411b-8055-73f37f3db0db Processing reference: ContentRole[name=authors,inherit=true,allowForAll=false]
2026-06-03 01:29:43.78 DEBUG content 33944 a56580ea-1660-411b-8055-73f37f3db0db Processing reference: ContentRole[name=administrators,inherit=true,allowForAll=false]
2026-06-03 01:29:43.78 DEBUG content 33944 a56580ea-1660-411b-8055-73f37f3db0db Processing reference: ContentRole[name=denyReaders,inherit=false,allowForAll=false]
2026-06-03 01:29:43.78 DEBUG content 33944 a56580ea-1660-411b-8055-73f37f3db0db Processing reference: ContentRole[name=denyAuthors,inherit=false,allowForAll=false]
2026-06-03 01:29:43.78 DEBUG content 33944 a56580ea-1660-411b-8055-73f37f3db0db Processing reference: ContentRole[name=denyAdministrators,inherit=false,allowForAll=false]
2026-06-03 01:29:43.782 DEBUG content 33944 a56580ea-1660-411b-8055-73f37f3db0db Exporting binary resources.
2026-06-03 01:29:43.782 DEBUG content 33944 a56580ea-1660-411b-8055-73f37f3db0db Serializing object to XML.
2026-06-03 01:29:43.786 DEBUG content 33944 a56580ea-1660-411b-8055-73f37f3db0db Object transported.
2026-06-03 01:29:43.786 DEBUG content 33945 a57e7b82-3a1f-470a-8562-9b3df8c27677 Begin transport.
2026-06-03 01:29:43.786 DEBUG content 33945 a57e7b82-3a1f-470a-8562-9b3df8c27677 Retrieving object data.
2026-06-03 01:29:43.795 DEBUG content 33945 a57e7b82-3a1f-470a-8562-9b3df8c27677 Setting uuids of object references.
2026-06-03 01:29:43.795 DEBUG content 33945 a57e7b82-3a1f-470a-8562-9b3df8c27677 Processing reference: [Content:id=7049,versionId=-1,name=NCI_OPER_getSaldoExcel,type=32,subtype=5,uuid=a57e7b82-3a1f-470a-8562-9b3df8c27677,parent=1660]
2026-06-03 01:29:43.807 DEBUG content 33945 a57e7b82-3a1f-470a-8562-9b3df8c27677 Processing reference: OutboundIntegration.forum
2026-06-03 01:29:43.808 DEBUG content 33945 a57e7b82-3a1f-470a-8562-9b3df8c27677 Processing reference: OutboundIntegration.integrationOutputsAsTypedValue
2026-06-03 01:29:43.808 DEBUG content 33945 a57e7b82-3a1f-470a-8562-9b3df8c27677 Processing reference: TypedVariable[name=nameClient,it=3,v=]
2026-06-03 01:29:43.808 DEBUG content 33945 a57e7b82-3a1f-470a-8562-9b3df8c27677 Processing reference: TypedVariable[name=listSelectFamilyACR,it=103,v=<null>]
2026-06-03 01:29:43.808 DEBUG content 33945 a57e7b82-3a1f-470a-8562-9b3df8c27677 Processing reference: TypedVariable[name=listSelectFamilyGOB,it=103,v=<null>]
2026-06-03 01:29:43.808 DEBUG content 33945 a57e7b82-3a1f-470a-8562-9b3df8c27677 Processing reference: TypedVariable[name=listSelectFamilyBONO,it=103,v=<null>]
2026-06-03 01:29:43.808 DEBUG content 33945 a57e7b82-3a1f-470a-8562-9b3df8c27677 Processing reference: TypedVariable[name=listSelectFamilyRCV,it=103,v=<null>]
2026-06-03 01:29:43.808 DEBUG content 33945 a57e7b82-3a1f-470a-8562-9b3df8c27677 Processing reference: TypedVariable[name=listSelectFamilySAR,it=103,v=<null>]
2026-06-03 01:29:43.808 DEBUG content 33945 a57e7b82-3a1f-470a-8562-9b3df8c27677 Processing reference: TypedVariable[name=listSelectFamilyVIV,it=103,v=<null>]
2026-06-03 01:29:43.808 DEBUG content 33945 a57e7b82-3a1f-470a-8562-9b3df8c27677 Processing reference: TypedVariable[name=listSelectFamilyVOL,it=103,v=<null>]
2026-06-03 01:29:43.808 DEBUG content 33945 a57e7b82-3a1f-470a-8562-9b3df8c27677 Processing reference: TypedVariable[name=sieforeMovementHistory,it=103,v=<null>]
2026-06-03 01:29:43.808 DEBUG content 33945 a57e7b82-3a1f-470a-8562-9b3df8c27677 Processing reference: TypedVariable[name=startDateMovementHistory,it=7,v=<null>]
2026-06-03 01:29:43.808 DEBUG content 33945 a57e7b82-3a1f-470a-8562-9b3df8c27677 Processing reference: TypedVariable[name=endDateMovementHistory,it=7,v=<null>]
2026-06-03 01:29:43.808 DEBUG content 33945 a57e7b82-3a1f-470a-8562-9b3df8c27677 Processing reference: TypedVariable[name=accountNumber,it=3,v=]
2026-06-03 01:29:43.808 DEBUG content 33945 a57e7b82-3a1f-470a-8562-9b3df8c27677 Processing reference: TypedVariable[name=onSuccess,it=97,v=<null>]
2026-06-03 01:29:43.808 DEBUG content 33945 a57e7b82-3a1f-470a-8562-9b3df8c27677 Processing reference: TypedVariable[name=onError,it=97,v=<null>]
2026-06-03 01:29:43.808 DEBUG content 33945 a57e7b82-3a1f-470a-8562-9b3df8c27677 Processing reference: OutboundIntegration.parent
2026-06-03 01:29:43.81 DEBUG content 33945 a57e7b82-3a1f-470a-8562-9b3df8c27677 Processing reference: com.appiancorp.suiteapi.content.ContentRoleMap@9d639f5[
  ContentRole[name=readers,inherit=true,allowForAll=false]
  ContentRole[name=authors,inherit=true,allowForAll=false]
  ContentRole[name=administrators,inherit=true,allowForAll=false]
  ContentRole[name=denyReaders,inherit=false,allowForAll=false]
  ContentRole[name=denyAuthors,inherit=false,allowForAll=false]
  ContentRole[name=denyAdministrators,inherit=false,allowForAll=false]
  securityVector=15:SEC_PUBLIC=true,SEC_CREATOR_ADMIN=false,SEC_INH_ADMIN=true,SEC_INH_EDITOR=true,SEC_INH_VIEWER=true,SEC_ALL_ADMIN=false,SEC_ALL_EDITOR=false,SEC_ALL_VIEWER=false
]
2026-06-03 01:29:43.81 DEBUG content 33945 a57e7b82-3a1f-470a-8562-9b3df8c27677 Processing reference: ContentRole[name=readers,inherit=true,allowForAll=false]
2026-06-03 01:29:43.81 DEBUG content 33945 a57e7b82-3a1f-470a-8562-9b3df8c27677 Processing reference: ContentRole[name=authors,inherit=true,allowForAll=false]
2026-06-03 01:29:43.81 DEBUG content 33945 a57e7b82-3a1f-470a-8562-9b3df8c27677 Processing reference: ContentRole[name=administrators,inherit=true,allowForAll=false]
2026-06-03 01:29:43.81 DEBUG content 33945 a57e7b82-3a1f-470a-8562-9b3df8c27677 Processing reference: ContentRole[name=denyReaders,inherit=false,allowForAll=false]
2026-06-03 01:29:43.81 DEBUG content 33945 a57e7b82-3a1f-470a-8562-9b3df8c27677 Processing reference: ContentRole[name=denyAuthors,inherit=false,allowForAll=false]
2026-06-03 01:29:43.81 DEBUG content 33945 a57e7b82-3a1f-470a-8562-9b3df8c27677 Processing reference: ContentRole[name=denyAdministrators,inherit=false,allowForAll=false]
2026-06-03 01:29:43.812 DEBUG content 33945 a57e7b82-3a1f-470a-8562-9b3df8c27677 Exporting binary resources.
2026-06-03 01:29:43.812 DEBUG content 33945 a57e7b82-3a1f-470a-8562-9b3df8c27677 Serializing object to XML.
2026-06-03 01:29:43.817 DEBUG content 33945 a57e7b82-3a1f-470a-8562-9b3df8c27677 Object transported.
2026-06-03 01:29:43.817 DEBUG content 33946 566fd7f2-2bd7-4aeb-8530-f2806604a16d Begin transport.
2026-06-03 01:29:43.817 DEBUG content 33946 566fd7f2-2bd7-4aeb-8530-f2806604a16d Retrieving object data.
2026-06-03 01:29:43.827 DEBUG content 33946 566fd7f2-2bd7-4aeb-8530-f2806604a16d Setting uuids of object references.
2026-06-03 01:29:43.827 DEBUG content 33946 566fd7f2-2bd7-4aeb-8530-f2806604a16d Processing reference: [Content:id=7039,versionId=-1,name=NCI_OPER_costumerExportarPdf,type=32,subtype=5,uuid=566fd7f2-2bd7-4aeb-8530-f2806604a16d,parent=1660]
2026-06-03 01:29:43.838 DEBUG content 33946 566fd7f2-2bd7-4aeb-8530-f2806604a16d Processing reference: OutboundIntegration.forum
2026-06-03 01:29:43.838 DEBUG content 33946 566fd7f2-2bd7-4aeb-8530-f2806604a16d Processing reference: OutboundIntegration.integrationOutputsAsTypedValue
2026-06-03 01:29:43.838 DEBUG content 33946 566fd7f2-2bd7-4aeb-8530-f2806604a16d Processing reference: TypedVariable[name=curp,it=3,v=]
2026-06-03 01:29:43.838 DEBUG content 33946 566fd7f2-2bd7-4aeb-8530-f2806604a16d Processing reference: TypedVariable[name=onSuccess,it=97,v=<null>]
2026-06-03 01:29:43.838 DEBUG content 33946 566fd7f2-2bd7-4aeb-8530-f2806604a16d Processing reference: TypedVariable[name=onError,it=97,v=<null>]
2026-06-03 01:29:43.838 DEBUG content 33946 566fd7f2-2bd7-4aeb-8530-f2806604a16d Processing reference: OutboundIntegration.parent
2026-06-03 01:29:43.84 DEBUG content 33946 566fd7f2-2bd7-4aeb-8530-f2806604a16d Processing reference: com.appiancorp.suiteapi.content.ContentRoleMap@5dbb646a[
  ContentRole[name=readers,inherit=true,allowForAll=false]
  ContentRole[name=authors,inherit=true,allowForAll=false]
  ContentRole[name=administrators,inherit=true,allowForAll=false]
  ContentRole[name=denyReaders,inherit=false,allowForAll=false]
  ContentRole[name=denyAuthors,inherit=false,allowForAll=false]
  ContentRole[name=denyAdministrators,inherit=false,allowForAll=false]
  securityVector=15:SEC_PUBLIC=true,SEC_CREATOR_ADMIN=false,SEC_INH_ADMIN=true,SEC_INH_EDITOR=true,SEC_INH_VIEWER=true,SEC_ALL_ADMIN=false,SEC_ALL_EDITOR=false,SEC_ALL_VIEWER=false
]
2026-06-03 01:29:43.841 DEBUG content 33946 566fd7f2-2bd7-4aeb-8530-f2806604a16d Processing reference: ContentRole[name=readers,inherit=true,allowForAll=false]
2026-06-03 01:29:43.841 DEBUG content 33946 566fd7f2-2bd7-4aeb-8530-f2806604a16d Processing reference: ContentRole[name=authors,inherit=true,allowForAll=false]
2026-06-03 01:29:43.841 DEBUG content 33946 566fd7f2-2bd7-4aeb-8530-f2806604a16d Processing reference: ContentRole[name=administrators,inherit=true,allowForAll=false]
2026-06-03 01:29:43.841 DEBUG content 33946 566fd7f2-2bd7-4aeb-8530-f2806604a16d Processing reference: ContentRole[name=denyReaders,inherit=false,allowForAll=false]
2026-06-03 01:29:43.841 DEBUG content 33946 566fd7f2-2bd7-4aeb-8530-f2806604a16d Processing reference: ContentRole[name=denyAuthors,inherit=false,allowForAll=false]
2026-06-03 01:29:43.841 DEBUG content 33946 566fd7f2-2bd7-4aeb-8530-f2806604a16d Processing reference: ContentRole[name=denyAdministrators,inherit=false,allowForAll=false]
2026-06-03 01:29:43.841 DEBUG content 33946 566fd7f2-2bd7-4aeb-8530-f2806604a16d Exporting binary resources.
2026-06-03 01:29:43.841 DEBUG content 33946 566fd7f2-2bd7-4aeb-8530-f2806604a16d Serializing object to XML.
2026-06-03 01:29:43.845 DEBUG content 33946 566fd7f2-2bd7-4aeb-8530-f2806604a16d Object transported.
2026-06-03 01:29:43.845 DEBUG content 33947 0f4d2e3a-e379-4dfe-8232-3cc3387d8b01 Begin transport.
2026-06-03 01:29:43.845 DEBUG content 33947 0f4d2e3a-e379-4dfe-8232-3cc3387d8b01 Retrieving object data.
2026-06-03 01:29:43.852 DEBUG content 33947 0f4d2e3a-e379-4dfe-8232-3cc3387d8b01 Setting uuids of object references.
2026-06-03 01:29:43.853 DEBUG content 33947 0f4d2e3a-e379-4dfe-8232-3cc3387d8b01 Processing reference: [Content:id=7040,versionId=-1,name=NCI_OPER_costumerBalanceExcel,type=32,subtype=5,uuid=0f4d2e3a-e379-4dfe-8232-3cc3387d8b01,parent=1660]
2026-06-03 01:29:43.864 DEBUG content 33947 0f4d2e3a-e379-4dfe-8232-3cc3387d8b01 Processing reference: OutboundIntegration.forum
2026-06-03 01:29:43.864 DEBUG content 33947 0f4d2e3a-e379-4dfe-8232-3cc3387d8b01 Processing reference: OutboundIntegration.integrationOutputsAsTypedValue
2026-06-03 01:29:43.864 DEBUG content 33947 0f4d2e3a-e379-4dfe-8232-3cc3387d8b01 Processing reference: TypedVariable[name=curp,it=3,v=]
2026-06-03 01:29:43.864 DEBUG content 33947 0f4d2e3a-e379-4dfe-8232-3cc3387d8b01 Processing reference: TypedVariable[name=onSuccess,it=97,v=<null>]
2026-06-03 01:29:43.864 DEBUG content 33947 0f4d2e3a-e379-4dfe-8232-3cc3387d8b01 Processing reference: TypedVariable[name=onError,it=97,v=<null>]
2026-06-03 01:29:43.864 DEBUG content 33947 0f4d2e3a-e379-4dfe-8232-3cc3387d8b01 Processing reference: OutboundIntegration.parent
2026-06-03 01:29:43.867 DEBUG content 33947 0f4d2e3a-e379-4dfe-8232-3cc3387d8b01 Processing reference: com.appiancorp.suiteapi.content.ContentRoleMap@65cbac37[
  ContentRole[name=readers,inherit=true,allowForAll=false]
  ContentRole[name=authors,inherit=true,allowForAll=false]
  ContentRole[name=administrators,inherit=true,allowForAll=false]
  ContentRole[name=denyReaders,inherit=false,allowForAll=false]
  ContentRole[name=denyAuthors,inherit=false,allowForAll=false]
  ContentRole[name=denyAdministrators,inherit=false,allowForAll=false]
  securityVector=15:SEC_PUBLIC=true,SEC_CREATOR_ADMIN=false,SEC_INH_ADMIN=true,SEC_INH_EDITOR=true,SEC_INH_VIEWER=true,SEC_ALL_ADMIN=false,SEC_ALL_EDITOR=false,SEC_ALL_VIEWER=false
]
2026-06-03 01:29:43.867 DEBUG content 33947 0f4d2e3a-e379-4dfe-8232-3cc3387d8b01 Processing reference: ContentRole[name=readers,inherit=true,allowForAll=false]
2026-06-03 01:29:43.867 DEBUG content 33947 0f4d2e3a-e379-4dfe-8232-3cc3387d8b01 Processing reference: ContentRole[name=authors,inherit=true,allowForAll=false]
2026-06-03 01:29:43.867 DEBUG content 33947 0f4d2e3a-e379-4dfe-8232-3cc3387d8b01 Processing reference: ContentRole[name=administrators,inherit=true,allowForAll=false]
2026-06-03 01:29:43.867 DEBUG content 33947 0f4d2e3a-e379-4dfe-8232-3cc3387d8b01 Processing reference: ContentRole[name=denyReaders,inherit=false,allowForAll=false]
2026-06-03 01:29:43.867 DEBUG content 33947 0f4d2e3a-e379-4dfe-8232-3cc3387d8b01 Processing reference: ContentRole[name=denyAuthors,inherit=false,allowForAll=false]
2026-06-03 01:29:43.867 DEBUG content 33947 0f4d2e3a-e379-4dfe-8232-3cc3387d8b01 Processing reference: ContentRole[name=denyAdministrators,inherit=false,allowForAll=false]
2026-06-03 01:29:43.867 DEBUG content 33947 0f4d2e3a-e379-4dfe-8232-3cc3387d8b01 Exporting binary resources.
2026-06-03 01:29:43.867 DEBUG content 33947 0f4d2e3a-e379-4dfe-8232-3cc3387d8b01 Serializing object to XML.
2026-06-03 01:29:43.87 DEBUG content 33947 0f4d2e3a-e379-4dfe-8232-3cc3387d8b01 Object transported.
2026-06-03 01:29:43.87 DEBUG content 33948 7b93160a-fdf7-4ea3-9212-bd651bdb6bf7 Begin transport.
2026-06-03 01:29:43.87 DEBUG content 33948 7b93160a-fdf7-4ea3-9212-bd651bdb6bf7 Retrieving object data.
2026-06-03 01:29:43.878 DEBUG content 33948 7b93160a-fdf7-4ea3-9212-bd651bdb6bf7 Setting uuids of object references.
2026-06-03 01:29:43.878 DEBUG content 33948 7b93160a-fdf7-4ea3-9212-bd651bdb6bf7 Processing reference: [Content:id=3548,versionId=-1,name=NCI_OPER_ConsultaMarcasMConvivencia_Cuenta,type=32,subtype=5,uuid=7b93160a-fdf7-4ea3-9212-bd651bdb6bf7,parent=1660]
2026-06-03 01:29:43.888 DEBUG content 33948 7b93160a-fdf7-4ea3-9212-bd651bdb6bf7 Processing reference: OutboundIntegration.forum
2026-06-03 01:29:43.889 DEBUG content 33948 7b93160a-fdf7-4ea3-9212-bd651bdb6bf7 Processing reference: OutboundIntegration.integrationOutputsAsTypedValue
2026-06-03 01:29:43.889 DEBUG content 33948 7b93160a-fdf7-4ea3-9212-bd651bdb6bf7 Processing reference: TypedVariable[name=individualAccountNumber_text,it=3,v=]
2026-06-03 01:29:43.889 DEBUG content 33948 7b93160a-fdf7-4ea3-9212-bd651bdb6bf7 Processing reference: TypedVariable[name=processId_text,it=3,v=]
2026-06-03 01:29:43.889 DEBUG content 33948 7b93160a-fdf7-4ea3-9212-bd651bdb6bf7 Processing reference: TypedVariable[name=subprocessId_text,it=3,v=]
2026-06-03 01:29:43.889 DEBUG content 33948 7b93160a-fdf7-4ea3-9212-bd651bdb6bf7 Processing reference: TypedVariable[name=brandStatus_text,it=3,v=]
2026-06-03 01:29:43.889 DEBUG content 33948 7b93160a-fdf7-4ea3-9212-bd651bdb6bf7 Processing reference: TypedVariable[name=limit,it=3,v=]
2026-06-03 01:29:43.889 DEBUG content 33948 7b93160a-fdf7-4ea3-9212-bd651bdb6bf7 Processing reference: TypedVariable[name=page,it=3,v=]
2026-06-03 01:29:43.889 DEBUG content 33948 7b93160a-fdf7-4ea3-9212-bd651bdb6bf7 Processing reference: OutboundIntegration.parent
2026-06-03 01:29:43.891 DEBUG content 33948 7b93160a-fdf7-4ea3-9212-bd651bdb6bf7 Processing reference: com.appiancorp.suiteapi.content.ContentRoleMap@30ca73c2[
  ContentRole[name=readers,inherit=true,allowForAll=false]
  ContentRole[name=authors,inherit=true,allowForAll=false]
  ContentRole[name=administrators,inherit=true,allowForAll=false]
  ContentRole[name=denyReaders,inherit=false,allowForAll=false]
  ContentRole[name=denyAuthors,inherit=false,allowForAll=false]
  ContentRole[name=denyAdministrators,inherit=false,allowForAll=false]
  securityVector=15:SEC_PUBLIC=true,SEC_CREATOR_ADMIN=false,SEC_INH_ADMIN=true,SEC_INH_EDITOR=true,SEC_INH_VIEWER=true,SEC_ALL_ADMIN=false,SEC_ALL_EDITOR=false,SEC_ALL_VIEWER=false
]
2026-06-03 01:29:43.891 DEBUG content 33948 7b93160a-fdf7-4ea3-9212-bd651bdb6bf7 Processing reference: ContentRole[name=readers,inherit=true,allowForAll=false]
2026-06-03 01:29:43.891 DEBUG content 33948 7b93160a-fdf7-4ea3-9212-bd651bdb6bf7 Processing reference: ContentRole[name=authors,inherit=true,allowForAll=false]
2026-06-03 01:29:43.891 DEBUG content 33948 7b93160a-fdf7-4ea3-9212-bd651bdb6bf7 Processing reference: ContentRole[name=administrators,inherit=true,allowForAll=false]
2026-06-03 01:29:43.891 DEBUG content 33948 7b93160a-fdf7-4ea3-9212-bd651bdb6bf7 Processing reference: ContentRole[name=denyReaders,inherit=false,allowForAll=false]
2026-06-03 01:29:43.892 DEBUG content 33948 7b93160a-fdf7-4ea3-9212-bd651bdb6bf7 Processing reference: ContentRole[name=denyAuthors,inherit=false,allowForAll=false]
2026-06-03 01:29:43.892 DEBUG content 33948 7b93160a-fdf7-4ea3-9212-bd651bdb6bf7 Processing reference: ContentRole[name=denyAdministrators,inherit=false,allowForAll=false]
2026-06-03 01:29:43.893 DEBUG content 33948 7b93160a-fdf7-4ea3-9212-bd651bdb6bf7 Exporting binary resources.
2026-06-03 01:29:43.893 DEBUG content 33948 7b93160a-fdf7-4ea3-9212-bd651bdb6bf7 Serializing object to XML.
2026-06-03 01:29:43.897 DEBUG content 33948 7b93160a-fdf7-4ea3-9212-bd651bdb6bf7 Object transported.
2026-06-03 01:29:43.897 DEBUG content 33949 e3dff3fb-c7eb-4abc-a44e-5e7c106892e9 Begin transport.
2026-06-03 01:29:43.897 DEBUG content 33949 e3dff3fb-c7eb-4abc-a44e-5e7c106892e9 Retrieving object data.
2026-06-03 01:29:43.904 DEBUG content 33949 e3dff3fb-c7eb-4abc-a44e-5e7c106892e9 Setting uuids of object references.
2026-06-03 01:29:43.904 DEBUG content 33949 e3dff3fb-c7eb-4abc-a44e-5e7c106892e9 Processing reference: [Content:id=3568,versionId=-1,name=NCI_OPER_ConsultaMarcasMConvivencia_Folio,type=32,subtype=5,uuid=e3dff3fb-c7eb-4abc-a44e-5e7c106892e9,parent=1660]
2026-06-03 01:29:43.912 DEBUG content 33949 e3dff3fb-c7eb-4abc-a44e-5e7c106892e9 Processing reference: OutboundIntegration.forum
2026-06-03 01:29:43.912 DEBUG content 33949 e3dff3fb-c7eb-4abc-a44e-5e7c106892e9 Processing reference: OutboundIntegration.integrationOutputsAsTypedValue
2026-06-03 01:29:43.913 DEBUG content 33949 e3dff3fb-c7eb-4abc-a44e-5e7c106892e9 Processing reference: TypedVariable[name=folioNumber_text,it=3,v=]
2026-06-03 01:29:43.913 DEBUG content 33949 e3dff3fb-c7eb-4abc-a44e-5e7c106892e9 Processing reference: TypedVariable[name=individualAccountNumber_text,it=3,v=]
2026-06-03 01:29:43.913 DEBUG content 33949 e3dff3fb-c7eb-4abc-a44e-5e7c106892e9 Processing reference: TypedVariable[name=brandStatus_text,it=3,v=]
2026-06-03 01:29:43.913 DEBUG content 33949 e3dff3fb-c7eb-4abc-a44e-5e7c106892e9 Processing reference: TypedVariable[name=limit,it=3,v=]
2026-06-03 01:29:43.913 DEBUG content 33949 e3dff3fb-c7eb-4abc-a44e-5e7c106892e9 Processing reference: TypedVariable[name=page,it=3,v=]
2026-06-03 01:29:43.913 DEBUG content 33949 e3dff3fb-c7eb-4abc-a44e-5e7c106892e9 Processing reference: OutboundIntegration.parent
2026-06-03 01:29:43.915 DEBUG content 33949 e3dff3fb-c7eb-4abc-a44e-5e7c106892e9 Processing reference: com.appiancorp.suiteapi.content.ContentRoleMap@a1b6029[
  ContentRole[name=readers,inherit=true,allowForAll=false]
  ContentRole[name=authors,inherit=true,allowForAll=false]
  ContentRole[name=administrators,inherit=true,allowForAll=false]
  ContentRole[name=denyReaders,inherit=false,allowForAll=false]
  ContentRole[name=denyAuthors,inherit=false,allowForAll=false]
  ContentRole[name=denyAdministrators,inherit=false,allowForAll=false]
  securityVector=15:SEC_PUBLIC=true,SEC_CREATOR_ADMIN=false,SEC_INH_ADMIN=true,SEC_INH_EDITOR=true,SEC_INH_VIEWER=true,SEC_ALL_ADMIN=false,SEC_ALL_EDITOR=false,SEC_ALL_VIEWER=false
]
2026-06-03 01:29:43.915 DEBUG content 33949 e3dff3fb-c7eb-4abc-a44e-5e7c106892e9 Processing reference: ContentRole[name=readers,inherit=true,allowForAll=false]
2026-06-03 01:29:43.915 DEBUG content 33949 e3dff3fb-c7eb-4abc-a44e-5e7c106892e9 Processing reference: ContentRole[name=authors,inherit=true,allowForAll=false]
2026-06-03 01:29:43.915 DEBUG content 33949 e3dff3fb-c7eb-4abc-a44e-5e7c106892e9 Processing reference: ContentRole[name=administrators,inherit=true,allowForAll=false]
2026-06-03 01:29:43.915 DEBUG content 33949 e3dff3fb-c7eb-4abc-a44e-5e7c106892e9 Processing reference: ContentRole[name=denyReaders,inherit=false,allowForAll=false]
2026-06-03 01:29:43.915 DEBUG content 33949 e3dff3fb-c7eb-4abc-a44e-5e7c106892e9 Processing reference: ContentRole[name=denyAuthors,inherit=false,allowForAll=false]
2026-06-03 01:29:43.915 DEBUG content 33949 e3dff3fb-c7eb-4abc-a44e-5e7c106892e9 Processing reference: ContentRole[name=denyAdministrators,inherit=false,allowForAll=false]
2026-06-03 01:29:43.916 DEBUG content 33949 e3dff3fb-c7eb-4abc-a44e-5e7c106892e9 Exporting binary resources.
2026-06-03 01:29:43.916 DEBUG content 33949 e3dff3fb-c7eb-4abc-a44e-5e7c106892e9 Serializing object to XML.
2026-06-03 01:29:43.92 DEBUG content 33949 e3dff3fb-c7eb-4abc-a44e-5e7c106892e9 Object transported.
2026-06-03 01:29:43.92 DEBUG content 33950 110ebbb4-6e51-4530-8c1c-0abc27b69416 Begin transport.
2026-06-03 01:29:43.92 DEBUG content 33950 110ebbb4-6e51-4530-8c1c-0abc27b69416 Retrieving object data.
2026-06-03 01:29:43.93 DEBUG content 33950 110ebbb4-6e51-4530-8c1c-0abc27b69416 Setting uuids of object references.
2026-06-03 01:29:43.93 DEBUG content 33950 110ebbb4-6e51-4530-8c1c-0abc27b69416 Processing reference: [Content:id=5179,versionId=-1,name=NCI_OPER_patchMarcaDesmarcaCuentas,type=32,subtype=5,uuid=110ebbb4-6e51-4530-8c1c-0abc27b69416,parent=1660]
2026-06-03 01:29:43.94 DEBUG content 33950 110ebbb4-6e51-4530-8c1c-0abc27b69416 Processing reference: OutboundIntegration.forum
2026-06-03 01:29:43.94 DEBUG content 33950 110ebbb4-6e51-4530-8c1c-0abc27b69416 Processing reference: OutboundIntegration.integrationOutputsAsTypedValue
2026-06-03 01:29:43.941 DEBUG content 33950 110ebbb4-6e51-4530-8c1c-0abc27b69416 Processing reference: TypedVariable[name=requestMap,it=97,v=<null>]
2026-06-03 01:29:43.941 DEBUG content 33950 110ebbb4-6e51-4530-8c1c-0abc27b69416 Processing reference: TypedVariable[name=onSuccess,it=97,v=<null>]
2026-06-03 01:29:43.941 DEBUG content 33950 110ebbb4-6e51-4530-8c1c-0abc27b69416 Processing reference: TypedVariable[name=onError,it=97,v=<null>]
2026-06-03 01:29:43.941 DEBUG content 33950 110ebbb4-6e51-4530-8c1c-0abc27b69416 Processing reference: OutboundIntegration.parent
2026-06-03 01:29:43.943 DEBUG content 33950 110ebbb4-6e51-4530-8c1c-0abc27b69416 Processing reference: com.appiancorp.suiteapi.content.ContentRoleMap@f1d3dbc[
  ContentRole[name=readers,inherit=true,allowForAll=false]
  ContentRole[name=authors,inherit=true,allowForAll=false]
  ContentRole[name=administrators,inherit=true,allowForAll=false]
  ContentRole[name=denyReaders,inherit=false,allowForAll=false]
  ContentRole[name=denyAuthors,inherit=false,allowForAll=false]
  ContentRole[name=denyAdministrators,inherit=false,allowForAll=false]
  securityVector=15:SEC_PUBLIC=true,SEC_CREATOR_ADMIN=false,SEC_INH_ADMIN=true,SEC_INH_EDITOR=true,SEC_INH_VIEWER=true,SEC_ALL_ADMIN=false,SEC_ALL_EDITOR=false,SEC_ALL_VIEWER=false
]
2026-06-03 01:29:43.943 DEBUG content 33950 110ebbb4-6e51-4530-8c1c-0abc27b69416 Processing reference: ContentRole[name=readers,inherit=true,allowForAll=false]
2026-06-03 01:29:43.943 DEBUG content 33950 110ebbb4-6e51-4530-8c1c-0abc27b69416 Processing reference: ContentRole[name=authors,inherit=true,allowForAll=false]
2026-06-03 01:29:43.943 DEBUG content 33950 110ebbb4-6e51-4530-8c1c-0abc27b69416 Processing reference: ContentRole[name=administrators,inherit=true,allowForAll=false]
2026-06-03 01:29:43.943 DEBUG content 33950 110ebbb4-6e51-4530-8c1c-0abc27b69416 Processing reference: ContentRole[name=denyReaders,inherit=false,allowForAll=false]
2026-06-03 01:29:43.943 DEBUG content 33950 110ebbb4-6e51-4530-8c1c-0abc27b69416 Processing reference: ContentRole[name=denyAuthors,inherit=false,allowForAll=false]
2026-06-03 01:29:43.943 DEBUG content 33950 110ebbb4-6e51-4530-8c1c-0abc27b69416 Processing reference: ContentRole[name=denyAdministrators,inherit=false,allowForAll=false]
2026-06-03 01:29:43.944 DEBUG content 33950 110ebbb4-6e51-4530-8c1c-0abc27b69416 Exporting binary resources.
2026-06-03 01:29:43.944 DEBUG content 33950 110ebbb4-6e51-4530-8c1c-0abc27b69416 Serializing object to XML.
2026-06-03 01:29:43.947 DEBUG content 33950 110ebbb4-6e51-4530-8c1c-0abc27b69416 Object transported.
2026-06-03 01:29:43.947 DEBUG content 33951 e66fec7f-fc07-440f-8313-fc609adf0857 Begin transport.
2026-06-03 01:29:43.947 DEBUG content 33951 e66fec7f-fc07-440f-8313-fc609adf0857 Retrieving object data.
2026-06-03 01:29:43.955 DEBUG content 33951 e66fec7f-fc07-440f-8313-fc609adf0857 Setting uuids of object references.
2026-06-03 01:29:43.955 DEBUG content 33951 e66fec7f-fc07-440f-8313-fc609adf0857 Processing reference: [Content:id=6183,versionId=-1,name=NCI_OPER_getDispersionesReport,type=32,subtype=5,uuid=e66fec7f-fc07-440f-8313-fc609adf0857,parent=1660]
2026-06-03 01:29:43.963 DEBUG content 33951 e66fec7f-fc07-440f-8313-fc609adf0857 Processing reference: OutboundIntegration.forum
2026-06-03 01:29:43.963 DEBUG content 33951 e66fec7f-fc07-440f-8313-fc609adf0857 Processing reference: OutboundIntegration.integrationOutputsAsTypedValue
2026-06-03 01:29:43.963 DEBUG content 33951 e66fec7f-fc07-440f-8313-fc609adf0857 Processing reference: TypedVariable[name=subprocessId,it=1,v=<null>]
2026-06-03 01:29:43.963 DEBUG content 33951 e66fec7f-fc07-440f-8313-fc609adf0857 Processing reference: TypedVariable[name=beginningDate,it=3,v=]
2026-06-03 01:29:43.963 DEBUG content 33951 e66fec7f-fc07-440f-8313-fc609adf0857 Processing reference: TypedVariable[name=endingDate,it=3,v=]
2026-06-03 01:29:43.963 DEBUG content 33951 e66fec7f-fc07-440f-8313-fc609adf0857 Processing reference: OutboundIntegration.parent
2026-06-03 01:29:43.965 DEBUG content 33951 e66fec7f-fc07-440f-8313-fc609adf0857 Processing reference: com.appiancorp.suiteapi.content.ContentRoleMap@7fb3f29[
  ContentRole[name=readers,inherit=true,allowForAll=false]
  ContentRole[name=authors,inherit=true,allowForAll=false]
  ContentRole[name=administrators,inherit=true,allowForAll=false]
  ContentRole[name=denyReaders,inherit=false,allowForAll=false]
  ContentRole[name=denyAuthors,inherit=false,allowForAll=false]
  ContentRole[name=denyAdministrators,inherit=false,allowForAll=false]
  securityVector=15:SEC_PUBLIC=true,SEC_CREATOR_ADMIN=false,SEC_INH_ADMIN=true,SEC_INH_EDITOR=true,SEC_INH_VIEWER=true,SEC_ALL_ADMIN=false,SEC_ALL_EDITOR=false,SEC_ALL_VIEWER=false
]
2026-06-03 01:29:43.965 DEBUG content 33951 e66fec7f-fc07-440f-8313-fc609adf0857 Processing reference: ContentRole[name=readers,inherit=true,allowForAll=false]
2026-06-03 01:29:43.965 DEBUG content 33951 e66fec7f-fc07-440f-8313-fc609adf0857 Processing reference: ContentRole[name=authors,inherit=true,allowForAll=false]
2026-06-03 01:29:43.965 DEBUG content 33951 e66fec7f-fc07-440f-8313-fc609adf0857 Processing reference: ContentRole[name=administrators,inherit=true,allowForAll=false]
2026-06-03 01:29:43.965 DEBUG content 33951 e66fec7f-fc07-440f-8313-fc609adf0857 Processing reference: ContentRole[name=denyReaders,inherit=false,allowForAll=false]
2026-06-03 01:29:43.965 DEBUG content 33951 e66fec7f-fc07-440f-8313-fc609adf0857 Processing reference: ContentRole[name=denyAuthors,inherit=false,allowForAll=false]
2026-06-03 01:29:43.965 DEBUG content 33951 e66fec7f-fc07-440f-8313-fc609adf0857 Processing reference: ContentRole[name=denyAdministrators,inherit=false,allowForAll=false]
2026-06-03 01:29:43.966 DEBUG content 33951 e66fec7f-fc07-440f-8313-fc609adf0857 Exporting binary resources.
2026-06-03 01:29:43.966 DEBUG content 33951 e66fec7f-fc07-440f-8313-fc609adf0857 Serializing object to XML.
2026-06-03 01:29:43.969 DEBUG content 33951 e66fec7f-fc07-440f-8313-fc609adf0857 Object transported.
2026-06-03 01:29:43.969 DEBUG content 33952 35a35d95-da3f-45be-a1a0-95d5a6491eec Begin transport.
2026-06-03 01:29:43.969 DEBUG content 33952 35a35d95-da3f-45be-a1a0-95d5a6491eec Retrieving object data.
2026-06-03 01:29:43.978 DEBUG content 33952 35a35d95-da3f-45be-a1a0-95d5a6491eec Setting uuids of object references.
2026-06-03 01:29:43.978 DEBUG content 33952 35a35d95-da3f-45be-a1a0-95d5a6491eec Processing reference: [Content:id=6184,versionId=-1,name=NCI_OPER_postGeneraReporteDispersiones,type=32,subtype=5,uuid=35a35d95-da3f-45be-a1a0-95d5a6491eec,parent=1660]
2026-06-03 01:29:43.99 DEBUG content 33952 35a35d95-da3f-45be-a1a0-95d5a6491eec Processing reference: OutboundIntegration.forum
2026-06-03 01:29:43.991 DEBUG content 33952 35a35d95-da3f-45be-a1a0-95d5a6491eec Processing reference: OutboundIntegration.integrationOutputsAsTypedValue
2026-06-03 01:29:43.991 DEBUG content 33952 35a35d95-da3f-45be-a1a0-95d5a6491eec Processing reference: TypedVariable[name=subprocessId,it=1,v=<null>]
2026-06-03 01:29:43.991 DEBUG content 33952 35a35d95-da3f-45be-a1a0-95d5a6491eec Processing reference: TypedVariable[name=beginningDate,it=3,v=]
2026-06-03 01:29:43.991 DEBUG content 33952 35a35d95-da3f-45be-a1a0-95d5a6491eec Processing reference: TypedVariable[name=endingDate,it=3,v=]
2026-06-03 01:29:43.991 DEBUG content 33952 35a35d95-da3f-45be-a1a0-95d5a6491eec Processing reference: TypedVariable[name=reportType,it=3,v=]
2026-06-03 01:29:43.991 DEBUG content 33952 35a35d95-da3f-45be-a1a0-95d5a6491eec Processing reference: TypedVariable[name=onSuccess,it=97,v=<null>]
2026-06-03 01:29:43.991 DEBUG content 33952 35a35d95-da3f-45be-a1a0-95d5a6491eec Processing reference: TypedVariable[name=onError,it=97,v=<null>]
2026-06-03 01:29:43.991 DEBUG content 33952 35a35d95-da3f-45be-a1a0-95d5a6491eec Processing reference: OutboundIntegration.parent
2026-06-03 01:29:43.993 DEBUG content 33952 35a35d95-da3f-45be-a1a0-95d5a6491eec Processing reference: com.appiancorp.suiteapi.content.ContentRoleMap@38151a62[
  ContentRole[name=readers,inherit=true,allowForAll=false]
  ContentRole[name=authors,inherit=true,allowForAll=false]
  ContentRole[name=administrators,inherit=true,allowForAll=false]
  ContentRole[name=denyReaders,inherit=false,allowForAll=false]
  ContentRole[name=denyAuthors,inherit=false,allowForAll=false]
  ContentRole[name=denyAdministrators,inherit=false,allowForAll=false]
  securityVector=15:SEC_PUBLIC=true,SEC_CREATOR_ADMIN=false,SEC_INH_ADMIN=true,SEC_INH_EDITOR=true,SEC_INH_VIEWER=true,SEC_ALL_ADMIN=false,SEC_ALL_EDITOR=false,SEC_ALL_VIEWER=false
]
2026-06-03 01:29:43.993 DEBUG content 33952 35a35d95-da3f-45be-a1a0-95d5a6491eec Processing reference: ContentRole[name=readers,inherit=true,allowForAll=false]
2026-06-03 01:29:43.993 DEBUG content 33952 35a35d95-da3f-45be-a1a0-95d5a6491eec Processing reference: ContentRole[name=authors,inherit=true,allowForAll=false]
2026-06-03 01:29:43.993 DEBUG content 33952 35a35d95-da3f-45be-a1a0-95d5a6491eec Processing reference: ContentRole[name=administrators,inherit=true,allowForAll=false]
2026-06-03 01:29:43.993 DEBUG content 33952 35a35d95-da3f-45be-a1a0-95d5a6491eec Processing reference: ContentRole[name=denyReaders,inherit=false,allowForAll=false]
2026-06-03 01:29:43.993 DEBUG content 33952 35a35d95-da3f-45be-a1a0-95d5a6491eec Processing reference: ContentRole[name=denyAuthors,inherit=false,allowForAll=false]
2026-06-03 01:29:43.993 DEBUG content 33952 35a35d95-da3f-45be-a1a0-95d5a6491eec Processing reference: ContentRole[name=denyAdministrators,inherit=false,allowForAll=false]
2026-06-03 01:29:43.994 DEBUG content 33952 35a35d95-da3f-45be-a1a0-95d5a6491eec Exporting binary resources.
2026-06-03 01:29:43.994 DEBUG content 33952 35a35d95-da3f-45be-a1a0-95d5a6491eec Serializing object to XML.
2026-06-03 01:29:43.998 DEBUG content 33952 35a35d95-da3f-45be-a1a0-95d5a6491eec Object transported.
2026-06-03 01:29:43.998 DEBUG content 33953 d014992d-3a8d-42c9-8caf-8bc2c4b913a6 Begin transport.
2026-06-03 01:29:43.998 DEBUG content 33953 d014992d-3a8d-42c9-8caf-8bc2c4b913a6 Retrieving object data.
2026-06-03 01:29:44.008 DEBUG content 33953 d014992d-3a8d-42c9-8caf-8bc2c4b913a6 Setting uuids of object references.
2026-06-03 01:29:44.008 DEBUG content 33953 d014992d-3a8d-42c9-8caf-8bc2c4b913a6 Processing reference: [Content:id=2055,versionId=-1,name=NCI_OPER_CifrasControlHistoricaOrdinariasAclaraciones,type=32,subtype=5,uuid=d014992d-3a8d-42c9-8caf-8bc2c4b913a6,parent=1660]
2026-06-03 01:29:44.019 DEBUG content 33953 d014992d-3a8d-42c9-8caf-8bc2c4b913a6 Processing reference: OutboundIntegration.forum
2026-06-03 01:29:44.02 DEBUG content 33953 d014992d-3a8d-42c9-8caf-8bc2c4b913a6 Processing reference: OutboundIntegration.integrationOutputsAsTypedValue
2026-06-03 01:29:44.02 DEBUG content 33953 d014992d-3a8d-42c9-8caf-8bc2c4b913a6 Processing reference: TypedVariable[name=subProcessId_int,it=1,v=<null>]
2026-06-03 01:29:44.02 DEBUG content 33953 d014992d-3a8d-42c9-8caf-8bc2c4b913a6 Processing reference: TypedVariable[name=folioNumber_txt,it=3,v=]
2026-06-03 01:29:44.02 DEBUG content 33953 d014992d-3a8d-42c9-8caf-8bc2c4b913a6 Processing reference: TypedVariable[name=tab_txt,it=3,v=]
2026-06-03 01:29:44.02 DEBUG content 33953 d014992d-3a8d-42c9-8caf-8bc2c4b913a6 Processing reference: TypedVariable[name=page_int,it=1,v=<null>]
2026-06-03 01:29:44.02 DEBUG content 33953 d014992d-3a8d-42c9-8caf-8bc2c4b913a6 Processing reference: TypedVariable[name=limit_int,it=1,v=<null>]
2026-06-03 01:29:44.02 DEBUG content 33953 d014992d-3a8d-42c9-8caf-8bc2c4b913a6 Processing reference: OutboundIntegration.parent
2026-06-03 01:29:44.022 DEBUG content 33953 d014992d-3a8d-42c9-8caf-8bc2c4b913a6 Processing reference: com.appiancorp.suiteapi.content.ContentRoleMap@791e9a30[
  ContentRole[name=readers,inherit=true,allowForAll=false]
  ContentRole[name=authors,inherit=true,allowForAll=false]
  ContentRole[name=administrators,inherit=true,allowForAll=false]
  ContentRole[name=denyReaders,inherit=false,allowForAll=false]
  ContentRole[name=denyAuthors,inherit=false,allowForAll=false]
  ContentRole[name=denyAdministrators,inherit=false,allowForAll=false]
  securityVector=15:SEC_PUBLIC=true,SEC_CREATOR_ADMIN=false,SEC_INH_ADMIN=true,SEC_INH_EDITOR=true,SEC_INH_VIEWER=true,SEC_ALL_ADMIN=false,SEC_ALL_EDITOR=false,SEC_ALL_VIEWER=false
]
2026-06-03 01:29:44.022 DEBUG content 33953 d014992d-3a8d-42c9-8caf-8bc2c4b913a6 Processing reference: ContentRole[name=readers,inherit=true,allowForAll=false]
2026-06-03 01:29:44.022 DEBUG content 33953 d014992d-3a8d-42c9-8caf-8bc2c4b913a6 Processing reference: ContentRole[name=authors,inherit=true,allowForAll=false]
2026-06-03 01:29:44.022 DEBUG content 33953 d014992d-3a8d-42c9-8caf-8bc2c4b913a6 Processing reference: ContentRole[name=administrators,inherit=true,allowForAll=false]
2026-06-03 01:29:44.022 DEBUG content 33953 d014992d-3a8d-42c9-8caf-8bc2c4b913a6 Processing reference: ContentRole[name=denyReaders,inherit=false,allowForAll=false]
2026-06-03 01:29:44.022 DEBUG content 33953 d014992d-3a8d-42c9-8caf-8bc2c4b913a6 Processing reference: ContentRole[name=denyAuthors,inherit=false,allowForAll=false]
2026-06-03 01:29:44.022 DEBUG content 33953 d014992d-3a8d-42c9-8caf-8bc2c4b913a6 Processing reference: ContentRole[name=denyAdministrators,inherit=false,allowForAll=false]
2026-06-03 01:29:44.024 DEBUG content 33953 d014992d-3a8d-42c9-8caf-8bc2c4b913a6 Exporting binary resources.
2026-06-03 01:29:44.024 DEBUG content 33953 d014992d-3a8d-42c9-8caf-8bc2c4b913a6 Serializing object to XML.
2026-06-03 01:29:44.028 DEBUG content 33953 d014992d-3a8d-42c9-8caf-8bc2c4b913a6 Object transported.
2026-06-03 01:29:44.028 DEBUG content 33954 02bdfb63-fe6d-4e7c-bbdf-d3cc129f5d7d Begin transport.
2026-06-03 01:29:44.028 DEBUG content 33954 02bdfb63-fe6d-4e7c-bbdf-d3cc129f5d7d Retrieving object data.
2026-06-03 01:29:44.038 DEBUG content 33954 02bdfb63-fe6d-4e7c-bbdf-d3cc129f5d7d Setting uuids of object references.
2026-06-03 01:29:44.038 DEBUG content 33954 02bdfb63-fe6d-4e7c-bbdf-d3cc129f5d7d Processing reference: [Content:id=2181,versionId=-1,name=NCI_OPER_CifrasControlHistoricaSieforeOA,type=32,subtype=5,uuid=02bdfb63-fe6d-4e7c-bbdf-d3cc129f5d7d,parent=1660]
2026-06-03 01:29:44.047 DEBUG content 33954 02bdfb63-fe6d-4e7c-bbdf-d3cc129f5d7d Processing reference: OutboundIntegration.forum
2026-06-03 01:29:44.047 DEBUG content 33954 02bdfb63-fe6d-4e7c-bbdf-d3cc129f5d7d Processing reference: OutboundIntegration.integrationOutputsAsTypedValue
2026-06-03 01:29:44.047 DEBUG content 33954 02bdfb63-fe6d-4e7c-bbdf-d3cc129f5d7d Processing reference: TypedVariable[name=folio_txt,it=3,v=]
2026-06-03 01:29:44.047 DEBUG content 33954 02bdfb63-fe6d-4e7c-bbdf-d3cc129f5d7d Processing reference: TypedVariable[name=tab_in,it=3,v=]
2026-06-03 01:29:44.047 DEBUG content 33954 02bdfb63-fe6d-4e7c-bbdf-d3cc129f5d7d Processing reference: OutboundIntegration.parent
2026-06-03 01:29:44.05 DEBUG content 33954 02bdfb63-fe6d-4e7c-bbdf-d3cc129f5d7d Processing reference: com.appiancorp.suiteapi.content.ContentRoleMap@2ce01d73[
  ContentRole[name=readers,inherit=true,allowForAll=false]
  ContentRole[name=authors,inherit=true,allowForAll=false]
  ContentRole[name=administrators,inherit=true,allowForAll=false]
  ContentRole[name=denyReaders,inherit=false,allowForAll=false]
  ContentRole[name=denyAuthors,inherit=false,allowForAll=false]
  ContentRole[name=denyAdministrators,inherit=false,allowForAll=false]
  securityVector=15:SEC_PUBLIC=true,SEC_CREATOR_ADMIN=false,SEC_INH_ADMIN=true,SEC_INH_EDITOR=true,SEC_INH_VIEWER=true,SEC_ALL_ADMIN=false,SEC_ALL_EDITOR=false,SEC_ALL_VIEWER=false
]
2026-06-03 01:29:44.05 DEBUG content 33954 02bdfb63-fe6d-4e7c-bbdf-d3cc129f5d7d Processing reference: ContentRole[name=readers,inherit=true,allowForAll=false]
2026-06-03 01:29:44.05 DEBUG content 33954 02bdfb63-fe6d-4e7c-bbdf-d3cc129f5d7d Processing reference: ContentRole[name=authors,inherit=true,allowForAll=false]
2026-06-03 01:29:44.05 DEBUG content 33954 02bdfb63-fe6d-4e7c-bbdf-d3cc129f5d7d Processing reference: ContentRole[name=administrators,inherit=true,allowForAll=false]
2026-06-03 01:29:44.05 DEBUG content 33954 02bdfb63-fe6d-4e7c-bbdf-d3cc129f5d7d Processing reference: ContentRole[name=denyReaders,inherit=false,allowForAll=false]
2026-06-03 01:29:44.05 DEBUG content 33954 02bdfb63-fe6d-4e7c-bbdf-d3cc129f5d7d Processing reference: ContentRole[name=denyAuthors,inherit=false,allowForAll=false]
2026-06-03 01:29:44.05 DEBUG content 33954 02bdfb63-fe6d-4e7c-bbdf-d3cc129f5d7d Processing reference: ContentRole[name=denyAdministrators,inherit=false,allowForAll=false]
2026-06-03 01:29:44.05 DEBUG content 33954 02bdfb63-fe6d-4e7c-bbdf-d3cc129f5d7d Exporting binary resources.
2026-06-03 01:29:44.05 DEBUG content 33954 02bdfb63-fe6d-4e7c-bbdf-d3cc129f5d7d Serializing object to XML.
2026-06-03 01:29:44.053 DEBUG content 33954 02bdfb63-fe6d-4e7c-bbdf-d3cc129f5d7d Object transported.
2026-06-03 01:29:44.053 DEBUG content 33955 bbbeeea1-0185-4ad7-8150-6c3ce35dc00d Begin transport.
2026-06-03 01:29:44.053 DEBUG content 33955 bbbeeea1-0185-4ad7-8150-6c3ce35dc00d Retrieving object data.
2026-06-03 01:29:44.063 DEBUG content 33955 bbbeeea1-0185-4ad7-8150-6c3ce35dc00d Setting uuids of object references.
2026-06-03 01:29:44.063 DEBUG content 33955 bbbeeea1-0185-4ad7-8150-6c3ce35dc00d Processing reference: [Content:id=2057,versionId=-1,name=NCI_OPER_CifrasControlHistoricaTabTotales,type=32,subtype=5,uuid=bbbeeea1-0185-4ad7-8150-6c3ce35dc00d,parent=1660]
2026-06-03 01:29:44.093 DEBUG content 33955 bbbeeea1-0185-4ad7-8150-6c3ce35dc00d Processing reference: OutboundIntegration.forum
2026-06-03 01:29:44.093 DEBUG content 33955 bbbeeea1-0185-4ad7-8150-6c3ce35dc00d Processing reference: OutboundIntegration.integrationOutputsAsTypedValue
2026-06-03 01:29:44.093 DEBUG content 33955 bbbeeea1-0185-4ad7-8150-6c3ce35dc00d Processing reference: TypedVariable[name=subProcessId_int,it=1,v=<null>]
2026-06-03 01:29:44.093 DEBUG content 33955 bbbeeea1-0185-4ad7-8150-6c3ce35dc00d Processing reference: TypedVariable[name=folioNumber_txt,it=3,v=]
2026-06-03 01:29:44.093 DEBUG content 33955 bbbeeea1-0185-4ad7-8150-6c3ce35dc00d Processing reference: OutboundIntegration.parent
2026-06-03 01:29:44.096 DEBUG content 33955 bbbeeea1-0185-4ad7-8150-6c3ce35dc00d Processing reference: com.appiancorp.suiteapi.content.ContentRoleMap@4a14976c[
  ContentRole[name=readers,inherit=true,allowForAll=false]
  ContentRole[name=authors,inherit=true,allowForAll=false]
  ContentRole[name=administrators,inherit=true,allowForAll=false]
  ContentRole[name=denyReaders,inherit=false,allowForAll=false]
  ContentRole[name=denyAuthors,inherit=false,allowForAll=false]
  ContentRole[name=denyAdministrators,inherit=false,allowForAll=false]
  securityVector=15:SEC_PUBLIC=true,SEC_CREATOR_ADMIN=false,SEC_INH_ADMIN=true,SEC_INH_EDITOR=true,SEC_INH_VIEWER=true,SEC_ALL_ADMIN=false,SEC_ALL_EDITOR=false,SEC_ALL_VIEWER=false
]
2026-06-03 01:29:44.096 DEBUG content 33955 bbbeeea1-0185-4ad7-8150-6c3ce35dc00d Processing reference: ContentRole[name=readers,inherit=true,allowForAll=false]
2026-06-03 01:29:44.096 DEBUG content 33955 bbbeeea1-0185-4ad7-8150-6c3ce35dc00d Processing reference: ContentRole[name=authors,inherit=true,allowForAll=false]
2026-06-03 01:29:44.096 DEBUG content 33955 bbbeeea1-0185-4ad7-8150-6c3ce35dc00d Processing reference: ContentRole[name=administrators,inherit=true,allowForAll=false]
2026-06-03 01:29:44.096 DEBUG content 33955 bbbeeea1-0185-4ad7-8150-6c3ce35dc00d Processing reference: ContentRole[name=denyReaders,inherit=false,allowForAll=false]
2026-06-03 01:29:44.096 DEBUG content 33955 bbbeeea1-0185-4ad7-8150-6c3ce35dc00d Processing reference: ContentRole[name=denyAuthors,inherit=false,allowForAll=false]
2026-06-03 01:29:44.096 DEBUG content 33955 bbbeeea1-0185-4ad7-8150-6c3ce35dc00d Processing reference: ContentRole[name=denyAdministrators,inherit=false,allowForAll=false]
2026-06-03 01:29:44.097 DEBUG content 33955 bbbeeea1-0185-4ad7-8150-6c3ce35dc00d Exporting binary resources.
2026-06-03 01:29:44.097 DEBUG content 33955 bbbeeea1-0185-4ad7-8150-6c3ce35dc00d Serializing object to XML.
2026-06-03 01:29:44.1 DEBUG content 33955 bbbeeea1-0185-4ad7-8150-6c3ce35dc00d Object transported.
2026-06-03 01:29:44.1 DEBUG content 33956 0b1e37fb-d24f-4343-b648-6adf403e53d9 Begin transport.
2026-06-03 01:29:44.1 DEBUG content 33956 0b1e37fb-d24f-4343-b648-6adf403e53d9 Retrieving object data.
2026-06-03 01:29:44.108 DEBUG content 33956 0b1e37fb-d24f-4343-b648-6adf403e53d9 Setting uuids of object references.
2026-06-03 01:29:44.108 DEBUG content 33956 0b1e37fb-d24f-4343-b648-6adf403e53d9 Processing reference: [Content:id=2051,versionId=-1,name=NCI_OPER_CifrasControlHistoricaVivienda1,type=32,subtype=5,uuid=0b1e37fb-d24f-4343-b648-6adf403e53d9,parent=1660]
2026-06-03 01:29:44.117 DEBUG content 33956 0b1e37fb-d24f-4343-b648-6adf403e53d9 Processing reference: OutboundIntegration.forum
2026-06-03 01:29:44.117 DEBUG content 33956 0b1e37fb-d24f-4343-b648-6adf403e53d9 Processing reference: OutboundIntegration.integrationOutputsAsTypedValue
2026-06-03 01:29:44.117 DEBUG content 33956 0b1e37fb-d24f-4343-b648-6adf403e53d9 Processing reference: TypedVariable[name=folio_txt,it=3,v=]
2026-06-03 01:29:44.117 DEBUG content 33956 0b1e37fb-d24f-4343-b648-6adf403e53d9 Processing reference: TypedVariable[name=page_int,it=1,v=<null>]
2026-06-03 01:29:44.117 DEBUG content 33956 0b1e37fb-d24f-4343-b648-6adf403e53d9 Processing reference: TypedVariable[name=limit_int,it=1,v=<null>]
2026-06-03 01:29:44.117 DEBUG content 33956 0b1e37fb-d24f-4343-b648-6adf403e53d9 Processing reference: OutboundIntegration.parent
2026-06-03 01:29:44.12 DEBUG content 33956 0b1e37fb-d24f-4343-b648-6adf403e53d9 Processing reference: com.appiancorp.suiteapi.content.ContentRoleMap@6b2bcf4[
  ContentRole[name=readers,inherit=true,allowForAll=false]
  ContentRole[name=authors,inherit=true,allowForAll=false]
  ContentRole[name=administrators,inherit=true,allowForAll=false]
  ContentRole[name=denyReaders,inherit=false,allowForAll=false]
  ContentRole[name=denyAuthors,inherit=false,allowForAll=false]
  ContentRole[name=denyAdministrators,inherit=false,allowForAll=false]
  securityVector=15:SEC_PUBLIC=true,SEC_CREATOR_ADMIN=false,SEC_INH_ADMIN=true,SEC_INH_EDITOR=true,SEC_INH_VIEWER=true,SEC_ALL_ADMIN=false,SEC_ALL_EDITOR=false,SEC_ALL_VIEWER=false
]
2026-06-03 01:29:44.12 DEBUG content 33956 0b1e37fb-d24f-4343-b648-6adf403e53d9 Processing reference: ContentRole[name=readers,inherit=true,allowForAll=false]
2026-06-03 01:29:44.12 DEBUG content 33956 0b1e37fb-d24f-4343-b648-6adf403e53d9 Processing reference: ContentRole[name=authors,inherit=true,allowForAll=false]
2026-06-03 01:29:44.12 DEBUG content 33956 0b1e37fb-d24f-4343-b648-6adf403e53d9 Processing reference: ContentRole[name=administrators,inherit=true,allowForAll=false]
2026-06-03 01:29:44.12 DEBUG content 33956 0b1e37fb-d24f-4343-b648-6adf403e53d9 Processing reference: ContentRole[name=denyReaders,inherit=false,allowForAll=false]
2026-06-03 01:29:44.12 DEBUG content 33956 0b1e37fb-d24f-4343-b648-6adf403e53d9 Processing reference: ContentRole[name=denyAuthors,inherit=false,allowForAll=false]
2026-06-03 01:29:44.12 DEBUG content 33956 0b1e37fb-d24f-4343-b648-6adf403e53d9 Processing reference: ContentRole[name=denyAdministrators,inherit=false,allowForAll=false]
2026-06-03 01:29:44.121 DEBUG content 33956 0b1e37fb-d24f-4343-b648-6adf403e53d9 Exporting binary resources.
2026-06-03 01:29:44.121 DEBUG content 33956 0b1e37fb-d24f-4343-b648-6adf403e53d9 Serializing object to XML.
2026-06-03 01:29:44.124 DEBUG content 33956 0b1e37fb-d24f-4343-b648-6adf403e53d9 Object transported.
2026-06-03 01:29:44.124 DEBUG content 33957 d55c7bff-c9b1-431a-af32-1f0e9072fb2c Begin transport.
2026-06-03 01:29:44.124 DEBUG content 33957 d55c7bff-c9b1-431a-af32-1f0e9072fb2c Retrieving object data.
2026-06-03 01:29:44.133 DEBUG content 33957 d55c7bff-c9b1-431a-af32-1f0e9072fb2c Setting uuids of object references.
2026-06-03 01:29:44.134 DEBUG content 33957 d55c7bff-c9b1-431a-af32-1f0e9072fb2c Processing reference: [Content:id=2053,versionId=-1,name=NCI_OPER_CifrasControlHistoricaVivienda2,type=32,subtype=5,uuid=d55c7bff-c9b1-431a-af32-1f0e9072fb2c,parent=1660]
2026-06-03 01:29:44.142 DEBUG content 33957 d55c7bff-c9b1-431a-af32-1f0e9072fb2c Processing reference: OutboundIntegration.forum
2026-06-03 01:29:44.142 DEBUG content 33957 d55c7bff-c9b1-431a-af32-1f0e9072fb2c Processing reference: OutboundIntegration.integrationOutputsAsTypedValue
2026-06-03 01:29:44.142 DEBUG content 33957 d55c7bff-c9b1-431a-af32-1f0e9072fb2c Processing reference: TypedVariable[name=folio_txt,it=3,v=]
2026-06-03 01:29:44.142 DEBUG content 33957 d55c7bff-c9b1-431a-af32-1f0e9072fb2c Processing reference: TypedVariable[name=page_int,it=1,v=<null>]
2026-06-03 01:29:44.142 DEBUG content 33957 d55c7bff-c9b1-431a-af32-1f0e9072fb2c Processing reference: TypedVariable[name=limit_int,it=1,v=<null>]
2026-06-03 01:29:44.142 DEBUG content 33957 d55c7bff-c9b1-431a-af32-1f0e9072fb2c Processing reference: OutboundIntegration.parent
2026-06-03 01:29:44.144 DEBUG content 33957 d55c7bff-c9b1-431a-af32-1f0e9072fb2c Processing reference: com.appiancorp.suiteapi.content.ContentRoleMap@ec0dde5[
  ContentRole[name=readers,inherit=true,allowForAll=false]
  ContentRole[name=authors,inherit=true,allowForAll=false]
  ContentRole[name=administrators,inherit=true,allowForAll=false]
  ContentRole[name=denyReaders,inherit=false,allowForAll=false]
  ContentRole[name=denyAuthors,inherit=false,allowForAll=false]
  ContentRole[name=denyAdministrators,inherit=false,allowForAll=false]
  securityVector=15:SEC_PUBLIC=true,SEC_CREATOR_ADMIN=false,SEC_INH_ADMIN=true,SEC_INH_EDITOR=true,SEC_INH_VIEWER=true,SEC_ALL_ADMIN=false,SEC_ALL_EDITOR=false,SEC_ALL_VIEWER=false
]
2026-06-03 01:29:44.144 DEBUG content 33957 d55c7bff-c9b1-431a-af32-1f0e9072fb2c Processing reference: ContentRole[name=readers,inherit=true,allowForAll=false]
2026-06-03 01:29:44.144 DEBUG content 33957 d55c7bff-c9b1-431a-af32-1f0e9072fb2c Processing reference: ContentRole[name=authors,inherit=true,allowForAll=false]
2026-06-03 01:29:44.144 DEBUG content 33957 d55c7bff-c9b1-431a-af32-1f0e9072fb2c Processing reference: ContentRole[name=administrators,inherit=true,allowForAll=false]
2026-06-03 01:29:44.144 DEBUG content 33957 d55c7bff-c9b1-431a-af32-1f0e9072fb2c Processing reference: ContentRole[name=denyReaders,inherit=false,allowForAll=false]
2026-06-03 01:29:44.145 DEBUG content 33957 d55c7bff-c9b1-431a-af32-1f0e9072fb2c Processing reference: ContentRole[name=denyAuthors,inherit=false,allowForAll=false]
2026-06-03 01:29:44.145 DEBUG content 33957 d55c7bff-c9b1-431a-af32-1f0e9072fb2c Processing reference: ContentRole[name=denyAdministrators,inherit=false,allowForAll=false]
2026-06-03 01:29:44.145 DEBUG content 33957 d55c7bff-c9b1-431a-af32-1f0e9072fb2c Exporting binary resources.
2026-06-03 01:29:44.145 DEBUG content 33957 d55c7bff-c9b1-431a-af32-1f0e9072fb2c Serializing object to XML.
2026-06-03 01:29:44.148 DEBUG content 33957 d55c7bff-c9b1-431a-af32-1f0e9072fb2c Object transported.
2026-06-03 01:29:44.148 DEBUG content 33958 ceee69b0-913a-4c78-a870-17b4f88860d1 Begin transport.
2026-06-03 01:29:44.148 DEBUG content 33958 ceee69b0-913a-4c78-a870-17b4f88860d1 Retrieving object data.
2026-06-03 01:29:44.156 DEBUG content 33958 ceee69b0-913a-4c78-a870-17b4f88860d1 Setting uuids of object references.
2026-06-03 01:29:44.156 DEBUG content 33958 ceee69b0-913a-4c78-a870-17b4f88860d1 Processing reference: [Content:id=8155,versionId=-1,name=NCI_OPER_CifrasValidacionServices,type=32,subtype=5,uuid=ceee69b0-913a-4c78-a870-17b4f88860d1,parent=1660]
2026-06-03 01:29:44.167 DEBUG content 33958 ceee69b0-913a-4c78-a870-17b4f88860d1 Processing reference: OutboundIntegration.forum
2026-06-03 01:29:44.167 DEBUG content 33958 ceee69b0-913a-4c78-a870-17b4f88860d1 Processing reference: OutboundIntegration.integrationOutputsAsTypedValue
2026-06-03 01:29:44.167 DEBUG content 33958 ceee69b0-913a-4c78-a870-17b4f88860d1 Processing reference: TypedVariable[name=folio,it=3,v=]
2026-06-03 01:29:44.167 DEBUG content 33958 ceee69b0-913a-4c78-a870-17b4f88860d1 Processing reference: TypedVariable[name=substage,it=3,v=]
2026-06-03 01:29:44.167 DEBUG content 33958 ceee69b0-913a-4c78-a870-17b4f88860d1 Processing reference: OutboundIntegration.parent
2026-06-03 01:29:44.169 DEBUG content 33958 ceee69b0-913a-4c78-a870-17b4f88860d1 Processing reference: com.appiancorp.suiteapi.content.ContentRoleMap@7c8ea298[
  ContentRole[name=readers,inherit=true,allowForAll=false]
  ContentRole[name=authors,inherit=true,allowForAll=false]
  ContentRole[name=administrators,inherit=true,allowForAll=false]
  ContentRole[name=denyReaders,inherit=false,allowForAll=false]
  ContentRole[name=denyAuthors,inherit=false,allowForAll=false]
  ContentRole[name=denyAdministrators,inherit=false,allowForAll=false]
  securityVector=15:SEC_PUBLIC=true,SEC_CREATOR_ADMIN=false,SEC_INH_ADMIN=true,SEC_INH_EDITOR=true,SEC_INH_VIEWER=true,SEC_ALL_ADMIN=false,SEC_ALL_EDITOR=false,SEC_ALL_VIEWER=false
]
2026-06-03 01:29:44.169 DEBUG content 33958 ceee69b0-913a-4c78-a870-17b4f88860d1 Processing reference: ContentRole[name=readers,inherit=true,allowForAll=false]
2026-06-03 01:29:44.169 DEBUG content 33958 ceee69b0-913a-4c78-a870-17b4f88860d1 Processing reference: ContentRole[name=authors,inherit=true,allowForAll=false]
2026-06-03 01:29:44.169 DEBUG content 33958 ceee69b0-913a-4c78-a870-17b4f88860d1 Processing reference: ContentRole[name=administrators,inherit=true,allowForAll=false]
2026-06-03 01:29:44.169 DEBUG content 33958 ceee69b0-913a-4c78-a870-17b4f88860d1 Processing reference: ContentRole[name=denyReaders,inherit=false,allowForAll=false]
2026-06-03 01:29:44.169 DEBUG content 33958 ceee69b0-913a-4c78-a870-17b4f88860d1 Processing reference: ContentRole[name=denyAuthors,inherit=false,allowForAll=false]
2026-06-03 01:29:44.169 DEBUG content 33958 ceee69b0-913a-4c78-a870-17b4f88860d1 Processing reference: ContentRole[name=denyAdministrators,inherit=false,allowForAll=false]
2026-06-03 01:29:44.174 DEBUG content 33958 ceee69b0-913a-4c78-a870-17b4f88860d1 Exporting binary resources.
2026-06-03 01:29:44.174 DEBUG content 33958 ceee69b0-913a-4c78-a870-17b4f88860d1 Serializing object to XML.
2026-06-03 01:29:44.177 DEBUG content 33958 ceee69b0-913a-4c78-a870-17b4f88860d1 Object transported.
2026-06-03 01:29:44.177 DEBUG content 33959 _a-0000eccb-293d-8000-9ba8-011c48011c48_108433 Begin transport.
2026-06-03 01:29:44.177 DEBUG content 33959 _a-0000eccb-293d-8000-9ba8-011c48011c48_108433 Retrieving object data.
2026-06-03 01:29:44.184 DEBUG content 33959 _a-0000eccb-293d-8000-9ba8-011c48011c48_108433 Setting uuids of object references.
2026-06-03 01:29:44.184 DEBUG content 33959 _a-0000eccb-293d-8000-9ba8-011c48011c48_108433 Processing reference: [Content:id=6615,versionId=-1,name=NCI_OPER_ConsultaDiaHabilActual,type=32,subtype=5,uuid=_a-0000eccb-293d-8000-9ba8-011c48011c48_108433,parent=1660]
2026-06-03 01:29:44.192 DEBUG content 33959 _a-0000eccb-293d-8000-9ba8-011c48011c48_108433 Processing reference: OutboundIntegration.forum
2026-06-03 01:29:44.192 DEBUG content 33959 _a-0000eccb-293d-8000-9ba8-011c48011c48_108433 Processing reference: OutboundIntegration.integrationOutputsAsTypedValue
2026-06-03 01:29:44.192 DEBUG content 33959 _a-0000eccb-293d-8000-9ba8-011c48011c48_108433 Processing reference: TypedVariable[name=liquidationDate,it=3,v=]
2026-06-03 01:29:44.192 DEBUG content 33959 _a-0000eccb-293d-8000-9ba8-011c48011c48_108433 Processing reference: TypedVariable[name=sieforeId,it=1,v=<null>]
2026-06-03 01:29:44.192 DEBUG content 33959 _a-0000eccb-293d-8000-9ba8-011c48011c48_108433 Processing reference: TypedVariable[name=regimeId,it=1,v=<null>]
2026-06-03 01:29:44.192 DEBUG content 33959 _a-0000eccb-293d-8000-9ba8-011c48011c48_108433 Processing reference: OutboundIntegration.parent
2026-06-03 01:29:44.194 DEBUG content 33959 _a-0000eccb-293d-8000-9ba8-011c48011c48_108433 Processing reference: com.appiancorp.suiteapi.content.ContentRoleMap@644f213c[
  ContentRole[name=readers,inherit=true,allowForAll=false]
  ContentRole[name=authors,inherit=true,allowForAll=false]
  ContentRole[name=administrators,inherit=true,allowForAll=false]
  ContentRole[name=denyReaders,inherit=false,allowForAll=false]
  ContentRole[name=denyAuthors,inherit=false,allowForAll=false]
  ContentRole[name=denyAdministrators,inherit=false,allowForAll=false]
  securityVector=15:SEC_PUBLIC=true,SEC_CREATOR_ADMIN=false,SEC_INH_ADMIN=true,SEC_INH_EDITOR=true,SEC_INH_VIEWER=true,SEC_ALL_ADMIN=false,SEC_ALL_EDITOR=false,SEC_ALL_VIEWER=false
]
2026-06-03 01:29:44.194 DEBUG content 33959 _a-0000eccb-293d-8000-9ba8-011c48011c48_108433 Processing reference: ContentRole[name=readers,inherit=true,allowForAll=false]
2026-06-03 01:29:44.194 DEBUG content 33959 _a-0000eccb-293d-8000-9ba8-011c48011c48_108433 Processing reference: ContentRole[name=authors,inherit=true,allowForAll=false]
2026-06-03 01:29:44.194 DEBUG content 33959 _a-0000eccb-293d-8000-9ba8-011c48011c48_108433 Processing reference: ContentRole[name=administrators,inherit=true,allowForAll=false]
2026-06-03 01:29:44.194 DEBUG content 33959 _a-0000eccb-293d-8000-9ba8-011c48011c48_108433 Processing reference: ContentRole[name=denyReaders,inherit=false,allowForAll=false]
2026-06-03 01:29:44.194 DEBUG content 33959 _a-0000eccb-293d-8000-9ba8-011c48011c48_108433 Processing reference: ContentRole[name=denyAuthors,inherit=false,allowForAll=false]
2026-06-03 01:29:44.194 DEBUG content 33959 _a-0000eccb-293d-8000-9ba8-011c48011c48_108433 Processing reference: ContentRole[name=denyAdministrators,inherit=false,allowForAll=false]
2026-06-03 01:29:44.195 DEBUG content 33959 _a-0000eccb-293d-8000-9ba8-011c48011c48_108433 Exporting binary resources.
2026-06-03 01:29:44.195 DEBUG content 33959 _a-0000eccb-293d-8000-9ba8-011c48011c48_108433 Serializing object to XML.
2026-06-03 01:29:44.198 DEBUG content 33959 _a-0000eccb-293d-8000-9ba8-011c48011c48_108433 Object transported.
2026-06-03 01:29:44.198 DEBUG content 33960 d76627a8-e597-4ea3-a3cc-ffb193c19430 Begin transport.
2026-06-03 01:29:44.198 DEBUG content 33960 d76627a8-e597-4ea3-a3cc-ffb193c19430 Retrieving object data.
2026-06-03 01:29:44.205 DEBUG content 33960 d76627a8-e597-4ea3-a3cc-ffb193c19430 Setting uuids of object references.
2026-06-03 01:29:44.205 DEBUG content 33960 d76627a8-e597-4ea3-a3cc-ffb193c19430 Processing reference: [Content:id=10825,versionId=-1,name=NCI_OPER_ConvivenciaSubprocesMatrizC,type=32,subtype=5,uuid=d76627a8-e597-4ea3-a3cc-ffb193c19430,parent=1660]
2026-06-03 01:29:44.214 DEBUG content 33960 d76627a8-e597-4ea3-a3cc-ffb193c19430 Processing reference: OutboundIntegration.forum
2026-06-03 01:29:44.214 DEBUG content 33960 d76627a8-e597-4ea3-a3cc-ffb193c19430 Processing reference: OutboundIntegration.integrationOutputsAsTypedValue
2026-06-03 01:29:44.215 DEBUG content 33960 d76627a8-e597-4ea3-a3cc-ffb193c19430 Processing reference: TypedVariable[name=subprocessId_text,it=3,v=]
2026-06-03 01:29:44.215 DEBUG content 33960 d76627a8-e597-4ea3-a3cc-ffb193c19430 Processing reference: TypedVariable[name=page_int,it=1,v=<null>]
2026-06-03 01:29:44.215 DEBUG content 33960 d76627a8-e597-4ea3-a3cc-ffb193c19430 Processing reference: TypedVariable[name=limit_int,it=1,v=<null>]
2026-06-03 01:29:44.215 DEBUG content 33960 d76627a8-e597-4ea3-a3cc-ffb193c19430 Processing reference: OutboundIntegration.parent
2026-06-03 01:29:44.217 DEBUG content 33960 d76627a8-e597-4ea3-a3cc-ffb193c19430 Processing reference: com.appiancorp.suiteapi.content.ContentRoleMap@4af89084[
  ContentRole[name=readers,inherit=true,allowForAll=false]
  ContentRole[name=authors,inherit=true,allowForAll=false]
  ContentRole[name=administrators,inherit=true,allowForAll=false]
  ContentRole[name=denyReaders,inherit=false,allowForAll=false]
  ContentRole[name=denyAuthors,inherit=false,allowForAll=false]
  ContentRole[name=denyAdministrators,inherit=false,allowForAll=false]
  securityVector=15:SEC_PUBLIC=true,SEC_CREATOR_ADMIN=false,SEC_INH_ADMIN=true,SEC_INH_EDITOR=true,SEC_INH_VIEWER=true,SEC_ALL_ADMIN=false,SEC_ALL_EDITOR=false,SEC_ALL_VIEWER=false
]
2026-06-03 01:29:44.217 DEBUG content 33960 d76627a8-e597-4ea3-a3cc-ffb193c19430 Processing reference: ContentRole[name=readers,inherit=true,allowForAll=false]
2026-06-03 01:29:44.217 DEBUG content 33960 d76627a8-e597-4ea3-a3cc-ffb193c19430 Processing reference: ContentRole[name=authors,inherit=true,allowForAll=false]
2026-06-03 01:29:44.217 DEBUG content 33960 d76627a8-e597-4ea3-a3cc-ffb193c19430 Processing reference: ContentRole[name=administrators,inherit=true,allowForAll=false]
2026-06-03 01:29:44.217 DEBUG content 33960 d76627a8-e597-4ea3-a3cc-ffb193c19430 Processing reference: ContentRole[name=denyReaders,inherit=false,allowForAll=false]
2026-06-03 01:29:44.217 DEBUG content 33960 d76627a8-e597-4ea3-a3cc-ffb193c19430 Processing reference: ContentRole[name=denyAuthors,inherit=false,allowForAll=false]
2026-06-03 01:29:44.217 DEBUG content 33960 d76627a8-e597-4ea3-a3cc-ffb193c19430 Processing reference: ContentRole[name=denyAdministrators,inherit=false,allowForAll=false]
2026-06-03 01:29:44.218 DEBUG content 33960 d76627a8-e597-4ea3-a3cc-ffb193c19430 Exporting binary resources.
2026-06-03 01:29:44.218 DEBUG content 33960 d76627a8-e597-4ea3-a3cc-ffb193c19430 Serializing object to XML.
2026-06-03 01:29:44.221 DEBUG content 33960 d76627a8-e597-4ea3-a3cc-ffb193c19430 Object transported.
2026-06-03 01:29:44.221 DEBUG content 33961 d7a23fac-3c92-4f65-980a-d66ae5c67f1d Begin transport.
2026-06-03 01:29:44.221 DEBUG content 33961 d7a23fac-3c92-4f65-980a-d66ae5c67f1d Retrieving object data.
2026-06-03 01:29:44.23 DEBUG content 33961 d7a23fac-3c92-4f65-980a-d66ae5c67f1d Setting uuids of object references.
2026-06-03 01:29:44.23 DEBUG content 33961 d7a23fac-3c92-4f65-980a-d66ae5c67f1d Processing reference: [Content:id=3378,versionId=-1,name=NCI_OPER_DetalleIndentificacionClientes,type=32,subtype=5,uuid=d7a23fac-3c92-4f65-980a-d66ae5c67f1d,parent=1660]
2026-06-03 01:29:44.238 DEBUG content 33961 d7a23fac-3c92-4f65-980a-d66ae5c67f1d Processing reference: OutboundIntegration.forum
2026-06-03 01:29:44.239 DEBUG content 33961 d7a23fac-3c92-4f65-980a-d66ae5c67f1d Processing reference: OutboundIntegration.integrationOutputsAsTypedValue
2026-06-03 01:29:44.239 DEBUG content 33961 d7a23fac-3c92-4f65-980a-d66ae5c67f1d Processing reference: TypedVariable[name=filterData_map,it=252,v=<null>]
2026-06-03 01:29:44.239 DEBUG content 33961 d7a23fac-3c92-4f65-980a-d66ae5c67f1d Processing reference: OutboundIntegration.parent
2026-06-03 01:29:44.241 DEBUG content 33961 d7a23fac-3c92-4f65-980a-d66ae5c67f1d Processing reference: com.appiancorp.suiteapi.content.ContentRoleMap@3891bf1c[
  ContentRole[name=readers,inherit=true,allowForAll=false]
  ContentRole[name=authors,inherit=true,allowForAll=false]
  ContentRole[name=administrators,inherit=true,allowForAll=false]
  ContentRole[name=denyReaders,inherit=false,allowForAll=false]
  ContentRole[name=denyAuthors,inherit=false,allowForAll=false]
  ContentRole[name=denyAdministrators,inherit=false,allowForAll=false]
  securityVector=15:SEC_PUBLIC=true,SEC_CREATOR_ADMIN=false,SEC_INH_ADMIN=true,SEC_INH_EDITOR=true,SEC_INH_VIEWER=true,SEC_ALL_ADMIN=false,SEC_ALL_EDITOR=false,SEC_ALL_VIEWER=false
]
2026-06-03 01:29:44.241 DEBUG content 33961 d7a23fac-3c92-4f65-980a-d66ae5c67f1d Processing reference: ContentRole[name=readers,inherit=true,allowForAll=false]
2026-06-03 01:29:44.241 DEBUG content 33961 d7a23fac-3c92-4f65-980a-d66ae5c67f1d Processing reference: ContentRole[name=authors,inherit=true,allowForAll=false]
2026-06-03 01:29:44.241 DEBUG content 33961 d7a23fac-3c92-4f65-980a-d66ae5c67f1d Processing reference: ContentRole[name=administrators,inherit=true,allowForAll=false]
2026-06-03 01:29:44.241 DEBUG content 33961 d7a23fac-3c92-4f65-980a-d66ae5c67f1d Processing reference: ContentRole[name=denyReaders,inherit=false,allowForAll=false]
2026-06-03 01:29:44.241 DEBUG content 33961 d7a23fac-3c92-4f65-980a-d66ae5c67f1d Processing reference: ContentRole[name=denyAuthors,inherit=false,allowForAll=false]
2026-06-03 01:29:44.241 DEBUG content 33961 d7a23fac-3c92-4f65-980a-d66ae5c67f1d Processing reference: ContentRole[name=denyAdministrators,inherit=false,allowForAll=false]
2026-06-03 01:29:44.242 DEBUG content 33961 d7a23fac-3c92-4f65-980a-d66ae5c67f1d Exporting binary resources.
2026-06-03 01:29:44.242 DEBUG content 33961 d7a23fac-3c92-4f65-980a-d66ae5c67f1d Serializing object to XML.
2026-06-03 01:29:44.244 DEBUG content 33961 d7a23fac-3c92-4f65-980a-d66ae5c67f1d Object transported.
2026-06-03 01:29:44.244 DEBUG content 33962 6bc980b7-65fa-4a9b-b3f5-b232adbadac2 Begin transport.
2026-06-03 01:29:44.244 DEBUG content 33962 6bc980b7-65fa-4a9b-b3f5-b232adbadac2 Retrieving object data.
2026-06-03 01:29:44.252 DEBUG content 33962 6bc980b7-65fa-4a9b-b3f5-b232adbadac2 Setting uuids of object references.
2026-06-03 01:29:44.252 DEBUG content 33962 6bc980b7-65fa-4a9b-b3f5-b232adbadac2 Processing reference: [Content:id=10823,versionId=-1,name=NCI_OPER_DetallesIndicadoresClientes,type=32,subtype=5,uuid=6bc980b7-65fa-4a9b-b3f5-b232adbadac2,parent=1660]
2026-06-03 01:29:44.26 DEBUG content 33962 6bc980b7-65fa-4a9b-b3f5-b232adbadac2 Processing reference: OutboundIntegration.forum
2026-06-03 01:29:44.26 DEBUG content 33962 6bc980b7-65fa-4a9b-b3f5-b232adbadac2 Processing reference: OutboundIntegration.integrationOutputsAsTypedValue
2026-06-03 01:29:44.26 DEBUG content 33962 6bc980b7-65fa-4a9b-b3f5-b232adbadac2 Processing reference: TypedVariable[name=customerCorrelationId_text,it=3,v=]
2026-06-03 01:29:44.26 DEBUG content 33962 6bc980b7-65fa-4a9b-b3f5-b232adbadac2 Processing reference: TypedVariable[name=page_txt,it=3,v=]
2026-06-03 01:29:44.26 DEBUG content 33962 6bc980b7-65fa-4a9b-b3f5-b232adbadac2 Processing reference: TypedVariable[name=registers_txt,it=3,v=]
2026-06-03 01:29:44.26 DEBUG content 33962 6bc980b7-65fa-4a9b-b3f5-b232adbadac2 Processing reference: OutboundIntegration.parent
2026-06-03 01:29:44.262 DEBUG content 33962 6bc980b7-65fa-4a9b-b3f5-b232adbadac2 Processing reference: com.appiancorp.suiteapi.content.ContentRoleMap@3d902e0b[
  ContentRole[name=readers,inherit=true,allowForAll=false]
  ContentRole[name=authors,inherit=true,allowForAll=false]
  ContentRole[name=administrators,inherit=true,allowForAll=false]
  ContentRole[name=denyReaders,inherit=false,allowForAll=false]
  ContentRole[name=denyAuthors,inherit=false,allowForAll=false]
  ContentRole[name=denyAdministrators,inherit=false,allowForAll=false]
  securityVector=15:SEC_PUBLIC=true,SEC_CREATOR_ADMIN=false,SEC_INH_ADMIN=true,SEC_INH_EDITOR=true,SEC_INH_VIEWER=true,SEC_ALL_ADMIN=false,SEC_ALL_EDITOR=false,SEC_ALL_VIEWER=false
]
2026-06-03 01:29:44.262 DEBUG content 33962 6bc980b7-65fa-4a9b-b3f5-b232adbadac2 Processing reference: ContentRole[name=readers,inherit=true,allowForAll=false]
2026-06-03 01:29:44.262 DEBUG content 33962 6bc980b7-65fa-4a9b-b3f5-b232adbadac2 Processing reference: ContentRole[name=authors,inherit=true,allowForAll=false]
2026-06-03 01:29:44.262 DEBUG content 33962 6bc980b7-65fa-4a9b-b3f5-b232adbadac2 Processing reference: ContentRole[name=administrators,inherit=true,allowForAll=false]
2026-06-03 01:29:44.262 DEBUG content 33962 6bc980b7-65fa-4a9b-b3f5-b232adbadac2 Processing reference: ContentRole[name=denyReaders,inherit=false,allowForAll=false]
2026-06-03 01:29:44.262 DEBUG content 33962 6bc980b7-65fa-4a9b-b3f5-b232adbadac2 Processing reference: ContentRole[name=denyAuthors,inherit=false,allowForAll=false]
2026-06-03 01:29:44.262 DEBUG content 33962 6bc980b7-65fa-4a9b-b3f5-b232adbadac2 Processing reference: ContentRole[name=denyAdministrators,inherit=false,allowForAll=false]
2026-06-03 01:29:44.263 DEBUG content 33962 6bc980b7-65fa-4a9b-b3f5-b232adbadac2 Exporting binary resources.
2026-06-03 01:29:44.263 DEBUG content 33962 6bc980b7-65fa-4a9b-b3f5-b232adbadac2 Serializing object to XML.
2026-06-03 01:29:44.266 DEBUG content 33962 6bc980b7-65fa-4a9b-b3f5-b232adbadac2 Object transported.
2026-06-03 01:29:44.266 DEBUG content 33963 4ec6495a-3f95-46f9-aef8-8096b9ab6eeb Begin transport.
2026-06-03 01:29:44.266 DEBUG content 33963 4ec6495a-3f95-46f9-aef8-8096b9ab6eeb Retrieving object data.
2026-06-03 01:29:44.275 DEBUG content 33963 4ec6495a-3f95-46f9-aef8-8096b9ab6eeb Setting uuids of object references.
2026-06-03 01:29:44.275 DEBUG content 33963 4ec6495a-3f95-46f9-aef8-8096b9ab6eeb Processing reference: [Content:id=1665,versionId=-1,name=NCI_OPER_GetAuditControlRecords,type=32,subtype=5,uuid=4ec6495a-3f95-46f9-aef8-8096b9ab6eeb,parent=1660]
2026-06-03 01:29:44.282 DEBUG content 33963 4ec6495a-3f95-46f9-aef8-8096b9ab6eeb Processing reference: OutboundIntegration.forum
2026-06-03 01:29:44.282 DEBUG content 33963 4ec6495a-3f95-46f9-aef8-8096b9ab6eeb Processing reference: OutboundIntegration.integrationOutputsAsTypedValue
2026-06-03 01:29:44.282 DEBUG content 33963 4ec6495a-3f95-46f9-aef8-8096b9ab6eeb Processing reference: TypedVariable[name=folio_txt,it=3,v=]
2026-06-03 01:29:44.282 DEBUG content 33963 4ec6495a-3f95-46f9-aef8-8096b9ab6eeb Processing reference: TypedVariable[name=substageId_txt,it=3,v=]
2026-06-03 01:29:44.282 DEBUG content 33963 4ec6495a-3f95-46f9-aef8-8096b9ab6eeb Processing reference: TypedVariable[name=fileId_txt,it=3,v=]
2026-06-03 01:29:44.282 DEBUG content 33963 4ec6495a-3f95-46f9-aef8-8096b9ab6eeb Processing reference: OutboundIntegration.parent
2026-06-03 01:29:44.284 DEBUG content 33963 4ec6495a-3f95-46f9-aef8-8096b9ab6eeb Processing reference: com.appiancorp.suiteapi.content.ContentRoleMap@245d6a99[
  ContentRole[name=readers,inherit=true,allowForAll=false]
  ContentRole[name=authors,inherit=true,allowForAll=false]
  ContentRole[name=administrators,inherit=true,allowForAll=false]
  ContentRole[name=denyReaders,inherit=false,allowForAll=false]
  ContentRole[name=denyAuthors,inherit=false,allowForAll=false]
  ContentRole[name=denyAdministrators,inherit=false,allowForAll=false]
  securityVector=15:SEC_PUBLIC=true,SEC_CREATOR_ADMIN=false,SEC_INH_ADMIN=true,SEC_INH_EDITOR=true,SEC_INH_VIEWER=true,SEC_ALL_ADMIN=false,SEC_ALL_EDITOR=false,SEC_ALL_VIEWER=false
]
2026-06-03 01:29:44.284 DEBUG content 33963 4ec6495a-3f95-46f9-aef8-8096b9ab6eeb Processing reference: ContentRole[name=readers,inherit=true,allowForAll=false]
2026-06-03 01:29:44.285 DEBUG content 33963 4ec6495a-3f95-46f9-aef8-8096b9ab6eeb Processing reference: ContentRole[name=authors,inherit=true,allowForAll=false]
2026-06-03 01:29:44.285 DEBUG content 33963 4ec6495a-3f95-46f9-aef8-8096b9ab6eeb Processing reference: ContentRole[name=administrators,inherit=true,allowForAll=false]
2026-06-03 01:29:44.285 DEBUG content 33963 4ec6495a-3f95-46f9-aef8-8096b9ab6eeb Processing reference: ContentRole[name=denyReaders,inherit=false,allowForAll=false]
2026-06-03 01:29:44.285 DEBUG content 33963 4ec6495a-3f95-46f9-aef8-8096b9ab6eeb Processing reference: ContentRole[name=denyAuthors,inherit=false,allowForAll=false]
2026-06-03 01:29:44.285 DEBUG content 33963 4ec6495a-3f95-46f9-aef8-8096b9ab6eeb Processing reference: ContentRole[name=denyAdministrators,inherit=false,allowForAll=false]
2026-06-03 01:29:44.285 DEBUG content 33963 4ec6495a-3f95-46f9-aef8-8096b9ab6eeb Exporting binary resources.
2026-06-03 01:29:44.285 DEBUG content 33963 4ec6495a-3f95-46f9-aef8-8096b9ab6eeb Serializing object to XML.
2026-06-03 01:29:44.288 DEBUG content 33963 4ec6495a-3f95-46f9-aef8-8096b9ab6eeb Object transported.
2026-06-03 01:29:44.288 DEBUG content 33964 ddd5b3e7-ec9f-4a1b-91fc-ab70e347ec39 Begin transport.
2026-06-03 01:29:44.288 DEBUG content 33964 ddd5b3e7-ec9f-4a1b-91fc-ab70e347ec39 Retrieving object data.
2026-06-03 01:29:44.296 DEBUG content 33964 ddd5b3e7-ec9f-4a1b-91fc-ab70e347ec39 Setting uuids of object references.
2026-06-03 01:29:44.296 DEBUG content 33964 ddd5b3e7-ec9f-4a1b-91fc-ab70e347ec39 Processing reference: [Content:id=6612,versionId=-1,name=NCI_OPER_ConsultaFolioRelacionar,type=32,subtype=5,uuid=ddd5b3e7-ec9f-4a1b-91fc-ab70e347ec39,parent=1660]
2026-06-03 01:29:44.304 DEBUG content 33964 ddd5b3e7-ec9f-4a1b-91fc-ab70e347ec39 Processing reference: OutboundIntegration.forum
2026-06-03 01:29:44.304 DEBUG content 33964 ddd5b3e7-ec9f-4a1b-91fc-ab70e347ec39 Processing reference: OutboundIntegration.integrationOutputsAsTypedValue
2026-06-03 01:29:44.304 DEBUG content 33964 ddd5b3e7-ec9f-4a1b-91fc-ab70e347ec39 Processing reference: TypedVariable[name=processId,it=1,v=<null>]
2026-06-03 01:29:44.304 DEBUG content 33964 ddd5b3e7-ec9f-4a1b-91fc-ab70e347ec39 Processing reference: TypedVariable[name=subprocessId,it=1,v=<null>]
2026-06-03 01:29:44.304 DEBUG content 33964 ddd5b3e7-ec9f-4a1b-91fc-ab70e347ec39 Processing reference: TypedVariable[name=actionValueDate,it=3,v=]
2026-06-03 01:29:44.304 DEBUG content 33964 ddd5b3e7-ec9f-4a1b-91fc-ab70e347ec39 Processing reference: OutboundIntegration.parent
2026-06-03 01:29:44.306 DEBUG content 33964 ddd5b3e7-ec9f-4a1b-91fc-ab70e347ec39 Processing reference: com.appiancorp.suiteapi.content.ContentRoleMap@3587b47e[
  ContentRole[name=readers,inherit=true,allowForAll=false]
  ContentRole[name=authors,inherit=true,allowForAll=false]
  ContentRole[name=administrators,inherit=true,allowForAll=false]
  ContentRole[name=denyReaders,inherit=false,allowForAll=false]
  ContentRole[name=denyAuthors,inherit=false,allowForAll=false]
  ContentRole[name=denyAdministrators,inherit=false,allowForAll=false]
  securityVector=15:SEC_PUBLIC=true,SEC_CREATOR_ADMIN=false,SEC_INH_ADMIN=true,SEC_INH_EDITOR=true,SEC_INH_VIEWER=true,SEC_ALL_ADMIN=false,SEC_ALL_EDITOR=false,SEC_ALL_VIEWER=false
]
2026-06-03 01:29:44.306 DEBUG content 33964 ddd5b3e7-ec9f-4a1b-91fc-ab70e347ec39 Processing reference: ContentRole[name=readers,inherit=true,allowForAll=false]
2026-06-03 01:29:44.306 DEBUG content 33964 ddd5b3e7-ec9f-4a1b-91fc-ab70e347ec39 Processing reference: ContentRole[name=authors,inherit=true,allowForAll=false]
2026-06-03 01:29:44.306 DEBUG content 33964 ddd5b3e7-ec9f-4a1b-91fc-ab70e347ec39 Processing reference: ContentRole[name=administrators,inherit=true,allowForAll=false]
2026-06-03 01:29:44.306 DEBUG content 33964 ddd5b3e7-ec9f-4a1b-91fc-ab70e347ec39 Processing reference: ContentRole[name=denyReaders,inherit=false,allowForAll=false]
2026-06-03 01:29:44.306 DEBUG content 33964 ddd5b3e7-ec9f-4a1b-91fc-ab70e347ec39 Processing reference: ContentRole[name=denyAuthors,inherit=false,allowForAll=false]
2026-06-03 01:29:44.307 DEBUG content 33964 ddd5b3e7-ec9f-4a1b-91fc-ab70e347ec39 Processing reference: ContentRole[name=denyAdministrators,inherit=false,allowForAll=false]
2026-06-03 01:29:44.307 DEBUG content 33964 ddd5b3e7-ec9f-4a1b-91fc-ab70e347ec39 Exporting binary resources.
2026-06-03 01:29:44.307 DEBUG content 33964 ddd5b3e7-ec9f-4a1b-91fc-ab70e347ec39 Serializing object to XML.
2026-06-03 01:29:44.31 DEBUG content 33964 ddd5b3e7-ec9f-4a1b-91fc-ab70e347ec39 Object transported.
2026-06-03 01:29:44.31 DEBUG content 33965 8902b85a-ac7b-4eeb-8ad7-a9aac7f04e81 Begin transport.
2026-06-03 01:29:44.31 DEBUG content 33965 8902b85a-ac7b-4eeb-8ad7-a9aac7f04e81 Retrieving object data.
2026-06-03 01:29:44.317 DEBUG content 33965 8902b85a-ac7b-4eeb-8ad7-a9aac7f04e81 Setting uuids of object references.
2026-06-03 01:29:44.317 DEBUG content 33965 8902b85a-ac7b-4eeb-8ad7-a9aac7f04e81 Processing reference: [Content:id=3826,versionId=-1,name=NCI_OPER_IndicadoresPorCliente,type=32,subtype=5,uuid=8902b85a-ac7b-4eeb-8ad7-a9aac7f04e81,parent=1660]
2026-06-03 01:29:44.325 DEBUG content 33965 8902b85a-ac7b-4eeb-8ad7-a9aac7f04e81 Processing reference: OutboundIntegration.forum
2026-06-03 01:29:44.325 DEBUG content 33965 8902b85a-ac7b-4eeb-8ad7-a9aac7f04e81 Processing reference: OutboundIntegration.integrationOutputsAsTypedValue
2026-06-03 01:29:44.325 DEBUG content 33965 8902b85a-ac7b-4eeb-8ad7-a9aac7f04e81 Processing reference: TypedVariable[name=customerCorrelationId_txt,it=3,v=]
2026-06-03 01:29:44.325 DEBUG content 33965 8902b85a-ac7b-4eeb-8ad7-a9aac7f04e81 Processing reference: TypedVariable[name=page_txt,it=3,v=]
2026-06-03 01:29:44.325 DEBUG content 33965 8902b85a-ac7b-4eeb-8ad7-a9aac7f04e81 Processing reference: TypedVariable[name=limit_txt,it=3,v=]
2026-06-03 01:29:44.325 DEBUG content 33965 8902b85a-ac7b-4eeb-8ad7-a9aac7f04e81 Processing reference: OutboundIntegration.parent
2026-06-03 01:29:44.328 DEBUG content 33965 8902b85a-ac7b-4eeb-8ad7-a9aac7f04e81 Processing reference: com.appiancorp.suiteapi.content.ContentRoleMap@7c24bdc2[
  ContentRole[name=readers,inherit=true,allowForAll=false]
  ContentRole[name=authors,inherit=true,allowForAll=false]
  ContentRole[name=administrators,inherit=true,allowForAll=false]
  ContentRole[name=denyReaders,inherit=false,allowForAll=false]
  ContentRole[name=denyAuthors,inherit=false,allowForAll=false]
  ContentRole[name=denyAdministrators,inherit=false,allowForAll=false]
  securityVector=15:SEC_PUBLIC=true,SEC_CREATOR_ADMIN=false,SEC_INH_ADMIN=true,SEC_INH_EDITOR=true,SEC_INH_VIEWER=true,SEC_ALL_ADMIN=false,SEC_ALL_EDITOR=false,SEC_ALL_VIEWER=false
]
2026-06-03 01:29:44.328 DEBUG content 33965 8902b85a-ac7b-4eeb-8ad7-a9aac7f04e81 Processing reference: ContentRole[name=readers,inherit=true,allowForAll=false]
2026-06-03 01:29:44.328 DEBUG content 33965 8902b85a-ac7b-4eeb-8ad7-a9aac7f04e81 Processing reference: ContentRole[name=authors,inherit=true,allowForAll=false]
2026-06-03 01:29:44.328 DEBUG content 33965 8902b85a-ac7b-4eeb-8ad7-a9aac7f04e81 Processing reference: ContentRole[name=administrators,inherit=true,allowForAll=false]
2026-06-03 01:29:44.328 DEBUG content 33965 8902b85a-ac7b-4eeb-8ad7-a9aac7f04e81 Processing reference: ContentRole[name=denyReaders,inherit=false,allowForAll=false]
2026-06-03 01:29:44.328 DEBUG content 33965 8902b85a-ac7b-4eeb-8ad7-a9aac7f04e81 Processing reference: ContentRole[name=denyAuthors,inherit=false,allowForAll=false]
2026-06-03 01:29:44.328 DEBUG content 33965 8902b85a-ac7b-4eeb-8ad7-a9aac7f04e81 Processing reference: ContentRole[name=denyAdministrators,inherit=false,allowForAll=false]
2026-06-03 01:29:44.329 DEBUG content 33965 8902b85a-ac7b-4eeb-8ad7-a9aac7f04e81 Exporting binary resources.
2026-06-03 01:29:44.329 DEBUG content 33965 8902b85a-ac7b-4eeb-8ad7-a9aac7f04e81 Serializing object to XML.
2026-06-03 01:29:44.331 DEBUG content 33965 8902b85a-ac7b-4eeb-8ad7-a9aac7f04e81 Object transported.
2026-06-03 01:29:44.331 DEBUG content 33966 ba524138-f3e6-42e6-8820-c9ff6bd8be35 Begin transport.
2026-06-03 01:29:44.331 DEBUG content 33966 ba524138-f3e6-42e6-8820-c9ff6bd8be35 Retrieving object data.
2026-06-03 01:29:44.338 DEBUG content 33966 ba524138-f3e6-42e6-8820-c9ff6bd8be35 Setting uuids of object references.
2026-06-03 01:29:44.338 DEBUG content 33966 ba524138-f3e6-42e6-8820-c9ff6bd8be35 Processing reference: [Content:id=10709,versionId=-1,name=NCI_OPER_TestAPIGEE,type=32,subtype=5,uuid=ba524138-f3e6-42e6-8820-c9ff6bd8be35,parent=1660]
2026-06-03 01:29:44.341 DEBUG content 33966 ba524138-f3e6-42e6-8820-c9ff6bd8be35 Processing reference: OutboundIntegration.forum
2026-06-03 01:29:44.342 DEBUG content 33966 ba524138-f3e6-42e6-8820-c9ff6bd8be35 Processing reference: OutboundIntegration.integrationOutputsAsTypedValue
2026-06-03 01:29:44.342 DEBUG content 33966 ba524138-f3e6-42e6-8820-c9ff6bd8be35 Processing reference: OutboundIntegration.parent
2026-06-03 01:29:44.344 DEBUG content 33966 ba524138-f3e6-42e6-8820-c9ff6bd8be35 Processing reference: com.appiancorp.suiteapi.content.ContentRoleMap@491cb39a[
  ContentRole[name=readers,inherit=true,allowForAll=false]
  ContentRole[name=authors,inherit=true,allowForAll=false]
  ContentRole[name=administrators,inherit=true,allowForAll=false]
  ContentRole[name=denyReaders,inherit=false,allowForAll=false]
  ContentRole[name=denyAuthors,inherit=false,allowForAll=false]
  ContentRole[name=denyAdministrators,inherit=false,allowForAll=false]
  securityVector=15:SEC_PUBLIC=true,SEC_CREATOR_ADMIN=false,SEC_INH_ADMIN=true,SEC_INH_EDITOR=true,SEC_INH_VIEWER=true,SEC_ALL_ADMIN=false,SEC_ALL_EDITOR=false,SEC_ALL_VIEWER=false
]
2026-06-03 01:29:44.344 DEBUG content 33966 ba524138-f3e6-42e6-8820-c9ff6bd8be35 Processing reference: ContentRole[name=readers,inherit=true,allowForAll=false]
2026-06-03 01:29:44.344 DEBUG content 33966 ba524138-f3e6-42e6-8820-c9ff6bd8be35 Processing reference: ContentRole[name=authors,inherit=true,allowForAll=false]
2026-06-03 01:29:44.344 DEBUG content 33966 ba524138-f3e6-42e6-8820-c9ff6bd8be35 Processing reference: ContentRole[name=administrators,inherit=true,allowForAll=false]
2026-06-03 01:29:44.344 DEBUG content 33966 ba524138-f3e6-42e6-8820-c9ff6bd8be35 Processing reference: ContentRole[name=denyReaders,inherit=false,allowForAll=false]
2026-06-03 01:29:44.344 DEBUG content 33966 ba524138-f3e6-42e6-8820-c9ff6bd8be35 Processing reference: ContentRole[name=denyAuthors,inherit=false,allowForAll=false]
2026-06-03 01:29:44.344 DEBUG content 33966 ba524138-f3e6-42e6-8820-c9ff6bd8be35 Processing reference: ContentRole[name=denyAdministrators,inherit=false,allowForAll=false]
2026-06-03 01:29:44.344 DEBUG content 33966 ba524138-f3e6-42e6-8820-c9ff6bd8be35 Exporting binary resources.
2026-06-03 01:29:44.344 DEBUG content 33966 ba524138-f3e6-42e6-8820-c9ff6bd8be35 Serializing object to XML.
2026-06-03 01:29:44.346 DEBUG content 33966 ba524138-f3e6-42e6-8820-c9ff6bd8be35 Object transported.
2026-06-03 01:29:44.346 DEBUG content 33967 38d831d9-2f71-4bc8-87cc-a6107d0842b0 Begin transport.
2026-06-03 01:29:44.346 DEBUG content 33967 38d831d9-2f71-4bc8-87cc-a6107d0842b0 Retrieving object data.
2026-06-03 01:29:44.353 DEBUG content 33967 38d831d9-2f71-4bc8-87cc-a6107d0842b0 Setting uuids of object references.
2026-06-03 01:29:44.353 DEBUG content 33967 38d831d9-2f71-4bc8-87cc-a6107d0842b0 Processing reference: [Content:id=4999,versionId=-1,name=NCI_OPER_Siefores,type=32,subtype=5,uuid=38d831d9-2f71-4bc8-87cc-a6107d0842b0,parent=1660]
2026-06-03 01:29:44.361 DEBUG content 33967 38d831d9-2f71-4bc8-87cc-a6107d0842b0 Processing reference: OutboundIntegration.forum
2026-06-03 01:29:44.361 DEBUG content 33967 38d831d9-2f71-4bc8-87cc-a6107d0842b0 Processing reference: OutboundIntegration.integrationOutputsAsTypedValue
2026-06-03 01:29:44.361 DEBUG content 33967 38d831d9-2f71-4bc8-87cc-a6107d0842b0 Processing reference: TypedVariable[name=anioFin,it=3,v=]
2026-06-03 01:29:44.361 DEBUG content 33967 38d831d9-2f71-4bc8-87cc-a6107d0842b0 Processing reference: TypedVariable[name=anoInicio,it=3,v=]
2026-06-03 01:29:44.361 DEBUG content 33967 38d831d9-2f71-4bc8-87cc-a6107d0842b0 Processing reference: TypedVariable[name=idGrupo,it=3,v=]
2026-06-03 01:29:44.361 DEBUG content 33967 38d831d9-2f71-4bc8-87cc-a6107d0842b0 Processing reference: TypedVariable[name=idSiefore,it=3,v=]
2026-06-03 01:29:44.361 DEBUG content 33967 38d831d9-2f71-4bc8-87cc-a6107d0842b0 Processing reference: TypedVariable[name=vigencia,it=3,v=]
2026-06-03 01:29:44.361 DEBUG content 33967 38d831d9-2f71-4bc8-87cc-a6107d0842b0 Processing reference: OutboundIntegration.parent
2026-06-03 01:29:44.363 DEBUG content 33967 38d831d9-2f71-4bc8-87cc-a6107d0842b0 Processing reference: com.appiancorp.suiteapi.content.ContentRoleMap@60f437a4[
  ContentRole[name=readers,inherit=true,allowForAll=false]
  ContentRole[name=authors,inherit=true,allowForAll=false]
  ContentRole[name=administrators,inherit=true,allowForAll=false]
  ContentRole[name=denyReaders,inherit=false,allowForAll=false]
  ContentRole[name=denyAuthors,inherit=false,allowForAll=false]
  ContentRole[name=denyAdministrators,inherit=false,allowForAll=false]
  securityVector=15:SEC_PUBLIC=true,SEC_CREATOR_ADMIN=false,SEC_INH_ADMIN=true,SEC_INH_EDITOR=true,SEC_INH_VIEWER=true,SEC_ALL_ADMIN=false,SEC_ALL_EDITOR=false,SEC_ALL_VIEWER=false
]
2026-06-03 01:29:44.363 DEBUG content 33967 38d831d9-2f71-4bc8-87cc-a6107d0842b0 Processing reference: ContentRole[name=readers,inherit=true,allowForAll=false]
2026-06-03 01:29:44.363 DEBUG content 33967 38d831d9-2f71-4bc8-87cc-a6107d0842b0 Processing reference: ContentRole[name=authors,inherit=true,allowForAll=false]
2026-06-03 01:29:44.363 DEBUG content 33967 38d831d9-2f71-4bc8-87cc-a6107d0842b0 Processing reference: ContentRole[name=administrators,inherit=true,allowForAll=false]
2026-06-03 01:29:44.363 DEBUG content 33967 38d831d9-2f71-4bc8-87cc-a6107d0842b0 Processing reference: ContentRole[name=denyReaders,inherit=false,allowForAll=false]
2026-06-03 01:29:44.363 DEBUG content 33967 38d831d9-2f71-4bc8-87cc-a6107d0842b0 Processing reference: ContentRole[name=denyAuthors,inherit=false,allowForAll=false]
2026-06-03 01:29:44.363 DEBUG content 33967 38d831d9-2f71-4bc8-87cc-a6107d0842b0 Processing reference: ContentRole[name=denyAdministrators,inherit=false,allowForAll=false]
2026-06-03 01:29:44.364 DEBUG content 33967 38d831d9-2f71-4bc8-87cc-a6107d0842b0 Exporting binary resources.
2026-06-03 01:29:44.364 DEBUG content 33967 38d831d9-2f71-4bc8-87cc-a6107d0842b0 Serializing object to XML.
2026-06-03 01:29:44.367 DEBUG content 33967 38d831d9-2f71-4bc8-87cc-a6107d0842b0 Object transported.
2026-06-03 01:29:44.367 DEBUG content 33968 f2510639-abeb-4518-b4e0-f4ab21b538bb Begin transport.
2026-06-03 01:29:44.367 DEBUG content 33968 f2510639-abeb-4518-b4e0-f4ab21b538bb Retrieving object data.
2026-06-03 01:29:44.375 DEBUG content 33968 f2510639-abeb-4518-b4e0-f4ab21b538bb Setting uuids of object references.
2026-06-03 01:29:44.375 DEBUG content 33968 f2510639-abeb-4518-b4e0-f4ab21b538bb Processing reference: [Content:id=3585,versionId=-1,name=NCI_OPER_SaveDataMatrizC,type=32,subtype=5,uuid=f2510639-abeb-4518-b4e0-f4ab21b538bb,parent=1660]
2026-06-03 01:29:44.382 DEBUG content 33968 f2510639-abeb-4518-b4e0-f4ab21b538bb Processing reference: OutboundIntegration.forum
2026-06-03 01:29:44.383 DEBUG content 33968 f2510639-abeb-4518-b4e0-f4ab21b538bb Processing reference: OutboundIntegration.integrationOutputsAsTypedValue
2026-06-03 01:29:44.383 DEBUG content 33968 f2510639-abeb-4518-b4e0-f4ab21b538bb Processing reference: TypedVariable[name=data_map,it=253,v=<null>]
2026-06-03 01:29:44.383 DEBUG content 33968 f2510639-abeb-4518-b4e0-f4ab21b538bb Processing reference: TypedVariable[name=subprocessId,it=3,v=]
2026-06-03 01:29:44.383 DEBUG content 33968 f2510639-abeb-4518-b4e0-f4ab21b538bb Processing reference: TypedVariable[name=onSuccess,it=97,v=<null>]
2026-06-03 01:29:44.383 DEBUG content 33968 f2510639-abeb-4518-b4e0-f4ab21b538bb Processing reference: TypedVariable[name=onError,it=97,v=<null>]
2026-06-03 01:29:44.383 DEBUG content 33968 f2510639-abeb-4518-b4e0-f4ab21b538bb Processing reference: OutboundIntegration.parent
2026-06-03 01:29:44.385 DEBUG content 33968 f2510639-abeb-4518-b4e0-f4ab21b538bb Processing reference: com.appiancorp.suiteapi.content.ContentRoleMap@5f3143d7[
  ContentRole[name=readers,inherit=true,allowForAll=false]
  ContentRole[name=authors,inherit=true,allowForAll=false]
  ContentRole[name=administrators,inherit=true,allowForAll=false]
  ContentRole[name=denyReaders,inherit=false,allowForAll=false]
  ContentRole[name=denyAuthors,inherit=false,allowForAll=false]
  ContentRole[name=denyAdministrators,inherit=false,allowForAll=false]
  securityVector=15:SEC_PUBLIC=true,SEC_CREATOR_ADMIN=false,SEC_INH_ADMIN=true,SEC_INH_EDITOR=true,SEC_INH_VIEWER=true,SEC_ALL_ADMIN=false,SEC_ALL_EDITOR=false,SEC_ALL_VIEWER=false
]
2026-06-03 01:29:44.385 DEBUG content 33968 f2510639-abeb-4518-b4e0-f4ab21b538bb Processing reference: ContentRole[name=readers,inherit=true,allowForAll=false]
2026-06-03 01:29:44.385 DEBUG content 33968 f2510639-abeb-4518-b4e0-f4ab21b538bb Processing reference: ContentRole[name=authors,inherit=true,allowForAll=false]
2026-06-03 01:29:44.385 DEBUG content 33968 f2510639-abeb-4518-b4e0-f4ab21b538bb Processing reference: ContentRole[name=administrators,inherit=true,allowForAll=false]
2026-06-03 01:29:44.385 DEBUG content 33968 f2510639-abeb-4518-b4e0-f4ab21b538bb Processing reference: ContentRole[name=denyReaders,inherit=false,allowForAll=false]
2026-06-03 01:29:44.385 DEBUG content 33968 f2510639-abeb-4518-b4e0-f4ab21b538bb Processing reference: ContentRole[name=denyAuthors,inherit=false,allowForAll=false]
2026-06-03 01:29:44.385 DEBUG content 33968 f2510639-abeb-4518-b4e0-f4ab21b538bb Processing reference: ContentRole[name=denyAdministrators,inherit=false,allowForAll=false]
2026-06-03 01:29:44.386 DEBUG content 33968 f2510639-abeb-4518-b4e0-f4ab21b538bb Exporting binary resources.
2026-06-03 01:29:44.386 DEBUG content 33968 f2510639-abeb-4518-b4e0-f4ab21b538bb Serializing object to XML.
2026-06-03 01:29:44.389 DEBUG content 33968 f2510639-abeb-4518-b4e0-f4ab21b538bb Object transported.
2026-06-03 01:29:44.389 DEBUG content 33969 6a5065e8-45a0-4dbd-9b18-c409d3ff1fca Begin transport.
2026-06-03 01:29:44.389 DEBUG content 33969 6a5065e8-45a0-4dbd-9b18-c409d3ff1fca Retrieving object data.
2026-06-03 01:29:44.398 DEBUG content 33969 6a5065e8-45a0-4dbd-9b18-c409d3ff1fca Setting uuids of object references.
2026-06-03 01:29:44.398 DEBUG content 33969 6a5065e8-45a0-4dbd-9b18-c409d3ff1fca Processing reference: [Content:id=3380,versionId=-1,name=NCI_OPER_RegistrosNoIdentificados,type=32,subtype=5,uuid=6a5065e8-45a0-4dbd-9b18-c409d3ff1fca,parent=1660]
2026-06-03 01:29:44.405 DEBUG content 33969 6a5065e8-45a0-4dbd-9b18-c409d3ff1fca Processing reference: OutboundIntegration.forum
2026-06-03 01:29:44.405 DEBUG content 33969 6a5065e8-45a0-4dbd-9b18-c409d3ff1fca Processing reference: OutboundIntegration.integrationOutputsAsTypedValue
2026-06-03 01:29:44.406 DEBUG content 33969 6a5065e8-45a0-4dbd-9b18-c409d3ff1fca Processing reference: TypedVariable[name=filterData_map,it=252,v=<null>]
2026-06-03 01:29:44.406 DEBUG content 33969 6a5065e8-45a0-4dbd-9b18-c409d3ff1fca Processing reference: OutboundIntegration.parent
2026-06-03 01:29:44.408 DEBUG content 33969 6a5065e8-45a0-4dbd-9b18-c409d3ff1fca Processing reference: com.appiancorp.suiteapi.content.ContentRoleMap@792fd398[
  ContentRole[name=readers,inherit=true,allowForAll=false]
  ContentRole[name=authors,inherit=true,allowForAll=false]
  ContentRole[name=administrators,inherit=true,allowForAll=false]
  ContentRole[name=denyReaders,inherit=false,allowForAll=false]
  ContentRole[name=denyAuthors,inherit=false,allowForAll=false]
  ContentRole[name=denyAdministrators,inherit=false,allowForAll=false]
  securityVector=15:SEC_PUBLIC=true,SEC_CREATOR_ADMIN=false,SEC_INH_ADMIN=true,SEC_INH_EDITOR=true,SEC_INH_VIEWER=true,SEC_ALL_ADMIN=false,SEC_ALL_EDITOR=false,SEC_ALL_VIEWER=false
]
2026-06-03 01:29:44.408 DEBUG content 33969 6a5065e8-45a0-4dbd-9b18-c409d3ff1fca Processing reference: ContentRole[name=readers,inherit=true,allowForAll=false]
2026-06-03 01:29:44.408 DEBUG content 33969 6a5065e8-45a0-4dbd-9b18-c409d3ff1fca Processing reference: ContentRole[name=authors,inherit=true,allowForAll=false]
2026-06-03 01:29:44.408 DEBUG content 33969 6a5065e8-45a0-4dbd-9b18-c409d3ff1fca Processing reference: ContentRole[name=administrators,inherit=true,allowForAll=false]
2026-06-03 01:29:44.408 DEBUG content 33969 6a5065e8-45a0-4dbd-9b18-c409d3ff1fca Processing reference: ContentRole[name=denyReaders,inherit=false,allowForAll=false]
2026-06-03 01:29:44.408 DEBUG content 33969 6a5065e8-45a0-4dbd-9b18-c409d3ff1fca Processing reference: ContentRole[name=denyAuthors,inherit=false,allowForAll=false]
2026-06-03 01:29:44.408 DEBUG content 33969 6a5065e8-45a0-4dbd-9b18-c409d3ff1fca Processing reference: ContentRole[name=denyAdministrators,inherit=false,allowForAll=false]
2026-06-03 01:29:44.408 DEBUG content 33969 6a5065e8-45a0-4dbd-9b18-c409d3ff1fca Exporting binary resources.
2026-06-03 01:29:44.408 DEBUG content 33969 6a5065e8-45a0-4dbd-9b18-c409d3ff1fca Serializing object to XML.
2026-06-03 01:29:44.411 DEBUG content 33969 6a5065e8-45a0-4dbd-9b18-c409d3ff1fca Object transported.
2026-06-03 01:29:44.411 DEBUG content 33970 a777ad2f-cef3-4845-b9e7-8da5ba00e514 Begin transport.
2026-06-03 01:29:44.411 DEBUG content 33970 a777ad2f-cef3-4845-b9e7-8da5ba00e514 Retrieving object data.
2026-06-03 01:29:44.423 DEBUG content 33970 a777ad2f-cef3-4845-b9e7-8da5ba00e514 Setting uuids of object references.
2026-06-03 01:29:44.423 DEBUG content 33970 a777ad2f-cef3-4845-b9e7-8da5ba00e514 Processing reference: [Content:id=1682,versionId=-1,name=NCI_OPER_ProcessesTracking,type=32,subtype=5,uuid=a777ad2f-cef3-4845-b9e7-8da5ba00e514,parent=1660]
2026-06-03 01:29:44.432 DEBUG content 33970 a777ad2f-cef3-4845-b9e7-8da5ba00e514 Processing reference: OutboundIntegration.forum
2026-06-03 01:29:44.432 DEBUG content 33970 a777ad2f-cef3-4845-b9e7-8da5ba00e514 Processing reference: OutboundIntegration.integrationOutputsAsTypedValue
2026-06-03 01:29:44.432 DEBUG content 33970 a777ad2f-cef3-4845-b9e7-8da5ba00e514 Processing reference: TypedVariable[name=processId_txt,it=3,v=]
2026-06-03 01:29:44.432 DEBUG content 33970 a777ad2f-cef3-4845-b9e7-8da5ba00e514 Processing reference: TypedVariable[name=dateFrom_txt,it=3,v=]
2026-06-03 01:29:44.432 DEBUG content 33970 a777ad2f-cef3-4845-b9e7-8da5ba00e514 Processing reference: TypedVariable[name=dateUntil_txt,it=3,v=]
2026-06-03 01:29:44.432 DEBUG content 33970 a777ad2f-cef3-4845-b9e7-8da5ba00e514 Processing reference: TypedVariable[name=statusId_txt,it=3,v=]
2026-06-03 01:29:44.432 DEBUG content 33970 a777ad2f-cef3-4845-b9e7-8da5ba00e514 Processing reference: OutboundIntegration.parent
2026-06-03 01:29:44.435 DEBUG content 33970 a777ad2f-cef3-4845-b9e7-8da5ba00e514 Processing reference: com.appiancorp.suiteapi.content.ContentRoleMap@1bb4cd7a[
  ContentRole[name=readers,inherit=true,allowForAll=false]
  ContentRole[name=authors,inherit=true,allowForAll=false]
  ContentRole[name=administrators,inherit=true,allowForAll=false]
  ContentRole[name=denyReaders,inherit=false,allowForAll=false]
  ContentRole[name=denyAuthors,inherit=false,allowForAll=false]
  ContentRole[name=denyAdministrators,inherit=false,allowForAll=false]
  securityVector=15:SEC_PUBLIC=true,SEC_CREATOR_ADMIN=false,SEC_INH_ADMIN=true,SEC_INH_EDITOR=true,SEC_INH_VIEWER=true,SEC_ALL_ADMIN=false,SEC_ALL_EDITOR=false,SEC_ALL_VIEWER=false
]
2026-06-03 01:29:44.435 DEBUG content 33970 a777ad2f-cef3-4845-b9e7-8da5ba00e514 Processing reference: ContentRole[name=readers,inherit=true,allowForAll=false]
2026-06-03 01:29:44.435 DEBUG content 33970 a777ad2f-cef3-4845-b9e7-8da5ba00e514 Processing reference: ContentRole[name=authors,inherit=true,allowForAll=false]
2026-06-03 01:29:44.435 DEBUG content 33970 a777ad2f-cef3-4845-b9e7-8da5ba00e514 Processing reference: ContentRole[name=administrators,inherit=true,allowForAll=false]
2026-06-03 01:29:44.435 DEBUG content 33970 a777ad2f-cef3-4845-b9e7-8da5ba00e514 Processing reference: ContentRole[name=denyReaders,inherit=false,allowForAll=false]
2026-06-03 01:29:44.435 DEBUG content 33970 a777ad2f-cef3-4845-b9e7-8da5ba00e514 Processing reference: ContentRole[name=denyAuthors,inherit=false,allowForAll=false]
2026-06-03 01:29:44.435 DEBUG content 33970 a777ad2f-cef3-4845-b9e7-8da5ba00e514 Processing reference: ContentRole[name=denyAdministrators,inherit=false,allowForAll=false]
2026-06-03 01:29:44.436 DEBUG content 33970 a777ad2f-cef3-4845-b9e7-8da5ba00e514 Exporting binary resources.
2026-06-03 01:29:44.436 DEBUG content 33970 a777ad2f-cef3-4845-b9e7-8da5ba00e514 Serializing object to XML.
2026-06-03 01:29:44.439 DEBUG content 33970 a777ad2f-cef3-4845-b9e7-8da5ba00e514 Object transported.
2026-06-03 01:29:44.439 DEBUG content 33971 5c11384e-d64e-4087-8b02-ecf918efa644 Begin transport.
2026-06-03 01:29:44.439 DEBUG content 33971 5c11384e-d64e-4087-8b02-ecf918efa644 Retrieving object data.
2026-06-03 01:29:44.447 DEBUG content 33971 5c11384e-d64e-4087-8b02-ecf918efa644 Setting uuids of object references.
2026-06-03 01:29:44.447 DEBUG content 33971 5c11384e-d64e-4087-8b02-ecf918efa644 Processing reference: [Content:id=4379,versionId=-1,name=NCI_OPER_postValorIndCtaVigente,type=32,subtype=5,uuid=5c11384e-d64e-4087-8b02-ecf918efa644,parent=1660]
2026-06-03 01:29:44.455 DEBUG content 33971 5c11384e-d64e-4087-8b02-ecf918efa644 Processing reference: OutboundIntegration.forum
2026-06-03 01:29:44.455 DEBUG content 33971 5c11384e-d64e-4087-8b02-ecf918efa644 Processing reference: OutboundIntegration.integrationOutputsAsTypedValue
2026-06-03 01:29:44.455 DEBUG content 33971 5c11384e-d64e-4087-8b02-ecf918efa644 Processing reference: TypedVariable[name=cuenta,it=3,v=]
2026-06-03 01:29:44.455 DEBUG content 33971 5c11384e-d64e-4087-8b02-ecf918efa644 Processing reference: TypedVariable[name=onSuccess,it=97,v=<null>]
2026-06-03 01:29:44.455 DEBUG content 33971 5c11384e-d64e-4087-8b02-ecf918efa644 Processing reference: TypedVariable[name=onError,it=97,v=<null>]
2026-06-03 01:29:44.455 DEBUG content 33971 5c11384e-d64e-4087-8b02-ecf918efa644 Processing reference: OutboundIntegration.parent
2026-06-03 01:29:44.457 DEBUG content 33971 5c11384e-d64e-4087-8b02-ecf918efa644 Processing reference: com.appiancorp.suiteapi.content.ContentRoleMap@7b24b44b[
  ContentRole[name=readers,inherit=true,allowForAll=false]
  ContentRole[name=authors,inherit=true,allowForAll=false]
  ContentRole[name=administrators,inherit=true,allowForAll=false]
  ContentRole[name=denyReaders,inherit=false,allowForAll=false]
  ContentRole[name=denyAuthors,inherit=false,allowForAll=false]
  ContentRole[name=denyAdministrators,inherit=false,allowForAll=false]
  securityVector=15:SEC_PUBLIC=true,SEC_CREATOR_ADMIN=false,SEC_INH_ADMIN=true,SEC_INH_EDITOR=true,SEC_INH_VIEWER=true,SEC_ALL_ADMIN=false,SEC_ALL_EDITOR=false,SEC_ALL_VIEWER=false
]
2026-06-03 01:29:44.457 DEBUG content 33971 5c11384e-d64e-4087-8b02-ecf918efa644 Processing reference: ContentRole[name=readers,inherit=true,allowForAll=false]
2026-06-03 01:29:44.457 DEBUG content 33971 5c11384e-d64e-4087-8b02-ecf918efa644 Processing reference: ContentRole[name=authors,inherit=true,allowForAll=false]
2026-06-03 01:29:44.457 DEBUG content 33971 5c11384e-d64e-4087-8b02-ecf918efa644 Processing reference: ContentRole[name=administrators,inherit=true,allowForAll=false]
2026-06-03 01:29:44.457 DEBUG content 33971 5c11384e-d64e-4087-8b02-ecf918efa644 Processing reference: ContentRole[name=denyReaders,inherit=false,allowForAll=false]
2026-06-03 01:29:44.457 DEBUG content 33971 5c11384e-d64e-4087-8b02-ecf918efa644 Processing reference: ContentRole[name=denyAuthors,inherit=false,allowForAll=false]
2026-06-03 01:29:44.457 DEBUG content 33971 5c11384e-d64e-4087-8b02-ecf918efa644 Processing reference: ContentRole[name=denyAdministrators,inherit=false,allowForAll=false]
2026-06-03 01:29:44.458 DEBUG content 33971 5c11384e-d64e-4087-8b02-ecf918efa644 Exporting binary resources.
2026-06-03 01:29:44.458 DEBUG content 33971 5c11384e-d64e-4087-8b02-ecf918efa644 Serializing object to XML.
2026-06-03 01:29:44.461 DEBUG content 33971 5c11384e-d64e-4087-8b02-ecf918efa644 Object transported.
2026-06-03 01:29:44.461 DEBUG content 33972 _a-0000ec60-cceb-8000-9ba6-011c48011c48_69559 Begin transport.
2026-06-03 01:29:44.461 DEBUG content 33972 _a-0000ec60-cceb-8000-9ba6-011c48011c48_69559 Retrieving object data.
2026-06-03 01:29:44.469 DEBUG content 33972 _a-0000ec60-cceb-8000-9ba6-011c48011c48_69559 Setting uuids of object references.
2026-06-03 01:29:44.469 DEBUG content 33972 _a-0000ec60-cceb-8000-9ba6-011c48011c48_69559 Processing reference: [Content:id=10811,versionId=-1,name=NCI_OPER_NotificacionCifrasControl,type=32,subtype=5,uuid=_a-0000ec60-cceb-8000-9ba6-011c48011c48_69559,parent=1660]
2026-06-03 01:29:44.481 DEBUG content 33972 _a-0000ec60-cceb-8000-9ba6-011c48011c48_69559 Processing reference: OutboundIntegration.forum
2026-06-03 01:29:44.481 DEBUG content 33972 _a-0000ec60-cceb-8000-9ba6-011c48011c48_69559 Processing reference: OutboundIntegration.integrationOutputsAsTypedValue
2026-06-03 01:29:44.481 DEBUG content 33972 _a-0000ec60-cceb-8000-9ba6-011c48011c48_69559 Processing reference: TypedVariable[name=request,it=252,v=<null>]
2026-06-03 01:29:44.481 DEBUG content 33972 _a-0000ec60-cceb-8000-9ba6-011c48011c48_69559 Processing reference: TypedVariable[name=onSuccess,it=97,v=<null>]
2026-06-03 01:29:44.481 DEBUG content 33972 _a-0000ec60-cceb-8000-9ba6-011c48011c48_69559 Processing reference: TypedVariable[name=onError,it=97,v=<null>]
2026-06-03 01:29:44.481 DEBUG content 33972 _a-0000ec60-cceb-8000-9ba6-011c48011c48_69559 Processing reference: OutboundIntegration.parent
2026-06-03 01:29:44.484 DEBUG content 33972 _a-0000ec60-cceb-8000-9ba6-011c48011c48_69559 Processing reference: com.appiancorp.suiteapi.content.ContentRoleMap@78487f57[
  ContentRole[name=readers,inherit=true,allowForAll=false]
  ContentRole[name=authors,inherit=true,allowForAll=false]
  ContentRole[name=administrators,inherit=true,allowForAll=false]
  ContentRole[name=denyReaders,inherit=false,allowForAll=false]
  ContentRole[name=denyAuthors,inherit=false,allowForAll=false]
  ContentRole[name=denyAdministrators,inherit=false,allowForAll=false]
  securityVector=15:SEC_PUBLIC=true,SEC_CREATOR_ADMIN=false,SEC_INH_ADMIN=true,SEC_INH_EDITOR=true,SEC_INH_VIEWER=true,SEC_ALL_ADMIN=false,SEC_ALL_EDITOR=false,SEC_ALL_VIEWER=false
]
2026-06-03 01:29:44.484 DEBUG content 33972 _a-0000ec60-cceb-8000-9ba6-011c48011c48_69559 Processing reference: ContentRole[name=readers,inherit=true,allowForAll=false]
2026-06-03 01:29:44.484 DEBUG content 33972 _a-0000ec60-cceb-8000-9ba6-011c48011c48_69559 Processing reference: ContentRole[name=authors,inherit=true,allowForAll=false]
2026-06-03 01:29:44.484 DEBUG content 33972 _a-0000ec60-cceb-8000-9ba6-011c48011c48_69559 Processing reference: ContentRole[name=administrators,inherit=true,allowForAll=false]
2026-06-03 01:29:44.484 DEBUG content 33972 _a-0000ec60-cceb-8000-9ba6-011c48011c48_69559 Processing reference: ContentRole[name=denyReaders,inherit=false,allowForAll=false]
2026-06-03 01:29:44.484 DEBUG content 33972 _a-0000ec60-cceb-8000-9ba6-011c48011c48_69559 Processing reference: ContentRole[name=denyAuthors,inherit=false,allowForAll=false]
2026-06-03 01:29:44.484 DEBUG content 33972 _a-0000ec60-cceb-8000-9ba6-011c48011c48_69559 Processing reference: ContentRole[name=denyAdministrators,inherit=false,allowForAll=false]
2026-06-03 01:29:44.485 DEBUG content 33972 _a-0000ec60-cceb-8000-9ba6-011c48011c48_69559 Exporting binary resources.
2026-06-03 01:29:44.485 DEBUG content 33972 _a-0000ec60-cceb-8000-9ba6-011c48011c48_69559 Serializing object to XML.
2026-06-03 01:29:44.488 DEBUG content 33972 _a-0000ec60-cceb-8000-9ba6-011c48011c48_69559 Object transported.
2026-06-03 01:29:44.488 DEBUG content 33973 8188bb1f-e976-4537-a834-b580b2e9cc77 Begin transport.
2026-06-03 01:29:44.488 DEBUG content 33973 8188bb1f-e976-4537-a834-b580b2e9cc77 Retrieving object data.
2026-06-03 01:29:44.496 DEBUG content 33973 8188bb1f-e976-4537-a834-b580b2e9cc77 Setting uuids of object references.
2026-06-03 01:29:44.496 DEBUG content 33973 8188bb1f-e976-4537-a834-b580b2e9cc77 Processing reference: [Content:id=3583,versionId=-1,name=NCI_OPER_MatrizConvivenciaSearch,type=32,subtype=5,uuid=8188bb1f-e976-4537-a834-b580b2e9cc77,parent=1660]
2026-06-03 01:29:44.504 DEBUG content 33973 8188bb1f-e976-4537-a834-b580b2e9cc77 Processing reference: OutboundIntegration.forum
2026-06-03 01:29:44.504 DEBUG content 33973 8188bb1f-e976-4537-a834-b580b2e9cc77 Processing reference: OutboundIntegration.integrationOutputsAsTypedValue
2026-06-03 01:29:44.504 DEBUG content 33973 8188bb1f-e976-4537-a834-b580b2e9cc77 Processing reference: TypedVariable[name=subprocessId,it=3,v=]
2026-06-03 01:29:44.504 DEBUG content 33973 8188bb1f-e976-4537-a834-b580b2e9cc77 Processing reference: TypedVariable[name=page_txt,it=3,v=]
2026-06-03 01:29:44.504 DEBUG content 33973 8188bb1f-e976-4537-a834-b580b2e9cc77 Processing reference: TypedVariable[name=limit_txt,it=3,v=]
2026-06-03 01:29:44.504 DEBUG content 33973 8188bb1f-e976-4537-a834-b580b2e9cc77 Processing reference: OutboundIntegration.parent
2026-06-03 01:29:44.507 DEBUG content 33973 8188bb1f-e976-4537-a834-b580b2e9cc77 Processing reference: com.appiancorp.suiteapi.content.ContentRoleMap@5c942af9[
  ContentRole[name=readers,inherit=true,allowForAll=false]
  ContentRole[name=authors,inherit=true,allowForAll=false]
  ContentRole[name=administrators,inherit=true,allowForAll=false]
  ContentRole[name=denyReaders,inherit=false,allowForAll=false]
  ContentRole[name=denyAuthors,inherit=false,allowForAll=false]
  ContentRole[name=denyAdministrators,inherit=false,allowForAll=false]
  securityVector=15:SEC_PUBLIC=true,SEC_CREATOR_ADMIN=false,SEC_INH_ADMIN=true,SEC_INH_EDITOR=true,SEC_INH_VIEWER=true,SEC_ALL_ADMIN=false,SEC_ALL_EDITOR=false,SEC_ALL_VIEWER=false
]
2026-06-03 01:29:44.507 DEBUG content 33973 8188bb1f-e976-4537-a834-b580b2e9cc77 Processing reference: ContentRole[name=readers,inherit=true,allowForAll=false]
2026-06-03 01:29:44.507 DEBUG content 33973 8188bb1f-e976-4537-a834-b580b2e9cc77 Processing reference: ContentRole[name=authors,inherit=true,allowForAll=false]
2026-06-03 01:29:44.507 DEBUG content 33973 8188bb1f-e976-4537-a834-b580b2e9cc77 Processing reference: ContentRole[name=administrators,inherit=true,allowForAll=false]
2026-06-03 01:29:44.507 DEBUG content 33973 8188bb1f-e976-4537-a834-b580b2e9cc77 Processing reference: ContentRole[name=denyReaders,inherit=false,allowForAll=false]
2026-06-03 01:29:44.507 DEBUG content 33973 8188bb1f-e976-4537-a834-b580b2e9cc77 Processing reference: ContentRole[name=denyAuthors,inherit=false,allowForAll=false]
2026-06-03 01:29:44.507 DEBUG content 33973 8188bb1f-e976-4537-a834-b580b2e9cc77 Processing reference: ContentRole[name=denyAdministrators,inherit=false,allowForAll=false]
2026-06-03 01:29:44.507 DEBUG content 33973 8188bb1f-e976-4537-a834-b580b2e9cc77 Exporting binary resources.
2026-06-03 01:29:44.507 DEBUG content 33973 8188bb1f-e976-4537-a834-b580b2e9cc77 Serializing object to XML.
2026-06-03 01:29:44.51 DEBUG content 33973 8188bb1f-e976-4537-a834-b580b2e9cc77 Object transported.
2026-06-03 01:29:44.51 DEBUG content 33974 bc0e3fd9-6c31-4474-ac2a-444fc4a51aa4 Begin transport.
2026-06-03 01:29:44.51 DEBUG content 33974 bc0e3fd9-6c31-4474-ac2a-444fc4a51aa4 Retrieving object data.
2026-06-03 01:29:44.518 DEBUG content 33974 bc0e3fd9-6c31-4474-ac2a-444fc4a51aa4 Setting uuids of object references.
2026-06-03 01:29:44.518 DEBUG content 33974 bc0e3fd9-6c31-4474-ac2a-444fc4a51aa4 Processing reference: [Content:id=5987,versionId=-1,name=NCI_OPER_IS017ConsultaComentarios,type=32,subtype=5,uuid=bc0e3fd9-6c31-4474-ac2a-444fc4a51aa4,parent=1660]
2026-06-03 01:29:44.526 DEBUG content 33974 bc0e3fd9-6c31-4474-ac2a-444fc4a51aa4 Processing reference: OutboundIntegration.forum
2026-06-03 01:29:44.526 DEBUG content 33974 bc0e3fd9-6c31-4474-ac2a-444fc4a51aa4 Processing reference: OutboundIntegration.integrationOutputsAsTypedValue
2026-06-03 01:29:44.526 DEBUG content 33974 bc0e3fd9-6c31-4474-ac2a-444fc4a51aa4 Processing reference: TypedVariable[name=data_map,it=252,v=<null>]
2026-06-03 01:29:44.526 DEBUG content 33974 bc0e3fd9-6c31-4474-ac2a-444fc4a51aa4 Processing reference: OutboundIntegration.parent
2026-06-03 01:29:44.528 DEBUG content 33974 bc0e3fd9-6c31-4474-ac2a-444fc4a51aa4 Processing reference: com.appiancorp.suiteapi.content.ContentRoleMap@62f3e7f0[
  ContentRole[name=readers,inherit=true,allowForAll=false]
  ContentRole[name=authors,inherit=true,allowForAll=false]
  ContentRole[name=administrators,inherit=true,allowForAll=false]
  ContentRole[name=denyReaders,inherit=false,allowForAll=false]
  ContentRole[name=denyAuthors,inherit=false,allowForAll=false]
  ContentRole[name=denyAdministrators,inherit=false,allowForAll=false]
  securityVector=15:SEC_PUBLIC=true,SEC_CREATOR_ADMIN=false,SEC_INH_ADMIN=true,SEC_INH_EDITOR=true,SEC_INH_VIEWER=true,SEC_ALL_ADMIN=false,SEC_ALL_EDITOR=false,SEC_ALL_VIEWER=false
]
2026-06-03 01:29:44.528 DEBUG content 33974 bc0e3fd9-6c31-4474-ac2a-444fc4a51aa4 Processing reference: ContentRole[name=readers,inherit=true,allowForAll=false]
2026-06-03 01:29:44.528 DEBUG content 33974 bc0e3fd9-6c31-4474-ac2a-444fc4a51aa4 Processing reference: ContentRole[name=authors,inherit=true,allowForAll=false]
2026-06-03 01:29:44.528 DEBUG content 33974 bc0e3fd9-6c31-4474-ac2a-444fc4a51aa4 Processing reference: ContentRole[name=administrators,inherit=true,allowForAll=false]
2026-06-03 01:29:44.528 DEBUG content 33974 bc0e3fd9-6c31-4474-ac2a-444fc4a51aa4 Processing reference: ContentRole[name=denyReaders,inherit=false,allowForAll=false]
2026-06-03 01:29:44.528 DEBUG content 33974 bc0e3fd9-6c31-4474-ac2a-444fc4a51aa4 Processing reference: ContentRole[name=denyAuthors,inherit=false,allowForAll=false]
2026-06-03 01:29:44.528 DEBUG content 33974 bc0e3fd9-6c31-4474-ac2a-444fc4a51aa4 Processing reference: ContentRole[name=denyAdministrators,inherit=false,allowForAll=false]
2026-06-03 01:29:44.529 DEBUG content 33974 bc0e3fd9-6c31-4474-ac2a-444fc4a51aa4 Exporting binary resources.
2026-06-03 01:29:44.529 DEBUG content 33974 bc0e3fd9-6c31-4474-ac2a-444fc4a51aa4 Serializing object to XML.
2026-06-03 01:29:44.531 DEBUG content 33974 bc0e3fd9-6c31-4474-ac2a-444fc4a51aa4 Object transported.
2026-06-03 01:29:44.531 DEBUG content 33975 db503266-b521-47be-a768-4eb81980fcfc Begin transport.
2026-06-03 01:29:44.531 DEBUG content 33975 db503266-b521-47be-a768-4eb81980fcfc Retrieving object data.
2026-06-03 01:29:44.539 DEBUG content 33975 db503266-b521-47be-a768-4eb81980fcfc Setting uuids of object references.
2026-06-03 01:29:44.539 DEBUG content 33975 db503266-b521-47be-a768-4eb81980fcfc Processing reference: [Content:id=5986,versionId=-1,name=NCI_OPER_IS016_GuardaComentarios,type=32,subtype=5,uuid=db503266-b521-47be-a768-4eb81980fcfc,parent=1660]
2026-06-03 01:29:44.554 DEBUG content 33975 db503266-b521-47be-a768-4eb81980fcfc Processing reference: OutboundIntegration.forum
2026-06-03 01:29:44.554 DEBUG content 33975 db503266-b521-47be-a768-4eb81980fcfc Processing reference: OutboundIntegration.integrationOutputsAsTypedValue
2026-06-03 01:29:44.554 DEBUG content 33975 db503266-b521-47be-a768-4eb81980fcfc Processing reference: TypedVariable[name=body_map,it=252,v=<null>]
2026-06-03 01:29:44.554 DEBUG content 33975 db503266-b521-47be-a768-4eb81980fcfc Processing reference: TypedVariable[name=onSuccess,it=97,v=<null>]
2026-06-03 01:29:44.554 DEBUG content 33975 db503266-b521-47be-a768-4eb81980fcfc Processing reference: TypedVariable[name=onError,it=97,v=<null>]
2026-06-03 01:29:44.554 DEBUG content 33975 db503266-b521-47be-a768-4eb81980fcfc Processing reference: OutboundIntegration.parent
2026-06-03 01:29:44.557 DEBUG content 33975 db503266-b521-47be-a768-4eb81980fcfc Processing reference: com.appiancorp.suiteapi.content.ContentRoleMap@ccf720f[
  ContentRole[name=readers,inherit=true,allowForAll=false]
  ContentRole[name=authors,inherit=true,allowForAll=false]
  ContentRole[name=administrators,inherit=true,allowForAll=false]
  ContentRole[name=denyReaders,inherit=false,allowForAll=false]
  ContentRole[name=denyAuthors,inherit=false,allowForAll=false]
  ContentRole[name=denyAdministrators,inherit=false,allowForAll=false]
  securityVector=15:SEC_PUBLIC=true,SEC_CREATOR_ADMIN=false,SEC_INH_ADMIN=true,SEC_INH_EDITOR=true,SEC_INH_VIEWER=true,SEC_ALL_ADMIN=false,SEC_ALL_EDITOR=false,SEC_ALL_VIEWER=false
]
2026-06-03 01:29:44.557 DEBUG content 33975 db503266-b521-47be-a768-4eb81980fcfc Processing reference: ContentRole[name=readers,inherit=true,allowForAll=false]
2026-06-03 01:29:44.557 DEBUG content 33975 db503266-b521-47be-a768-4eb81980fcfc Processing reference: ContentRole[name=authors,inherit=true,allowForAll=false]
2026-06-03 01:29:44.557 DEBUG content 33975 db503266-b521-47be-a768-4eb81980fcfc Processing reference: ContentRole[name=administrators,inherit=true,allowForAll=false]
2026-06-03 01:29:44.557 DEBUG content 33975 db503266-b521-47be-a768-4eb81980fcfc Processing reference: ContentRole[name=denyReaders,inherit=false,allowForAll=false]
2026-06-03 01:29:44.557 DEBUG content 33975 db503266-b521-47be-a768-4eb81980fcfc Processing reference: ContentRole[name=denyAuthors,inherit=false,allowForAll=false]
2026-06-03 01:29:44.557 DEBUG content 33975 db503266-b521-47be-a768-4eb81980fcfc Processing reference: ContentRole[name=denyAdministrators,inherit=false,allowForAll=false]
2026-06-03 01:29:44.558 DEBUG content 33975 db503266-b521-47be-a768-4eb81980fcfc Exporting binary resources.
2026-06-03 01:29:44.558 DEBUG content 33975 db503266-b521-47be-a768-4eb81980fcfc Serializing object to XML.
2026-06-03 01:29:44.561 DEBUG content 33975 db503266-b521-47be-a768-4eb81980fcfc Object transported.
2026-06-03 01:29:44.561 DEBUG content 33976 aec3bc4a-47b7-42dc-859d-5e4353da8a97 Begin transport.
2026-06-03 01:29:44.561 DEBUG content 33976 aec3bc4a-47b7-42dc-859d-5e4353da8a97 Retrieving object data.
2026-06-03 01:29:44.569 DEBUG content 33976 aec3bc4a-47b7-42dc-859d-5e4353da8a97 Setting uuids of object references.
2026-06-03 01:29:44.569 DEBUG content 33976 aec3bc4a-47b7-42dc-859d-5e4353da8a97 Processing reference: [Content:id=4198,versionId=-1,name=NCI_OPER_IntegrationValorAccion,type=32,subtype=5,uuid=aec3bc4a-47b7-42dc-859d-5e4353da8a97,parent=1660]
2026-06-03 01:29:44.576 DEBUG content 33976 aec3bc4a-47b7-42dc-859d-5e4353da8a97 Processing reference: OutboundIntegration.forum
2026-06-03 01:29:44.577 DEBUG content 33976 aec3bc4a-47b7-42dc-859d-5e4353da8a97 Processing reference: OutboundIntegration.integrationOutputsAsTypedValue
2026-06-03 01:29:44.577 DEBUG content 33976 aec3bc4a-47b7-42dc-859d-5e4353da8a97 Processing reference: TypedVariable[name=regimeId,it=1,v=<null>]
2026-06-03 01:29:44.577 DEBUG content 33976 aec3bc4a-47b7-42dc-859d-5e4353da8a97 Processing reference: TypedVariable[name=date,it=3,v=]
2026-06-03 01:29:44.577 DEBUG content 33976 aec3bc4a-47b7-42dc-859d-5e4353da8a97 Processing reference: OutboundIntegration.parent
2026-06-03 01:29:44.579 DEBUG content 33976 aec3bc4a-47b7-42dc-859d-5e4353da8a97 Processing reference: com.appiancorp.suiteapi.content.ContentRoleMap@68e15425[
  ContentRole[name=readers,inherit=true,allowForAll=false]
  ContentRole[name=authors,inherit=true,allowForAll=false]
  ContentRole[name=administrators,inherit=true,allowForAll=false]
  ContentRole[name=denyReaders,inherit=false,allowForAll=false]
  ContentRole[name=denyAuthors,inherit=false,allowForAll=false]
  ContentRole[name=denyAdministrators,inherit=false,allowForAll=false]
  securityVector=15:SEC_PUBLIC=true,SEC_CREATOR_ADMIN=false,SEC_INH_ADMIN=true,SEC_INH_EDITOR=true,SEC_INH_VIEWER=true,SEC_ALL_ADMIN=false,SEC_ALL_EDITOR=false,SEC_ALL_VIEWER=false
]
2026-06-03 01:29:44.579 DEBUG content 33976 aec3bc4a-47b7-42dc-859d-5e4353da8a97 Processing reference: ContentRole[name=readers,inherit=true,allowForAll=false]
2026-06-03 01:29:44.579 DEBUG content 33976 aec3bc4a-47b7-42dc-859d-5e4353da8a97 Processing reference: ContentRole[name=authors,inherit=true,allowForAll=false]
2026-06-03 01:29:44.579 DEBUG content 33976 aec3bc4a-47b7-42dc-859d-5e4353da8a97 Processing reference: ContentRole[name=administrators,inherit=true,allowForAll=false]
2026-06-03 01:29:44.579 DEBUG content 33976 aec3bc4a-47b7-42dc-859d-5e4353da8a97 Processing reference: ContentRole[name=denyReaders,inherit=false,allowForAll=false]
2026-06-03 01:29:44.579 DEBUG content 33976 aec3bc4a-47b7-42dc-859d-5e4353da8a97 Processing reference: ContentRole[name=denyAuthors,inherit=false,allowForAll=false]
2026-06-03 01:29:44.579 DEBUG content 33976 aec3bc4a-47b7-42dc-859d-5e4353da8a97 Processing reference: ContentRole[name=denyAdministrators,inherit=false,allowForAll=false]
2026-06-03 01:29:44.58 DEBUG content 33976 aec3bc4a-47b7-42dc-859d-5e4353da8a97 Exporting binary resources.
2026-06-03 01:29:44.58 DEBUG content 33976 aec3bc4a-47b7-42dc-859d-5e4353da8a97 Serializing object to XML.
2026-06-03 01:29:44.583 DEBUG content 33976 aec3bc4a-47b7-42dc-859d-5e4353da8a97 Object transported.
2026-06-03 01:29:44.583 DEBUG content 33977 fbb2da29-7966-47c8-8f4f-65c54e7362f5 Begin transport.
2026-06-03 01:29:44.583 DEBUG content 33977 fbb2da29-7966-47c8-8f4f-65c54e7362f5 Retrieving object data.
2026-06-03 01:29:44.591 DEBUG content 33977 fbb2da29-7966-47c8-8f4f-65c54e7362f5 Setting uuids of object references.
2026-06-03 01:29:44.591 DEBUG content 33977 fbb2da29-7966-47c8-8f4f-65c54e7362f5 Processing reference: [Content:id=10755,versionId=-1,name=NCI_OPER_HistorialDetallesIClientes,type=32,subtype=5,uuid=fbb2da29-7966-47c8-8f4f-65c54e7362f5,parent=1660]
2026-06-03 01:29:44.598 DEBUG content 33977 fbb2da29-7966-47c8-8f4f-65c54e7362f5 Processing reference: OutboundIntegration.forum
2026-06-03 01:29:44.598 DEBUG content 33977 fbb2da29-7966-47c8-8f4f-65c54e7362f5 Processing reference: OutboundIntegration.integrationOutputsAsTypedValue
2026-06-03 01:29:44.598 DEBUG content 33977 fbb2da29-7966-47c8-8f4f-65c54e7362f5 Processing reference: TypedVariable[name=individualAccountNumber,it=3,v=]
2026-06-03 01:29:44.599 DEBUG content 33977 fbb2da29-7966-47c8-8f4f-65c54e7362f5 Processing reference: TypedVariable[name=configIndicatorId,it=3,v=]
2026-06-03 01:29:44.599 DEBUG content 33977 fbb2da29-7966-47c8-8f4f-65c54e7362f5 Processing reference: TypedVariable[name=pageNumber,it=3,v=]
2026-06-03 01:29:44.599 DEBUG content 33977 fbb2da29-7966-47c8-8f4f-65c54e7362f5 Processing reference: TypedVariable[name=registersByPage,it=3,v=]
2026-06-03 01:29:44.599 DEBUG content 33977 fbb2da29-7966-47c8-8f4f-65c54e7362f5 Processing reference: OutboundIntegration.parent
2026-06-03 01:29:44.601 DEBUG content 33977 fbb2da29-7966-47c8-8f4f-65c54e7362f5 Processing reference: com.appiancorp.suiteapi.content.ContentRoleMap@29596782[
  ContentRole[name=readers,inherit=true,allowForAll=false]
  ContentRole[name=authors,inherit=true,allowForAll=false]
  ContentRole[name=administrators,inherit=true,allowForAll=false]
  ContentRole[name=denyReaders,inherit=false,allowForAll=false]
  ContentRole[name=denyAuthors,inherit=false,allowForAll=false]
  ContentRole[name=denyAdministrators,inherit=false,allowForAll=false]
  securityVector=15:SEC_PUBLIC=true,SEC_CREATOR_ADMIN=false,SEC_INH_ADMIN=true,SEC_INH_EDITOR=true,SEC_INH_VIEWER=true,SEC_ALL_ADMIN=false,SEC_ALL_EDITOR=false,SEC_ALL_VIEWER=false
]
2026-06-03 01:29:44.601 DEBUG content 33977 fbb2da29-7966-47c8-8f4f-65c54e7362f5 Processing reference: ContentRole[name=readers,inherit=true,allowForAll=false]
2026-06-03 01:29:44.601 DEBUG content 33977 fbb2da29-7966-47c8-8f4f-65c54e7362f5 Processing reference: ContentRole[name=authors,inherit=true,allowForAll=false]
2026-06-03 01:29:44.601 DEBUG content 33977 fbb2da29-7966-47c8-8f4f-65c54e7362f5 Processing reference: ContentRole[name=administrators,inherit=true,allowForAll=false]
2026-06-03 01:29:44.601 DEBUG content 33977 fbb2da29-7966-47c8-8f4f-65c54e7362f5 Processing reference: ContentRole[name=denyReaders,inherit=false,allowForAll=false]
2026-06-03 01:29:44.601 DEBUG content 33977 fbb2da29-7966-47c8-8f4f-65c54e7362f5 Processing reference: ContentRole[name=denyAuthors,inherit=false,allowForAll=false]
2026-06-03 01:29:44.601 DEBUG content 33977 fbb2da29-7966-47c8-8f4f-65c54e7362f5 Processing reference: ContentRole[name=denyAdministrators,inherit=false,allowForAll=false]
2026-06-03 01:29:44.602 DEBUG content 33977 fbb2da29-7966-47c8-8f4f-65c54e7362f5 Exporting binary resources.
2026-06-03 01:29:44.602 DEBUG content 33977 fbb2da29-7966-47c8-8f4f-65c54e7362f5 Serializing object to XML.
2026-06-03 01:29:44.607 DEBUG content 33977 fbb2da29-7966-47c8-8f4f-65c54e7362f5 Object transported.
2026-06-03 01:29:44.607 DEBUG content 33978 28a00c9e-3f53-4558-a16e-48ceff3c9378 Begin transport.
2026-06-03 01:29:44.607 DEBUG content 33978 28a00c9e-3f53-4558-a16e-48ceff3c9378 Retrieving object data.
2026-06-03 01:29:44.616 DEBUG content 33978 28a00c9e-3f53-4558-a16e-48ceff3c9378 Setting uuids of object references.
2026-06-03 01:29:44.616 DEBUG content 33978 28a00c9e-3f53-4558-a16e-48ceff3c9378 Processing reference: [Content:id=3828,versionId=-1,name=NCI_OPER_HistorialIndicadoresPorCliente,type=32,subtype=5,uuid=28a00c9e-3f53-4558-a16e-48ceff3c9378,parent=1660]
2026-06-03 01:29:44.625 DEBUG content 33978 28a00c9e-3f53-4558-a16e-48ceff3c9378 Processing reference: OutboundIntegration.forum
2026-06-03 01:29:44.626 DEBUG content 33978 28a00c9e-3f53-4558-a16e-48ceff3c9378 Processing reference: OutboundIntegration.integrationOutputsAsTypedValue
2026-06-03 01:29:44.626 DEBUG content 33978 28a00c9e-3f53-4558-a16e-48ceff3c9378 Processing reference: TypedVariable[name=accountNumber_txt,it=3,v=]
2026-06-03 01:29:44.626 DEBUG content 33978 28a00c9e-3f53-4558-a16e-48ceff3c9378 Processing reference: TypedVariable[name=configId_txt,it=3,v=]
2026-06-03 01:29:44.626 DEBUG content 33978 28a00c9e-3f53-4558-a16e-48ceff3c9378 Processing reference: TypedVariable[name=page_txt,it=3,v=]
2026-06-03 01:29:44.626 DEBUG content 33978 28a00c9e-3f53-4558-a16e-48ceff3c9378 Processing reference: TypedVariable[name=limit_txt,it=3,v=]
2026-06-03 01:29:44.626 DEBUG content 33978 28a00c9e-3f53-4558-a16e-48ceff3c9378 Processing reference: OutboundIntegration.parent
2026-06-03 01:29:44.629 DEBUG content 33978 28a00c9e-3f53-4558-a16e-48ceff3c9378 Processing reference: com.appiancorp.suiteapi.content.ContentRoleMap@68b48dc7[
  ContentRole[name=readers,inherit=true,allowForAll=false]
  ContentRole[name=authors,inherit=true,allowForAll=false]
  ContentRole[name=administrators,inherit=true,allowForAll=false]
  ContentRole[name=denyReaders,inherit=false,allowForAll=false]
  ContentRole[name=denyAuthors,inherit=false,allowForAll=false]
  ContentRole[name=denyAdministrators,inherit=false,allowForAll=false]
  securityVector=15:SEC_PUBLIC=true,SEC_CREATOR_ADMIN=false,SEC_INH_ADMIN=true,SEC_INH_EDITOR=true,SEC_INH_VIEWER=true,SEC_ALL_ADMIN=false,SEC_ALL_EDITOR=false,SEC_ALL_VIEWER=false
]
2026-06-03 01:29:44.629 DEBUG content 33978 28a00c9e-3f53-4558-a16e-48ceff3c9378 Processing reference: ContentRole[name=readers,inherit=true,allowForAll=false]
2026-06-03 01:29:44.629 DEBUG content 33978 28a00c9e-3f53-4558-a16e-48ceff3c9378 Processing reference: ContentRole[name=authors,inherit=true,allowForAll=false]
2026-06-03 01:29:44.629 DEBUG content 33978 28a00c9e-3f53-4558-a16e-48ceff3c9378 Processing reference: ContentRole[name=administrators,inherit=true,allowForAll=false]
2026-06-03 01:29:44.629 DEBUG content 33978 28a00c9e-3f53-4558-a16e-48ceff3c9378 Processing reference: ContentRole[name=denyReaders,inherit=false,allowForAll=false]
2026-06-03 01:29:44.629 DEBUG content 33978 28a00c9e-3f53-4558-a16e-48ceff3c9378 Processing reference: ContentRole[name=denyAuthors,inherit=false,allowForAll=false]
2026-06-03 01:29:44.629 DEBUG content 33978 28a00c9e-3f53-4558-a16e-48ceff3c9378 Processing reference: ContentRole[name=denyAdministrators,inherit=false,allowForAll=false]
2026-06-03 01:29:44.63 DEBUG content 33978 28a00c9e-3f53-4558-a16e-48ceff3c9378 Exporting binary resources.
2026-06-03 01:29:44.63 DEBUG content 33978 28a00c9e-3f53-4558-a16e-48ceff3c9378 Serializing object to XML.
2026-06-03 01:29:44.634 DEBUG content 33978 28a00c9e-3f53-4558-a16e-48ceff3c9378 Object transported.
2026-06-03 01:29:44.634 DEBUG content 33979 ad73b6b2-f6e6-45ed-8871-2a3feab949c9 Begin transport.
2026-06-03 01:29:44.634 DEBUG content 33979 ad73b6b2-f6e6-45ed-8871-2a3feab949c9 Retrieving object data.
2026-06-03 01:29:44.643 DEBUG content 33979 ad73b6b2-f6e6-45ed-8871-2a3feab949c9 Setting uuids of object references.
2026-06-03 01:29:44.643 DEBUG content 33979 ad73b6b2-f6e6-45ed-8871-2a3feab949c9 Processing reference: [Content:id=3726,versionId=-1,name=NCI_OPER_GuardarBitacora,type=32,subtype=5,uuid=ad73b6b2-f6e6-45ed-8871-2a3feab949c9,parent=1660]
2026-06-03 01:29:44.65 DEBUG content 33979 ad73b6b2-f6e6-45ed-8871-2a3feab949c9 Processing reference: OutboundIntegration.forum
2026-06-03 01:29:44.651 DEBUG content 33979 ad73b6b2-f6e6-45ed-8871-2a3feab949c9 Processing reference: OutboundIntegration.integrationOutputsAsTypedValue
2026-06-03 01:29:44.651 DEBUG content 33979 ad73b6b2-f6e6-45ed-8871-2a3feab949c9 Processing reference: TypedVariable[name=data,it=4724,v=<null>]
2026-06-03 01:29:44.651 DEBUG content 33979 ad73b6b2-f6e6-45ed-8871-2a3feab949c9 Processing reference: TypedVariable[name=onSuccess,it=97,v=<null>]
2026-06-03 01:29:44.651 DEBUG content 33979 ad73b6b2-f6e6-45ed-8871-2a3feab949c9 Processing reference: TypedVariable[name=onError,it=97,v=<null>]
2026-06-03 01:29:44.651 DEBUG content 33979 ad73b6b2-f6e6-45ed-8871-2a3feab949c9 Processing reference: OutboundIntegration.parent
2026-06-03 01:29:44.653 DEBUG content 33979 ad73b6b2-f6e6-45ed-8871-2a3feab949c9 Processing reference: com.appiancorp.suiteapi.content.ContentRoleMap@62fed376[
  ContentRole[name=readers,inherit=true,allowForAll=false]
  ContentRole[name=authors,inherit=true,allowForAll=false]
  ContentRole[name=administrators,inherit=true,allowForAll=false]
  ContentRole[name=denyReaders,inherit=false,allowForAll=false]
  ContentRole[name=denyAuthors,inherit=false,allowForAll=false]
  ContentRole[name=denyAdministrators,inherit=false,allowForAll=false]
  securityVector=15:SEC_PUBLIC=true,SEC_CREATOR_ADMIN=false,SEC_INH_ADMIN=true,SEC_INH_EDITOR=true,SEC_INH_VIEWER=true,SEC_ALL_ADMIN=false,SEC_ALL_EDITOR=false,SEC_ALL_VIEWER=false
]
2026-06-03 01:29:44.653 DEBUG content 33979 ad73b6b2-f6e6-45ed-8871-2a3feab949c9 Processing reference: ContentRole[name=readers,inherit=true,allowForAll=false]
2026-06-03 01:29:44.653 DEBUG content 33979 ad73b6b2-f6e6-45ed-8871-2a3feab949c9 Processing reference: ContentRole[name=authors,inherit=true,allowForAll=false]
2026-06-03 01:29:44.653 DEBUG content 33979 ad73b6b2-f6e6-45ed-8871-2a3feab949c9 Processing reference: ContentRole[name=administrators,inherit=true,allowForAll=false]
2026-06-03 01:29:44.653 DEBUG content 33979 ad73b6b2-f6e6-45ed-8871-2a3feab949c9 Processing reference: ContentRole[name=denyReaders,inherit=false,allowForAll=false]
2026-06-03 01:29:44.653 DEBUG content 33979 ad73b6b2-f6e6-45ed-8871-2a3feab949c9 Processing reference: ContentRole[name=denyAuthors,inherit=false,allowForAll=false]
2026-06-03 01:29:44.653 DEBUG content 33979 ad73b6b2-f6e6-45ed-8871-2a3feab949c9 Processing reference: ContentRole[name=denyAdministrators,inherit=false,allowForAll=false]
2026-06-03 01:29:44.654 DEBUG content 33979 ad73b6b2-f6e6-45ed-8871-2a3feab949c9 Exporting binary resources.
2026-06-03 01:29:44.654 DEBUG content 33979 ad73b6b2-f6e6-45ed-8871-2a3feab949c9 Serializing object to XML.
2026-06-03 01:29:44.657 DEBUG content 33979 ad73b6b2-f6e6-45ed-8871-2a3feab949c9 Object transported.
2026-06-03 01:29:44.657 DEBUG content 33980 82cb14e4-2ff0-4a65-b1d2-0af5a50fbd7c Begin transport.
2026-06-03 01:29:44.657 DEBUG content 33980 82cb14e4-2ff0-4a65-b1d2-0af5a50fbd7c Retrieving object data.
2026-06-03 01:29:44.664 DEBUG content 33980 82cb14e4-2ff0-4a65-b1d2-0af5a50fbd7c Setting uuids of object references.
2026-06-03 01:29:44.664 DEBUG content 33980 82cb14e4-2ff0-4a65-b1d2-0af5a50fbd7c Processing reference: [Content:id=2424,versionId=-1,name=NCI_OPER_FolioSave,type=32,subtype=5,uuid=82cb14e4-2ff0-4a65-b1d2-0af5a50fbd7c,parent=1660]
2026-06-03 01:29:44.672 DEBUG content 33980 82cb14e4-2ff0-4a65-b1d2-0af5a50fbd7c Processing reference: OutboundIntegration.forum
2026-06-03 01:29:44.672 DEBUG content 33980 82cb14e4-2ff0-4a65-b1d2-0af5a50fbd7c Processing reference: OutboundIntegration.integrationOutputsAsTypedValue
2026-06-03 01:29:44.672 DEBUG content 33980 82cb14e4-2ff0-4a65-b1d2-0af5a50fbd7c Processing reference: TypedVariable[name=body_map,it=252,v=<null>]
2026-06-03 01:29:44.673 DEBUG content 33980 82cb14e4-2ff0-4a65-b1d2-0af5a50fbd7c Processing reference: TypedVariable[name=onSuccess,it=97,v=<null>]
2026-06-03 01:29:44.673 DEBUG content 33980 82cb14e4-2ff0-4a65-b1d2-0af5a50fbd7c Processing reference: TypedVariable[name=onError,it=97,v=<null>]
2026-06-03 01:29:44.673 DEBUG content 33980 82cb14e4-2ff0-4a65-b1d2-0af5a50fbd7c Processing reference: OutboundIntegration.parent
2026-06-03 01:29:44.675 DEBUG content 33980 82cb14e4-2ff0-4a65-b1d2-0af5a50fbd7c Processing reference: com.appiancorp.suiteapi.content.ContentRoleMap@2c90bfbe[
  ContentRole[name=readers,inherit=true,allowForAll=false]
  ContentRole[name=authors,inherit=true,allowForAll=false]
  ContentRole[name=administrators,inherit=true,allowForAll=false]
  ContentRole[name=denyReaders,inherit=false,allowForAll=false]
  ContentRole[name=denyAuthors,inherit=false,allowForAll=false]
  ContentRole[name=denyAdministrators,inherit=false,allowForAll=false]
  securityVector=15:SEC_PUBLIC=true,SEC_CREATOR_ADMIN=false,SEC_INH_ADMIN=true,SEC_INH_EDITOR=true,SEC_INH_VIEWER=true,SEC_ALL_ADMIN=false,SEC_ALL_EDITOR=false,SEC_ALL_VIEWER=false
]
2026-06-03 01:29:44.675 DEBUG content 33980 82cb14e4-2ff0-4a65-b1d2-0af5a50fbd7c Processing reference: ContentRole[name=readers,inherit=true,allowForAll=false]
2026-06-03 01:29:44.675 DEBUG content 33980 82cb14e4-2ff0-4a65-b1d2-0af5a50fbd7c Processing reference: ContentRole[name=authors,inherit=true,allowForAll=false]
2026-06-03 01:29:44.675 DEBUG content 33980 82cb14e4-2ff0-4a65-b1d2-0af5a50fbd7c Processing reference: ContentRole[name=administrators,inherit=true,allowForAll=false]
2026-06-03 01:29:44.675 DEBUG content 33980 82cb14e4-2ff0-4a65-b1d2-0af5a50fbd7c Processing reference: ContentRole[name=denyReaders,inherit=false,allowForAll=false]
2026-06-03 01:29:44.675 DEBUG content 33980 82cb14e4-2ff0-4a65-b1d2-0af5a50fbd7c Processing reference: ContentRole[name=denyAuthors,inherit=false,allowForAll=false]
2026-06-03 01:29:44.675 DEBUG content 33980 82cb14e4-2ff0-4a65-b1d2-0af5a50fbd7c Processing reference: ContentRole[name=denyAdministrators,inherit=false,allowForAll=false]
2026-06-03 01:29:44.675 DEBUG content 33980 82cb14e4-2ff0-4a65-b1d2-0af5a50fbd7c Exporting binary resources.
2026-06-03 01:29:44.675 DEBUG content 33980 82cb14e4-2ff0-4a65-b1d2-0af5a50fbd7c Serializing object to XML.
2026-06-03 01:29:44.678 DEBUG content 33980 82cb14e4-2ff0-4a65-b1d2-0af5a50fbd7c Object transported.
2026-06-03 01:29:44.678 DEBUG content 33981 f534844e-45ec-4ef5-b8eb-b7ecf5b6d78f Begin transport.
2026-06-03 01:29:44.678 DEBUG content 33981 f534844e-45ec-4ef5-b8eb-b7ecf5b6d78f Retrieving object data.
2026-06-03 01:29:44.687 DEBUG content 33981 f534844e-45ec-4ef5-b8eb-b7ecf5b6d78f Setting uuids of object references.
2026-06-03 01:29:44.687 DEBUG content 33981 f534844e-45ec-4ef5-b8eb-b7ecf5b6d78f Processing reference: [Content:id=5800,versionId=-1,name=NCI_OPER_getValorAccion,type=32,subtype=5,uuid=f534844e-45ec-4ef5-b8eb-b7ecf5b6d78f,parent=1660]
2026-06-03 01:29:44.696 DEBUG content 33981 f534844e-45ec-4ef5-b8eb-b7ecf5b6d78f Processing reference: OutboundIntegration.forum
2026-06-03 01:29:44.696 DEBUG content 33981 f534844e-45ec-4ef5-b8eb-b7ecf5b6d78f Processing reference: OutboundIntegration.integrationOutputsAsTypedValue
2026-06-03 01:29:44.696 DEBUG content 33981 f534844e-45ec-4ef5-b8eb-b7ecf5b6d78f Processing reference: TypedVariable[name=shareValueDate,it=3,v=]
2026-06-03 01:29:44.696 DEBUG content 33981 f534844e-45ec-4ef5-b8eb-b7ecf5b6d78f Processing reference: TypedVariable[name=regimeId,it=1,v=<null>]
2026-06-03 01:29:44.696 DEBUG content 33981 f534844e-45ec-4ef5-b8eb-b7ecf5b6d78f Processing reference: OutboundIntegration.parent
2026-06-03 01:29:44.699 DEBUG content 33981 f534844e-45ec-4ef5-b8eb-b7ecf5b6d78f Processing reference: com.appiancorp.suiteapi.content.ContentRoleMap@878c74f[
  ContentRole[name=readers,inherit=true,allowForAll=false]
  ContentRole[name=authors,inherit=true,allowForAll=false]
  ContentRole[name=administrators,inherit=true,allowForAll=false]
  ContentRole[name=denyReaders,inherit=false,allowForAll=false]
  ContentRole[name=denyAuthors,inherit=false,allowForAll=false]
  ContentRole[name=denyAdministrators,inherit=false,allowForAll=false]
  securityVector=15:SEC_PUBLIC=true,SEC_CREATOR_ADMIN=false,SEC_INH_ADMIN=true,SEC_INH_EDITOR=true,SEC_INH_VIEWER=true,SEC_ALL_ADMIN=false,SEC_ALL_EDITOR=false,SEC_ALL_VIEWER=false
]
2026-06-03 01:29:44.699 DEBUG content 33981 f534844e-45ec-4ef5-b8eb-b7ecf5b6d78f Processing reference: ContentRole[name=readers,inherit=true,allowForAll=false]
2026-06-03 01:29:44.699 DEBUG content 33981 f534844e-45ec-4ef5-b8eb-b7ecf5b6d78f Processing reference: ContentRole[name=authors,inherit=true,allowForAll=false]
2026-06-03 01:29:44.699 DEBUG content 33981 f534844e-45ec-4ef5-b8eb-b7ecf5b6d78f Processing reference: ContentRole[name=administrators,inherit=true,allowForAll=false]
2026-06-03 01:29:44.699 DEBUG content 33981 f534844e-45ec-4ef5-b8eb-b7ecf5b6d78f Processing reference: ContentRole[name=denyReaders,inherit=false,allowForAll=false]
2026-06-03 01:29:44.699 DEBUG content 33981 f534844e-45ec-4ef5-b8eb-b7ecf5b6d78f Processing reference: ContentRole[name=denyAuthors,inherit=false,allowForAll=false]
2026-06-03 01:29:44.699 DEBUG content 33981 f534844e-45ec-4ef5-b8eb-b7ecf5b6d78f Processing reference: ContentRole[name=denyAdministrators,inherit=false,allowForAll=false]
2026-06-03 01:29:44.7 DEBUG content 33981 f534844e-45ec-4ef5-b8eb-b7ecf5b6d78f Exporting binary resources.
2026-06-03 01:29:44.7 DEBUG content 33981 f534844e-45ec-4ef5-b8eb-b7ecf5b6d78f Serializing object to XML.
2026-06-03 01:29:44.703 DEBUG content 33981 f534844e-45ec-4ef5-b8eb-b7ecf5b6d78f Object transported.
2026-06-03 01:29:44.703 DEBUG content 33982 fac892ac-e520-4254-894c-f841fa2bd289 Begin transport.
2026-06-03 01:29:44.703 DEBUG content 33982 fac892ac-e520-4254-894c-f841fa2bd289 Retrieving object data.
2026-06-03 01:29:44.711 DEBUG content 33982 fac892ac-e520-4254-894c-f841fa2bd289 Setting uuids of object references.
2026-06-03 01:29:44.711 DEBUG content 33982 fac892ac-e520-4254-894c-f841fa2bd289 Processing reference: [Content:id=10748,versionId=-1,name=NCI_OPER_getTotalCtasDesmarcadas,type=32,subtype=5,uuid=fac892ac-e520-4254-894c-f841fa2bd289,parent=1660]
2026-06-03 01:29:44.72 DEBUG content 33982 fac892ac-e520-4254-894c-f841fa2bd289 Processing reference: OutboundIntegration.forum
2026-06-03 01:29:44.72 DEBUG content 33982 fac892ac-e520-4254-894c-f841fa2bd289 Processing reference: OutboundIntegration.integrationOutputsAsTypedValue
2026-06-03 01:29:44.72 DEBUG content 33982 fac892ac-e520-4254-894c-f841fa2bd289 Processing reference: TypedVariable[name=folioNumber,it=3,v=]
2026-06-03 01:29:44.72 DEBUG content 33982 fac892ac-e520-4254-894c-f841fa2bd289 Processing reference: OutboundIntegration.parent
2026-06-03 01:29:44.722 DEBUG content 33982 fac892ac-e520-4254-894c-f841fa2bd289 Processing reference: com.appiancorp.suiteapi.content.ContentRoleMap@7591a9c5[
  ContentRole[name=readers,inherit=true,allowForAll=false]
  ContentRole[name=authors,inherit=true,allowForAll=false]
  ContentRole[name=administrators,inherit=true,allowForAll=false]
  ContentRole[name=denyReaders,inherit=false,allowForAll=false]
  ContentRole[name=denyAuthors,inherit=false,allowForAll=false]
  ContentRole[name=denyAdministrators,inherit=false,allowForAll=false]
  securityVector=15:SEC_PUBLIC=true,SEC_CREATOR_ADMIN=false,SEC_INH_ADMIN=true,SEC_INH_EDITOR=true,SEC_INH_VIEWER=true,SEC_ALL_ADMIN=false,SEC_ALL_EDITOR=false,SEC_ALL_VIEWER=false
]
2026-06-03 01:29:44.722 DEBUG content 33982 fac892ac-e520-4254-894c-f841fa2bd289 Processing reference: ContentRole[name=readers,inherit=true,allowForAll=false]
2026-06-03 01:29:44.722 DEBUG content 33982 fac892ac-e520-4254-894c-f841fa2bd289 Processing reference: ContentRole[name=authors,inherit=true,allowForAll=false]
2026-06-03 01:29:44.722 DEBUG content 33982 fac892ac-e520-4254-894c-f841fa2bd289 Processing reference: ContentRole[name=administrators,inherit=true,allowForAll=false]
2026-06-03 01:29:44.722 DEBUG content 33982 fac892ac-e520-4254-894c-f841fa2bd289 Processing reference: ContentRole[name=denyReaders,inherit=false,allowForAll=false]
2026-06-03 01:29:44.722 DEBUG content 33982 fac892ac-e520-4254-894c-f841fa2bd289 Processing reference: ContentRole[name=denyAuthors,inherit=false,allowForAll=false]
2026-06-03 01:29:44.723 DEBUG content 33982 fac892ac-e520-4254-894c-f841fa2bd289 Processing reference: ContentRole[name=denyAdministrators,inherit=false,allowForAll=false]
2026-06-03 01:29:44.723 DEBUG content 33982 fac892ac-e520-4254-894c-f841fa2bd289 Exporting binary resources.
2026-06-03 01:29:44.723 DEBUG content 33982 fac892ac-e520-4254-894c-f841fa2bd289 Serializing object to XML.
2026-06-03 01:29:44.726 DEBUG content 33982 fac892ac-e520-4254-894c-f841fa2bd289 Object transported.
2026-06-03 01:29:44.726 DEBUG content 33983 3d0eb4c1-9725-4444-a34c-c859607cf6cd Begin transport.
2026-06-03 01:29:44.726 DEBUG content 33983 3d0eb4c1-9725-4444-a34c-c859607cf6cd Retrieving object data.
2026-06-03 01:29:44.734 DEBUG content 33983 3d0eb4c1-9725-4444-a34c-c859607cf6cd Setting uuids of object references.
2026-06-03 01:29:44.734 DEBUG content 33983 3d0eb4c1-9725-4444-a34c-c859607cf6cd Processing reference: [Content:id=1678,versionId=-1,name=NCI_OPER_FoliosProcessTracking,type=32,subtype=5,uuid=3d0eb4c1-9725-4444-a34c-c859607cf6cd,parent=1660]
2026-06-03 01:29:44.741 DEBUG content 33983 3d0eb4c1-9725-4444-a34c-c859607cf6cd Processing reference: OutboundIntegration.forum
2026-06-03 01:29:44.742 DEBUG content 33983 3d0eb4c1-9725-4444-a34c-c859607cf6cd Processing reference: OutboundIntegration.integrationOutputsAsTypedValue
2026-06-03 01:29:44.742 DEBUG content 33983 3d0eb4c1-9725-4444-a34c-c859607cf6cd Processing reference: TypedVariable[name=folioNumber_txt,it=3,v=]
2026-06-03 01:29:44.742 DEBUG content 33983 3d0eb4c1-9725-4444-a34c-c859607cf6cd Processing reference: OutboundIntegration.parent
2026-06-03 01:29:44.744 DEBUG content 33983 3d0eb4c1-9725-4444-a34c-c859607cf6cd Processing reference: com.appiancorp.suiteapi.content.ContentRoleMap@6cb498b1[
  ContentRole[name=readers,inherit=true,allowForAll=false]
  ContentRole[name=authors,inherit=true,allowForAll=false]
  ContentRole[name=administrators,inherit=true,allowForAll=false]
  ContentRole[name=denyReaders,inherit=false,allowForAll=false]
  ContentRole[name=denyAuthors,inherit=false,allowForAll=false]
  ContentRole[name=denyAdministrators,inherit=false,allowForAll=false]
  securityVector=15:SEC_PUBLIC=true,SEC_CREATOR_ADMIN=false,SEC_INH_ADMIN=true,SEC_INH_EDITOR=true,SEC_INH_VIEWER=true,SEC_ALL_ADMIN=false,SEC_ALL_EDITOR=false,SEC_ALL_VIEWER=false
]
2026-06-03 01:29:44.744 DEBUG content 33983 3d0eb4c1-9725-4444-a34c-c859607cf6cd Processing reference: ContentRole[name=readers,inherit=true,allowForAll=false]
2026-06-03 01:29:44.744 DEBUG content 33983 3d0eb4c1-9725-4444-a34c-c859607cf6cd Processing reference: ContentRole[name=authors,inherit=true,allowForAll=false]
2026-06-03 01:29:44.744 DEBUG content 33983 3d0eb4c1-9725-4444-a34c-c859607cf6cd Processing reference: ContentRole[name=administrators,inherit=true,allowForAll=false]
2026-06-03 01:29:44.744 DEBUG content 33983 3d0eb4c1-9725-4444-a34c-c859607cf6cd Processing reference: ContentRole[name=denyReaders,inherit=false,allowForAll=false]
2026-06-03 01:29:44.744 DEBUG content 33983 3d0eb4c1-9725-4444-a34c-c859607cf6cd Processing reference: ContentRole[name=denyAuthors,inherit=false,allowForAll=false]
2026-06-03 01:29:44.744 DEBUG content 33983 3d0eb4c1-9725-4444-a34c-c859607cf6cd Processing reference: ContentRole[name=denyAdministrators,inherit=false,allowForAll=false]
2026-06-03 01:29:44.745 DEBUG content 33983 3d0eb4c1-9725-4444-a34c-c859607cf6cd Exporting binary resources.
2026-06-03 01:29:44.745 DEBUG content 33983 3d0eb4c1-9725-4444-a34c-c859607cf6cd Serializing object to XML.
2026-06-03 01:29:44.748 DEBUG content 33983 3d0eb4c1-9725-4444-a34c-c859607cf6cd Object transported.
2026-06-03 01:29:44.748 DEBUG content 33984 18138778-194b-47e2-9899-da623fbbf353 Begin transport.
2026-06-03 01:29:44.748 DEBUG content 33984 18138778-194b-47e2-9899-da623fbbf353 Retrieving object data.
2026-06-03 01:29:44.755 DEBUG content 33984 18138778-194b-47e2-9899-da623fbbf353 Setting uuids of object references.
2026-06-03 01:29:44.755 DEBUG content 33984 18138778-194b-47e2-9899-da623fbbf353 Processing reference: [Content:id=5343,versionId=-1,name=NCI_OPER_getListIndicators,type=32,subtype=5,uuid=18138778-194b-47e2-9899-da623fbbf353,parent=1660]
2026-06-03 01:29:44.762 DEBUG content 33984 18138778-194b-47e2-9899-da623fbbf353 Processing reference: OutboundIntegration.forum
2026-06-03 01:29:44.762 DEBUG content 33984 18138778-194b-47e2-9899-da623fbbf353 Processing reference: OutboundIntegration.integrationOutputsAsTypedValue
2026-06-03 01:29:44.763 DEBUG content 33984 18138778-194b-47e2-9899-da623fbbf353 Processing reference: TypedVariable[name=numeroCuentaIndividual,it=3,v=]
2026-06-03 01:29:44.763 DEBUG content 33984 18138778-194b-47e2-9899-da623fbbf353 Processing reference: TypedVariable[name=pageNumber,it=1,v=<null>]
2026-06-03 01:29:44.763 DEBUG content 33984 18138778-194b-47e2-9899-da623fbbf353 Processing reference: TypedVariable[name=registersByPage,it=1,v=<null>]
2026-06-03 01:29:44.763 DEBUG content 33984 18138778-194b-47e2-9899-da623fbbf353 Processing reference: OutboundIntegration.parent
2026-06-03 01:29:44.765 DEBUG content 33984 18138778-194b-47e2-9899-da623fbbf353 Processing reference: com.appiancorp.suiteapi.content.ContentRoleMap@7c9350d0[
  ContentRole[name=readers,inherit=true,allowForAll=false]
  ContentRole[name=authors,inherit=true,allowForAll=false]
  ContentRole[name=administrators,inherit=true,allowForAll=false]
  ContentRole[name=denyReaders,inherit=false,allowForAll=false]
  ContentRole[name=denyAuthors,inherit=false,allowForAll=false]
  ContentRole[name=denyAdministrators,inherit=false,allowForAll=false]
  securityVector=15:SEC_PUBLIC=true,SEC_CREATOR_ADMIN=false,SEC_INH_ADMIN=true,SEC_INH_EDITOR=true,SEC_INH_VIEWER=true,SEC_ALL_ADMIN=false,SEC_ALL_EDITOR=false,SEC_ALL_VIEWER=false
]
2026-06-03 01:29:44.765 DEBUG content 33984 18138778-194b-47e2-9899-da623fbbf353 Processing reference: ContentRole[name=readers,inherit=true,allowForAll=false]
2026-06-03 01:29:44.765 DEBUG content 33984 18138778-194b-47e2-9899-da623fbbf353 Processing reference: ContentRole[name=authors,inherit=true,allowForAll=false]
2026-06-03 01:29:44.765 DEBUG content 33984 18138778-194b-47e2-9899-da623fbbf353 Processing reference: ContentRole[name=administrators,inherit=true,allowForAll=false]
2026-06-03 01:29:44.765 DEBUG content 33984 18138778-194b-47e2-9899-da623fbbf353 Processing reference: ContentRole[name=denyReaders,inherit=false,allowForAll=false]
2026-06-03 01:29:44.765 DEBUG content 33984 18138778-194b-47e2-9899-da623fbbf353 Processing reference: ContentRole[name=denyAuthors,inherit=false,allowForAll=false]
2026-06-03 01:29:44.765 DEBUG content 33984 18138778-194b-47e2-9899-da623fbbf353 Processing reference: ContentRole[name=denyAdministrators,inherit=false,allowForAll=false]
2026-06-03 01:29:44.766 DEBUG content 33984 18138778-194b-47e2-9899-da623fbbf353 Exporting binary resources.
2026-06-03 01:29:44.766 DEBUG content 33984 18138778-194b-47e2-9899-da623fbbf353 Serializing object to XML.
2026-06-03 01:29:44.769 DEBUG content 33984 18138778-194b-47e2-9899-da623fbbf353 Object transported.
2026-06-03 01:29:44.769 DEBUG content 33985 84efaf7b-1c9a-4718-83ff-1798d6b284b5 Begin transport.
2026-06-03 01:29:44.769 DEBUG content 33985 84efaf7b-1c9a-4718-83ff-1798d6b284b5 Retrieving object data.
2026-06-03 01:29:44.776 DEBUG content 33985 84efaf7b-1c9a-4718-83ff-1798d6b284b5 Setting uuids of object references.
2026-06-03 01:29:44.777 DEBUG content 33985 84efaf7b-1c9a-4718-83ff-1798d6b284b5 Processing reference: [Content:id=3148,versionId=-1,name=NCI_OPER_BitacoraPorProcesoGetHistorial,type=32,subtype=5,uuid=84efaf7b-1c9a-4718-83ff-1798d6b284b5,parent=1660]
2026-06-03 01:29:44.784 DEBUG content 33985 84efaf7b-1c9a-4718-83ff-1798d6b284b5 Processing reference: OutboundIntegration.forum
2026-06-03 01:29:44.784 DEBUG content 33985 84efaf7b-1c9a-4718-83ff-1798d6b284b5 Processing reference: OutboundIntegration.integrationOutputsAsTypedValue
2026-06-03 01:29:44.784 DEBUG content 33985 84efaf7b-1c9a-4718-83ff-1798d6b284b5 Processing reference: TypedVariable[name=accountId,it=3,v=]
2026-06-03 01:29:44.784 DEBUG content 33985 84efaf7b-1c9a-4718-83ff-1798d6b284b5 Processing reference: TypedVariable[name=page,it=3,v=]
2026-06-03 01:29:44.784 DEBUG content 33985 84efaf7b-1c9a-4718-83ff-1798d6b284b5 Processing reference: TypedVariable[name=limit,it=3,v=]
2026-06-03 01:29:44.784 DEBUG content 33985 84efaf7b-1c9a-4718-83ff-1798d6b284b5 Processing reference: OutboundIntegration.parent
2026-06-03 01:29:44.786 DEBUG content 33985 84efaf7b-1c9a-4718-83ff-1798d6b284b5 Processing reference: com.appiancorp.suiteapi.content.ContentRoleMap@690be761[
  ContentRole[name=readers,inherit=true,allowForAll=false]
  ContentRole[name=authors,inherit=true,allowForAll=false]
  ContentRole[name=administrators,inherit=true,allowForAll=false]
  ContentRole[name=denyReaders,inherit=false,allowForAll=false]
  ContentRole[name=denyAuthors,inherit=false,allowForAll=false]
  ContentRole[name=denyAdministrators,inherit=false,allowForAll=false]
  securityVector=15:SEC_PUBLIC=true,SEC_CREATOR_ADMIN=false,SEC_INH_ADMIN=true,SEC_INH_EDITOR=true,SEC_INH_VIEWER=true,SEC_ALL_ADMIN=false,SEC_ALL_EDITOR=false,SEC_ALL_VIEWER=false
]
2026-06-03 01:29:44.786 DEBUG content 33985 84efaf7b-1c9a-4718-83ff-1798d6b284b5 Processing reference: ContentRole[name=readers,inherit=true,allowForAll=false]
2026-06-03 01:29:44.786 DEBUG content 33985 84efaf7b-1c9a-4718-83ff-1798d6b284b5 Processing reference: ContentRole[name=authors,inherit=true,allowForAll=false]
2026-06-03 01:29:44.786 DEBUG content 33985 84efaf7b-1c9a-4718-83ff-1798d6b284b5 Processing reference: ContentRole[name=administrators,inherit=true,allowForAll=false]
2026-06-03 01:29:44.786 DEBUG content 33985 84efaf7b-1c9a-4718-83ff-1798d6b284b5 Processing reference: ContentRole[name=denyReaders,inherit=false,allowForAll=false]
2026-06-03 01:29:44.786 DEBUG content 33985 84efaf7b-1c9a-4718-83ff-1798d6b284b5 Processing reference: ContentRole[name=denyAuthors,inherit=false,allowForAll=false]
2026-06-03 01:29:44.786 DEBUG content 33985 84efaf7b-1c9a-4718-83ff-1798d6b284b5 Processing reference: ContentRole[name=denyAdministrators,inherit=false,allowForAll=false]
2026-06-03 01:29:44.787 DEBUG content 33985 84efaf7b-1c9a-4718-83ff-1798d6b284b5 Exporting binary resources.
2026-06-03 01:29:44.787 DEBUG content 33985 84efaf7b-1c9a-4718-83ff-1798d6b284b5 Serializing object to XML.
2026-06-03 01:29:44.79 DEBUG content 33985 84efaf7b-1c9a-4718-83ff-1798d6b284b5 Object transported.
2026-06-03 01:29:44.79 DEBUG content 33986 9149013e-1289-45ba-ad04-8e91bd07e21b Begin transport.
2026-06-03 01:29:44.79 DEBUG content 33986 9149013e-1289-45ba-ad04-8e91bd07e21b Retrieving object data.
2026-06-03 01:29:44.797 DEBUG content 33986 9149013e-1289-45ba-ad04-8e91bd07e21b Setting uuids of object references.
2026-06-03 01:29:44.797 DEBUG content 33986 9149013e-1289-45ba-ad04-8e91bd07e21b Processing reference: [Content:id=9212,versionId=-1,name=NCI_OPER_getBitacora,type=32,subtype=5,uuid=9149013e-1289-45ba-ad04-8e91bd07e21b,parent=1660]
2026-06-03 01:29:44.803 DEBUG content 33986 9149013e-1289-45ba-ad04-8e91bd07e21b Processing reference: OutboundIntegration.forum
2026-06-03 01:29:44.803 DEBUG content 33986 9149013e-1289-45ba-ad04-8e91bd07e21b Processing reference: OutboundIntegration.integrationOutputsAsTypedValue
2026-06-03 01:29:44.803 DEBUG content 33986 9149013e-1289-45ba-ad04-8e91bd07e21b Processing reference: TypedVariable[name=request,it=252,v=<null>]
2026-06-03 01:29:44.803 DEBUG content 33986 9149013e-1289-45ba-ad04-8e91bd07e21b Processing reference: OutboundIntegration.parent
2026-06-03 01:29:44.805 DEBUG content 33986 9149013e-1289-45ba-ad04-8e91bd07e21b Processing reference: com.appiancorp.suiteapi.content.ContentRoleMap@3c700474[
  ContentRole[name=readers,inherit=true,allowForAll=false]
  ContentRole[name=authors,inherit=true,allowForAll=false]
  ContentRole[name=administrators,inherit=true,allowForAll=false]
  ContentRole[name=denyReaders,inherit=false,allowForAll=false]
  ContentRole[name=denyAuthors,inherit=false,allowForAll=false]
  ContentRole[name=denyAdministrators,inherit=false,allowForAll=false]
  securityVector=15:SEC_PUBLIC=true,SEC_CREATOR_ADMIN=false,SEC_INH_ADMIN=true,SEC_INH_EDITOR=true,SEC_INH_VIEWER=true,SEC_ALL_ADMIN=false,SEC_ALL_EDITOR=false,SEC_ALL_VIEWER=false
]
2026-06-03 01:29:44.805 DEBUG content 33986 9149013e-1289-45ba-ad04-8e91bd07e21b Processing reference: ContentRole[name=readers,inherit=true,allowForAll=false]
2026-06-03 01:29:44.805 DEBUG content 33986 9149013e-1289-45ba-ad04-8e91bd07e21b Processing reference: ContentRole[name=authors,inherit=true,allowForAll=false]
2026-06-03 01:29:44.805 DEBUG content 33986 9149013e-1289-45ba-ad04-8e91bd07e21b Processing reference: ContentRole[name=administrators,inherit=true,allowForAll=false]
2026-06-03 01:29:44.805 DEBUG content 33986 9149013e-1289-45ba-ad04-8e91bd07e21b Processing reference: ContentRole[name=denyReaders,inherit=false,allowForAll=false]
2026-06-03 01:29:44.805 DEBUG content 33986 9149013e-1289-45ba-ad04-8e91bd07e21b Processing reference: ContentRole[name=denyAuthors,inherit=false,allowForAll=false]
2026-06-03 01:29:44.806 DEBUG content 33986 9149013e-1289-45ba-ad04-8e91bd07e21b Processing reference: ContentRole[name=denyAdministrators,inherit=false,allowForAll=false]
2026-06-03 01:29:44.806 DEBUG content 33986 9149013e-1289-45ba-ad04-8e91bd07e21b Exporting binary resources.
2026-06-03 01:29:44.806 DEBUG content 33986 9149013e-1289-45ba-ad04-8e91bd07e21b Serializing object to XML.
2026-06-03 01:29:44.809 DEBUG content 33986 9149013e-1289-45ba-ad04-8e91bd07e21b Object transported.
2026-06-03 01:29:44.809 DEBUG content 34519 _a-0000ee60-29e2-8000-9bb3-011c48011c48_352888 Begin transport.
2026-06-03 01:29:44.809 DEBUG content 34519 _a-0000ee60-29e2-8000-9bb3-011c48011c48_352888 Retrieving object data.
2026-06-03 01:29:44.817 DEBUG content 34519 _a-0000ee60-29e2-8000-9bb3-011c48011c48_352888 Setting uuids of object references.
2026-06-03 01:29:44.817 DEBUG content 34519 _a-0000ee60-29e2-8000-9bb3-011c48011c48_352888 Processing reference: [Content:id=20638,versionId=-1,name=NTP_FolioUpdateInstancia,type=32,subtype=5,uuid=_a-0000ee60-29e2-8000-9bb3-011c48011c48_352888,parent=26173]
2026-06-03 01:29:44.828 DEBUG content 34519 _a-0000ee60-29e2-8000-9bb3-011c48011c48_352888 Processing reference: OutboundIntegration.forum
2026-06-03 01:29:44.829 DEBUG content 34519 _a-0000ee60-29e2-8000-9bb3-011c48011c48_352888 Processing reference: OutboundIntegration.integrationOutputsAsTypedValue
2026-06-03 01:29:44.829 DEBUG content 34519 _a-0000ee60-29e2-8000-9bb3-011c48011c48_352888 Processing reference: TypedVariable[name=jsonRequest_map,it=252,v=<null>]
2026-06-03 01:29:44.829 DEBUG content 34519 _a-0000ee60-29e2-8000-9bb3-011c48011c48_352888 Processing reference: TypedVariable[name=onSuccess,it=97,v=<null>]
2026-06-03 01:29:44.829 DEBUG content 34519 _a-0000ee60-29e2-8000-9bb3-011c48011c48_352888 Processing reference: TypedVariable[name=onError,it=97,v=<null>]
2026-06-03 01:29:44.829 DEBUG content 34519 _a-0000ee60-29e2-8000-9bb3-011c48011c48_352888 Processing reference: OutboundIntegration.parent
2026-06-03 01:29:44.831 DEBUG content 34519 _a-0000ee60-29e2-8000-9bb3-011c48011c48_352888 Processing reference: com.appiancorp.suiteapi.content.ContentRoleMap@178d1324[
  ContentRole[name=readers,inherit=true,allowForAll=false]
  ContentRole[name=authors,inherit=true,allowForAll=false]
  ContentRole[name=administrators,inherit=true,allowForAll=false]
  ContentRole[name=denyReaders,inherit=false,allowForAll=false]
  ContentRole[name=denyAuthors,inherit=false,allowForAll=false]
  ContentRole[name=denyAdministrators,inherit=false,allowForAll=false]
  securityVector=15:SEC_PUBLIC=true,SEC_CREATOR_ADMIN=false,SEC_INH_ADMIN=true,SEC_INH_EDITOR=true,SEC_INH_VIEWER=true,SEC_ALL_ADMIN=false,SEC_ALL_EDITOR=false,SEC_ALL_VIEWER=false
]
2026-06-03 01:29:44.831 DEBUG content 34519 _a-0000ee60-29e2-8000-9bb3-011c48011c48_352888 Processing reference: ContentRole[name=readers,inherit=true,allowForAll=false]
2026-06-03 01:29:44.831 DEBUG content 34519 _a-0000ee60-29e2-8000-9bb3-011c48011c48_352888 Processing reference: ContentRole[name=authors,inherit=true,allowForAll=false]
2026-06-03 01:29:44.831 DEBUG content 34519 _a-0000ee60-29e2-8000-9bb3-011c48011c48_352888 Processing reference: ContentRole[name=administrators,inherit=true,allowForAll=false]
2026-06-03 01:29:44.831 DEBUG content 34519 _a-0000ee60-29e2-8000-9bb3-011c48011c48_352888 Processing reference: ContentRole[name=denyReaders,inherit=false,allowForAll=false]
2026-06-03 01:29:44.831 DEBUG content 34519 _a-0000ee60-29e2-8000-9bb3-011c48011c48_352888 Processing reference: ContentRole[name=denyAuthors,inherit=false,allowForAll=false]
2026-06-03 01:29:44.831 DEBUG content 34519 _a-0000ee60-29e2-8000-9bb3-011c48011c48_352888 Processing reference: ContentRole[name=denyAdministrators,inherit=false,allowForAll=false]
2026-06-03 01:29:44.832 DEBUG content 34519 _a-0000ee60-29e2-8000-9bb3-011c48011c48_352888 Exporting binary resources.
2026-06-03 01:29:44.832 DEBUG content 34519 _a-0000ee60-29e2-8000-9bb3-011c48011c48_352888 Serializing object to XML.
2026-06-03 01:29:44.835 DEBUG content 34519 _a-0000ee60-29e2-8000-9bb3-011c48011c48_352888 Object transported.
